customer_id,age,gender,tenure_months,monthly_bill,total_bill,contract_type,payment_method,internet_plan,support_calls,complaints,usage_hours,last_login_days,data_usage_gb,num_devices,discount_percent,late_payments,satisfaction_score,region,plan_upgrade_count,paperless_billing,favorite_theme,retention_offer_status,churn
C0001,62,Male,5,767.0,3452.0,Annual,Credit Card,Fiber,0,0,137.0,14,258,1,10,0,8,East,1,Yes,Light,Not Offered,0
C0002,41,Female,22,616.0,11513.0,Monthly,Credit Card,None,4,2,126.0,2,220,4,15,0,4,North,1,Yes,Light,Rejected,1
C0003,48,Male,34,637.0,19509.0,Monthly,Credit Card,Fiber,3,1,112.0,1,201,1,10,1,6,North,1,No,Dark,Not Offered,0
C0004,41,Female,22,750.0,12366.0,Annual,NetBanking,Fiber,1,0,143.0,8,250,2,25,0,10,East,0,No,System,Not Offered,0
C0005,36,Female,29,683.0,17839.0,Two Year,NetBanking,Fiber,2,1,108.0,7,212,4,10,0,8,North,3,Yes,System,Not Offered,0
C0006,35,Female,72,545.0,33368.0,Annual,NetBanking,DSL,0,0,116.0,0,215,3,15,1,10,West,2,No,System,Not Offered,0
C0007,36,Female,23,445.0,10241.0,Monthly,UPI,DSL,2,1,57.0,8,139,2,0,0,6,West,0,Yes,Light,Rejected,1
C0008,28,Female,15,743.0,10586.0,Two Year,NetBanking,Fiber,2,1,96.0,2,196,3,5,0,8,North,0,Yes,System,Not Offered,0
C0009,71,Male,23,720.0,16575.0,Monthly,UPI,Fiber,0,0,166.0,3,268,5,0,0,8,South,0,No,System,Not Offered,0
C0010,58,Male,40,707.0,24062.0,Monthly,NetBanking,Fiber,3,2,105.0,1,183,2,15,1,5,West,0,Yes,System,Accepted,1
C0011,34,Male,33,535.0,14100.0,Two Year,Credit Card,Fiber,1,0,113.0,0,220,2,20,0,10,East,2,Yes,Dark,Not Offered,0
C0012,18,Male,13,717.0,7428.0,Annual,Credit Card,DSL,3,1,42.0,2,97,2,15,0,7,South,0,No,Light,Not Offered,0
C0013,42,Female,23,1020.0,21132.0,Annual,UPI,Fiber,0,0,101.0,4,173,5,10,0,10,West,0,Yes,Light,Accepted,0
C0014,51,Male,16,763.0,12187.0,Annual,Debit Card,Fiber,3,0,89.0,9,185,4,0,1,8,North,0,Yes,Light,Not Offered,0
C0015,63,Male,51,614.0,29746.0,Monthly,Credit Card,Fiber,2,1,112.0,14,215,3,5,0,6,West,1,No,Light,Not Offered,0
C0016,29,Female,19,950.0,16265.0,Annual,UPI,Fiber,1,1,147.0,6,242,2,10,2,7,East,2,No,System,Not Offered,0
C0017,48,Female,24,694.0,15967.0,Monthly,Credit Card,Fiber,2,1,90.0,4,164,3,0,0,6,South,0,Yes,System,Not Offered,0
C0018,51,Female,27,912.0,23383.0,Monthly,UPI,Fiber,0,0,57.0,4,128,3,5,1,8,North,2,Yes,Dark,Not Offered,0
C0019,28,Male,15,654.0,8364.0,Annual,Credit Card,DSL,2,1,59.0,5,81,1,15,1,7,East,1,Yes,System,Not Offered,0
C0020,22,Male,46,546.0,25129.0,Monthly,UPI,Fiber,1,1,137.0,1,244,2,0,0,7,North,1,Yes,System,Not Offered,0
C0021,38,Male,43,894.0,34573.0,Annual,Credit Card,Fiber,8,2,77.0,30,152,2,10,0,3,South,2,No,Dark,Rejected,1
C0022,42,Female,21,579.0,9091.0,Monthly,UPI,Fiber,3,1,77.0,1,169,3,25,3,6,North,0,Yes,Light,Rejected,1
C0023,20,Male,30,626.0,15025.0,Monthly,NetBanking,Fiber,3,2,96.0,12,201,4,20,0,4,East,0,Yes,System,Rejected,1
C0024,30,Female,20,990.0,16826.0,Monthly,NetBanking,Fiber,3,1,113.0,5,232,2,15,1,6,West,1,No,Light,Not Offered,0
C0025,44,Male,25,689.0,16365.0,Two Year,Credit Card,Fiber,0,0,113.0,5,224,1,5,0,10,West,1,Yes,Dark,Not Offered,0
C0026,30,Female,23,918.0,21130.0,Annual,Credit Card,DSL,0,0,150.0,1,263,4,0,1,10,South,0,No,Dark,Not Offered,0
C0027,61,Male,24,631.0,9675.0,Monthly,Debit Card,Fiber,2,1,108.0,0,196,3,15,0,6,West,1,Yes,System,Not Offered,0
C0028,28,Male,7,647.0,4064.0,Annual,Credit Card,Fiber,3,2,229.0,0,392,2,10,0,4,East,0,Yes,System,Not Offered,0
C0029,46,Female,36,751.0,27039.0,Monthly,Credit Card,Fiber,1,0,145.0,11,269,2,0,0,8,North,0,No,Dark,Not Offered,0
C0030,32,Male,13,717.0,9865.0,Annual,Credit Card,Fiber,2,0,101.0,1,181,3,5,0,9,North,0,Yes,System,Not Offered,0
C0031,56,Female,31,815.0,25299.0,Monthly,UPI,DSL,3,2,85.0,2,151,3,0,1,4,West,1,No,Light,Rejected,1
C0032,29,Male,27,611.0,16481.0,Annual,Credit Card,DSL,0,0,114.0,7,180,3,0,0,10,South,0,No,System,Not Offered,0
C0033,36,Male,23,717.0,17628.0,Two Year,Credit Card,DSL,3,0,84.0,15,162,4,0,0,8,North,1,No,Dark,Not Offered,0
C0034,34,Female,18,613.0,11068.0,Two Year,UPI,DSL,1,0,116.0,9,201,2,0,0,10,South,0,No,System,Not Offered,0
C0035,40,Female,35,808.0,26855.0,Two Year,NetBanking,DSL,0,0,71.0,2,147,1,5,3,10,North,1,No,Light,Not Offered,0
C0036,37,Male,29,482.0,11891.0,Monthly,NetBanking,Fiber,4,1,86.0,3,183,4,15,0,6,East,0,Yes,Dark,Not Offered,0
C0037,28,Male,32,636.0,18303.0,Annual,Credit Card,Fiber,0,0,114.0,7,215,3,10,0,9,North,0,No,Light,Not Offered,0
C0038,41,Female,22,780.0,17194.0,Monthly,UPI,DSL,4,1,107.0,3,192,1,0,1,5,North,1,Yes,System,Rejected,1
C0039,38,Male,34,730.0,18578.0,Monthly,UPI,Fiber,1,2,114.0,12,204,4,25,0,4,North,1,Yes,Light,Rejected,1
C0040,36,Female,12,756.0,8603.0,Two Year,UPI,Fiber,0,0,20.0,4,53,3,5,1,10,West,1,No,System,Not Offered,0
C0041,36,Male,8,845.0,6415.0,Monthly,UPI,Fiber,1,3,133.0,20,245,3,5,0,1,North,0,No,Light,Accepted,1
C0042,45,Female,21,359.0,7514.0,Two Year,Credit Card,Fiber,2,1,101.0,0,182,3,0,1,8,North,0,Yes,System,Not Offered,0
C0043,29,Male,53,445.0,21223.0,Monthly,NetBanking,Fiber,1,1,114.0,11,225,4,10,0,8,North,0,No,System,Not Offered,0
C0044,30,Male,8,717.0,5345.0,Monthly,Debit Card,Fiber,4,3,91.0,18,180,1,5,1,1,North,0,Yes,Light,Rejected,1
C0045,29,Female,8,572.0,4098.0,Monthly,UPI,DSL,2,1,163.0,2,310,4,10,0,5,East,1,No,Light,Rejected,1
C0046,53,Female,38,772.0,29295.0,Monthly,NetBanking,DSL,1,0,135.0,24,233,2,0,1,8,West,0,Yes,Dark,Not Offered,0
C0047,31,Male,15,814.0,12203.0,Annual,UPI,DSL,1,1,184.0,8,328,1,0,0,7,East,2,No,Dark,Not Offered,0
C0048,44,Female,34,868.0,28038.0,Annual,UPI,Fiber,1,0,153.0,3,264,5,5,0,9,North,2,Yes,System,Not Offered,0
C0049,28,Male,24,632.0,13637.0,Annual,UPI,Fiber,0,0,139.0,0,259,4,10,0,9,North,0,No,Dark,Not Offered,0
C0050,51,Female,42,694.0,29108.0,Annual,Credit Card,DSL,2,1,130.0,13,234,3,0,0,8,North,0,Yes,Light,Not Offered,0
C0051,36,Male,43,732.0,31479.0,Annual,Debit Card,Fiber,1,0,105.0,1,171,3,0,1,9,West,0,No,System,Not Offered,0
C0052,54,Male,30,517.0,14738.0,Annual,Credit Card,Fiber,0,0,74.0,7,127,1,5,0,10,West,0,No,Light,Not Offered,0
C0053,38,Male,7,618.0,3864.0,Annual,Debit Card,Fiber,7,1,142.0,6,234,3,10,0,4,East,0,Yes,System,Accepted,1
C0054,37,Male,8,1015.0,6083.0,Annual,UPI,DSL,1,0,174.0,11,324,3,25,0,8,East,1,Yes,System,Not Offered,0
C0055,71,Female,27,564.0,14457.0,Monthly,UPI,Fiber,2,1,132.0,6,254,3,5,2,5,East,1,Yes,System,Rejected,1
C0056,32,Female,23,661.0,12174.0,Monthly,UPI,Fiber,2,1,125.0,4,258,2,20,1,6,South,0,Yes,System,Not Offered,0
C0057,30,Male,16,876.0,11198.0,Monthly,UPI,DSL,2,1,103.0,0,227,3,20,0,7,North,0,Yes,Light,Not Offered,0
C0058,48,Female,24,718.0,39480.0,Annual,Credit Card,Fiber,2,0,138.0,0,250,1,0,0,9,West,0,Yes,Dark,Not Offered,0
C0059,60,Male,48,1011.0,46067.0,Annual,Credit Card,DSL,0,0,108.0,21,191,4,5,0,10,South,0,No,Dark,Not Offered,0
C0060,40,Female,4,635.0,2168.0,Monthly,UPI,Fiber,7,4,61.0,34,112,4,15,1,1,East,1,Yes,Dark,Rejected,1
C0061,28,Male,19,799.0,14415.0,Monthly,UPI,DSL,5,1,168.0,1,312,2,5,0,5,South,0,Yes,System,Rejected,1
C0062,40,Female,24,563.0,12217.0,Monthly,Credit Card,Fiber,2,0,132.0,27,231,2,10,0,7,South,0,No,Light,Not Offered,0
C0063,46,Female,43,1053.0,40731.0,Annual,UPI,Fiber,3,2,121.0,6,211,2,10,2,6,South,1,Yes,Dark,Not Offered,0
C0064,41,Female,27,687.0,18482.0,Annual,UPI,DSL,1,0,144.0,24,246,1,0,1,9,East,0,Yes,System,Not Offered,0
C0065,18,Female,67,624.0,39688.0,Annual,Credit Card,Fiber,2,1,121.0,0,233,3,5,1,8,East,0,No,System,Not Offered,0
C0066,58,Male,24,1364.0,27819.0,Monthly,NetBanking,Fiber,1,1,69.0,5,107,3,15,4,6,North,1,Yes,System,Rejected,1
C0067,38,Male,17,661.0,9526.0,Annual,UPI,DSL,5,2,143.0,1,255,3,15,0,4,West,0,No,System,Accepted,1
C0068,40,Male,26,613.0,15954.0,Annual,UPI,Fiber,5,0,129.0,5,225,3,0,1,7,West,2,Yes,Light,Not Offered,0
C0069,33,Male,12,1049.0,11960.0,Monthly,NetBanking,None,1,1,110.0,4,197,5,5,0,7,South,2,No,Light,Rejected,1
C0070,38,Female,56,951.0,53231.0,Two Year,UPI,Fiber,0,0,51.0,0,93,2,0,1,10,South,0,No,System,Not Offered,0
C0071,41,Male,44,514.0,18068.0,Monthly,NetBanking,DSL,1,0,93.0,6,177,3,20,2,9,West,0,No,Dark,Not Offered,0
C0072,48,Male,37,717.0,24951.0,Annual,Credit Card,Fiber,0,0,56.0,3,92,1,5,1,10,South,0,Yes,Dark,Not Offered,0
C0073,29,Female,19,654.0,11162.0,Annual,NetBanking,DSL,0,0,134.0,2,250,3,10,2,10,North,1,No,System,Not Offered,0
C0074,44,Female,18,958.0,17239.0,Two Year,UPI,Fiber,0,0,56.0,11,139,2,0,3,10,South,0,Yes,Light,Not Offered,0
C0075,65,Female,35,793.0,25004.0,Monthly,UPI,Fiber,3,1,90.0,10,167,2,10,0,5,West,0,No,Light,Not Offered,0
C0076,62,Male,44,727.0,31987.0,Monthly,Credit Card,DSL,3,0,114.0,19,285,2,0,0,8,East,2,Yes,Dark,Not Offered,0
C0077,54,Female,32,621.0,17878.0,Annual,Debit Card,Fiber,1,1,84.0,2,162,3,10,0,7,South,1,No,Light,Not Offered,0
C0078,49,Male,9,618.0,5573.0,Monthly,UPI,Fiber,1,1,140.0,4,246,3,0,1,5,South,1,No,System,Rejected,1
C0079,47,Female,33,787.0,25993.0,Annual,Credit Card,Fiber,1,1,114.0,8,138,2,0,0,7,North,1,Yes,System,Not Offered,0
C0080,33,Female,24,826.0,10171.0,Monthly,UPI,Fiber,0,0,114.0,12,127,1,5,0,9,South,0,Yes,Light,Not Offered,0
C0081,40,Male,8,780.0,5967.0,Two Year,UPI,Fiber,3,0,150.0,0,291,2,5,0,7,South,2,Yes,Dark,Not Offered,0
C0082,53,Female,22,640.0,14055.0,Two Year,UPI,DSL,0,0,60.0,7,108,3,0,0,10,West,0,Yes,Dark,Not Offered,0
C0083,48,Male,32,994.0,25487.0,Monthly,Credit Card,DSL,3,1,118.0,1,212,3,20,1,6,North,1,No,Dark,Not Offered,0
C0084,34,Male,31,362.0,11199.0,Monthly,Debit Card,None,0,0,71.0,2,128,1,0,2,8,East,0,Yes,System,Not Offered,0
C0085,48,Male,23,617.0,12750.0,Monthly,Debit Card,DSL,1,2,166.0,9,315,3,10,1,4,South,1,Yes,Dark,Rejected,1
C0086,56,Female,16,647.0,9841.0,Monthly,UPI,Fiber,4,0,90.0,3,165,3,5,2,6,West,0,Yes,System,Rejected,1
C0087,35,Female,17,560.0,8561.0,Monthly,UPI,DSL,3,1,116.0,9,236,4,10,0,5,North,0,Yes,System,Not Offered,0
C0088,43,Male,56,796.0,44573.0,Annual,UPI,Fiber,6,2,75.0,3,150,4,0,0,4,North,1,No,Dark,Rejected,1
C0089,38,Male,38,822.0,25042.0,Two Year,UPI,DSL,1,0,114.0,12,227,3,20,0,10,North,0,No,Light,Not Offered,0
C0090,63,Female,26,982.0,25532.0,Annual,Credit Card,DSL,4,1,151.0,18,291,3,0,0,6,South,0,Yes,Dark,Not Offered,0
C0091,30,Female,19,470.0,8482.0,Annual,Debit Card,Fiber,1,1,69.0,0,129,4,5,1,6,West,0,Yes,Light,Not Offered,0
C0092,33,Female,33,558.0,16542.0,Two Year,Credit Card,Fiber,1,0,162.0,1,310,2,10,0,10,East,1,No,Light,Not Offered,0
C0093,49,Male,10,441.0,4447.0,Monthly,UPI,Fiber,2,1,78.0,3,147,4,0,0,6,South,1,Yes,System,Accepted,0
C0094,54,Female,12,911.0,9840.0,Annual,UPI,DSL,0,0,130.0,13,217,5,10,0,10,South,0,No,Light,Not Offered,0
C0095,35,Male,52,597.0,23295.0,Annual,Credit Card,Fiber,0,0,88.0,3,177,2,25,1,8,South,1,Yes,System,Not Offered,0
C0096,33,Female,39,671.0,26153.0,Monthly,UPI,Fiber,0,0,49.0,18,99,3,0,0,9,South,0,Yes,Light,Not Offered,0
C0097,38,Female,51,792.0,40363.0,Monthly,UPI,DSL,0,0,64.0,9,120,1,0,0,8,East,1,No,System,Not Offered,0
C0098,52,Male,27,624.0,16017.0,Monthly,UPI,Fiber,2,1,139.0,2,264,3,5,0,5,East,0,No,System,Not Offered,0
C0099,26,Female,49,707.0,32907.0,Annual,Credit Card,None,0,0,119.0,3,237,3,5,0,10,North,0,Yes,System,Not Offered,0
C0100,52,Female,19,605.0,9797.0,Monthly,Credit Card,DSL,4,2,79.0,1,142,2,15,0,4,North,1,Yes,Light,Rejected,1
C0101,51,Male,27,831.0,21284.0,Monthly,Credit Card,Fiber,2,0,136.0,5,261,2,5,3,7,East,0,No,Dark,Not Offered,0
C0102,39,Male,6,728.0,4148.0,Monthly,NetBanking,Fiber,2,1,161.0,10,296,1,5,1,6,North,1,No,Dark,Rejected,1
C0103,39,Male,35,751.0,24972.0,Monthly,Credit Card,Fiber,1,1,119.0,1,211,3,5,0,6,East,1,Yes,Light,Not Offered,0
C0104,18,Male,18,778.0,14018.0,Two Year,UPI,DSL,1,1,107.0,13,197,3,0,0,8,West,1,No,System,Not Offered,0
C0105,38,Female,25,776.0,16495.0,Annual,Credit Card,DSL,4,2,72.0,13,147,1,15,1,5,South,0,No,Light,Not Offered,0
C0106,55,Male,18,550.0,7948.0,Monthly,UPI,DSL,7,1,114.0,29,125,2,20,2,3,South,0,No,Dark,Accepted,1
C0107,37,Female,16,806.0,12924.0,Monthly,NetBanking,DSL,2,1,99.0,3,191,3,0,0,6,East,1,Yes,Light,Not Offered,0
C0108,52,Male,24,958.0,19097.0,Monthly,UPI,DSL,4,1,43.0,16,86,2,5,0,5,North,0,No,Light,Rejected,1
C0109,47,Female,19,707.0,12751.0,Annual,NetBanking,DSL,0,0,147.0,22,251,2,5,2,10,West,1,Yes,Light,Not Offered,0
C0110,28,Female,12,722.0,8662.0,Annual,Debit Card,DSL,1,0,158.0,3,294,3,0,0,8,West,0,Yes,Light,Not Offered,0
C0111,40,Male,9,820.0,7390.0,Monthly,UPI,Fiber,2,1,141.0,1,256,3,0,1,6,North,1,No,System,Rejected,1
C0112,41,Male,24,727.0,11463.0,Two Year,UPI,Fiber,0,0,96.0,1,171,2,25,0,10,South,1,Yes,Dark,Not Offered,0
C0113,42,Male,2,717.0,1567.0,Monthly,UPI,Fiber,5,3,181.0,20,333,2,0,1,1,East,0,Yes,Light,Rejected,1
C0114,34,Male,25,898.0,22417.0,Two Year,UPI,Fiber,1,2,157.0,25,292,1,0,0,2,North,0,Yes,Dark,Not Offered,1
C0115,42,Female,34,877.0,29787.0,Annual,NetBanking,DSL,1,1,152.0,16,289,3,0,2,8,East,3,Yes,System,Accepted,0
C0116,29,Male,12,686.0,7414.0,Monthly,UPI,Fiber,0,0,98.0,6,175,4,10,1,9,North,1,No,Light,Not Offered,0
C0117,52,Male,28,759.0,18053.0,Monthly,UPI,DSL,5,1,95.0,0,203,2,15,0,5,South,0,No,System,Not Offered,1
C0118,43,Male,16,1028.0,14804.0,Two Year,UPI,DSL,2,0,119.0,4,207,4,10,2,10,East,1,No,Dark,Not Offered,0
C0119,31,Male,25,429.0,10716.0,Monthly,UPI,Fiber,2,1,64.0,15,154,2,0,0,6,North,1,Yes,System,Not Offered,0
C0120,38,Female,24,729.0,21176.0,Monthly,UPI,DSL,2,0,72.0,3,137,3,0,0,7,West,1,Yes,Dark,Not Offered,0
C0121,21,Male,16,793.0,12672.0,Annual,Credit Card,Fiber,2,1,47.0,8,122,3,0,0,7,North,0,No,System,Not Offered,0
C0122,45,Male,26,901.0,23451.0,Monthly,UPI,DSL,3,2,160.0,0,296,2,0,0,4,South,2,Yes,Light,Rejected,1
C0123,51,Female,36,640.0,18428.0,Two Year,NetBanking,Fiber,1,0,101.0,2,184,4,20,0,10,East,1,No,System,Not Offered,0
C0124,45,Female,32,635.0,20287.0,Two Year,UPI,DSL,1,0,163.0,2,300,6,0,0,9,North,2,No,Dark,Not Offered,0
C0125,45,Female,7,627.0,4403.0,Monthly,UPI,Fiber,3,2,146.0,16,244,1,0,0,3,East,0,Yes,System,Rejected,1
C0126,31,Male,39,817.0,28683.0,Annual,UPI,Fiber,0,0,89.0,13,179,4,10,0,10,West,1,No,Dark,Not Offered,0
C0127,44,Female,36,732.0,26372.0,Monthly,UPI,Fiber,2,1,164.0,1,316,1,0,0,6,South,1,Yes,Dark,Not Offered,0
C0128,18,Male,36,717.0,26403.0,Monthly,Credit Card,DSL,4,1,114.0,8,176,2,5,2,5,East,2,Yes,Dark,Accepted,1
C0129,49,Male,24,780.0,18712.0,Monthly,Credit Card,Fiber,3,2,20.0,17,74,1,0,0,3,West,2,No,Dark,Accepted,1
C0130,69,Male,12,844.0,10145.0,Annual,NetBanking,DSL,0,0,82.0,8,181,1,0,1,9,South,1,No,System,Not Offered,0
C0131,40,Female,43,748.0,32182.0,Two Year,UPI,DSL,2,1,151.0,6,258,3,0,1,8,North,1,No,System,Not Offered,0
C0132,36,Male,52,820.0,36249.0,Monthly,NetBanking,Fiber,0,0,156.0,3,276,99,15,0,10,West,0,Yes,System,Not Offered,0
C0133,65,Female,21,875.0,18382.0,Annual,UPI,DSL,1,1,111.0,1,236,3,0,0,7,North,2,Yes,Light,Not Offered,0
C0134,41,Female,35,964.0,28675.0,Monthly,NetBanking,DSL,0,0,183.0,0,326,5,15,0,8,West,0,No,System,Accepted,0
C0135,44,Female,32,769.0,22133.0,Two Year,NetBanking,Fiber,3,1,95.0,7,150,2,10,1,8,East,2,No,Light,Accepted,0
C0136,46,Male,42,466.0,18587.0,Two Year,Credit Card,DSL,1,0,83.0,9,125,3,5,0,10,South,0,Yes,System,Not Offered,0
C0137,67,Female,35,779.0,25881.0,Monthly,UPI,DSL,1,1,96.0,8,184,4,5,0,6,North,1,Yes,Light,Not Offered,0
C0138,33,Male,30,686.0,20556.0,Annual,Credit Card,DSL,1,1,170.0,0,318,4,0,1,8,South,0,No,Light,Not Offered,0
C0139,53,Female,22,772.0,14483.0,Monthly,NetBanking,Fiber,0,0,118.0,0,220,3,15,0,8,West,0,No,Light,Not Offered,0
C0140,34,Male,14,840.0,10556.0,Two Year,UPI,Fiber,1,0,130.0,0,233,3,10,1,10,West,1,Yes,System,Not Offered,0
C0141,62,Male,24,715.0,14590.0,Monthly,UPI,DSL,1,1,99.0,0,178,2,15,0,7,North,0,Yes,Light,Not Offered,0
C0142,49,Female,18,830.0,14207.0,Annual,UPI,Fiber,5,2,200.0,7,366,3,5,2,5,East,0,No,Light,Not Offered,1
C0143,32,Female,51,819.0,41774.0,Annual,NetBanking,Fiber,1,0,115.0,0,210,4,0,2,8,North,0,No,Light,Accepted,0
C0144,45,Male,26,617.0,15212.0,Two Year,Debit Card,DSL,1,0,132.0,15,270,4,5,2,10,East,1,No,Light,Not Offered,0
C0145,53,Male,23,708.0,14600.0,Annual,Debit Card,DSL,1,0,90.0,13,188,2,10,0,9,North,0,Yes,System,Not Offered,0
C0146,32,Female,57,533.0,30363.0,Monthly,UPI,Fiber,2,1,116.0,4,207,2,0,0,7,West,0,No,Dark,Not Offered,0
C0147,56,Female,32,649.0,18694.0,Monthly,Debit Card,Fiber,3,1,140.0,10,261,1,10,0,6,East,0,No,System,Accepted,0
C0148,40,Male,13,877.0,10243.0,Annual,UPI,Fiber,0,0,97.0,10,171,3,10,0,10,South,1,Yes,Light,Not Offered,0
C0149,49,Male,42,508.0,21321.0,Two Year,Credit Card,Fiber,1,0,122.0,2,220,2,0,1,10,North,2,Yes,Light,Not Offered,0
C0150,40,Male,56,815.0,41075.0,Monthly,UPI,DSL,3,0,66.0,0,128,4,10,0,7,East,3,No,System,Not Offered,0
C0151,41,Male,56,680.0,34294.0,Monthly,UPI,DSL,1,1,131.0,0,253,3,10,1,8,East,0,No,Dark,Not Offered,0
C0152,54,Female,48,508.0,24356.0,Annual,Debit Card,Fiber,1,0,125.0,8,225,4,0,2,8,South,0,Yes,System,Not Offered,0
C0153,34,Male,18,673.0,12139.0,Monthly,UPI,Fiber,0,0,96.0,0,180,2,0,0,8,West,1,No,Dark,Not Offered,0
C0154,56,Female,19,620.0,10586.0,Monthly,Credit Card,Fiber,3,0,133.0,9,227,4,10,0,7,West,0,No,Light,Not Offered,0
C0155,45,Female,34,721.0,20845.0,Two Year,Debit Card,Fiber,2,1,79.0,16,166,2,15,0,8,North,0,Yes,System,Not Offered,0
C0156,36,Female,36,916.0,31302.0,Two Year,Credit Card,Fiber,0,0,123.0,1,228,2,5,0,10,North,0,No,Light,Not Offered,0
C0157,42,Male,22,999.0,21967.0,Monthly,NetBanking,Fiber,2,1,131.0,4,239,3,0,1,5,South,1,No,System,Accepted,1
C0158,40,Male,37,700.0,24561.0,Annual,Credit Card,DSL,3,2,78.0,3,153,3,5,0,6,North,1,Yes,Dark,Not Offered,0
C0159,21,Female,14,924.0,10356.0,Two Year,Credit Card,Fiber,0,0,101.0,0,181,3,20,0,10,North,0,Yes,System,Not Offered,0
C0160,33,Female,50,909.0,43195.0,Monthly,UPI,Fiber,2,1,176.0,2,313,2,5,0,7,East,0,Yes,Light,Not Offered,0
C0161,26,Female,33,985.0,29270.0,Annual,NetBanking,Fiber,2,0,143.0,13,265,4,10,0,8,East,0,Yes,System,Not Offered,0
C0162,42,Male,72,873.0,56570.0,Annual,UPI,Fiber,0,0,94.0,0,158,1,10,0,10,North,0,No,Light,Not Offered,0
C0163,40,Female,25,873.0,19618.0,Annual,NetBanking,Fiber,0,0,92.0,5,173,2,10,2,9,South,2,Yes,System,Not Offered,0
C0164,40,Male,24,1000.0,20411.0,Annual,UPI,DSL,0,0,136.0,0,259,3,15,1,10,West,1,Yes,Dark,Not Offered,0
C0165,45,Female,6,847.0,5053.0,Monthly,Credit Card,DSL,10,5,175.0,26,320,2,0,0,1,East,0,No,Dark,Rejected,1
C0166,43,Male,20,535.0,9070.0,Annual,UPI,Fiber,2,0,152.0,9,297,2,15,0,8,East,1,Yes,System,Not Offered,0
C0167,46,Female,28,927.0,25970.0,Monthly,NetBanking,Fiber,1,1,62.0,2,112,3,0,2,5,East,0,Yes,System,Rejected,1
C0168,46,Male,28,594.0,15779.0,Monthly,UPI,DSL,1,0,78.0,4,151,5,5,1,8,North,0,No,Light,Not Offered,0
C0169,61,Male,24,946.0,41349.0,Monthly,Credit Card,DSL,1,1,128.0,0,246,2,5,3,7,East,1,Yes,Light,Not Offered,0
C0170,21,Male,22,773.0,17011.0,Annual,Debit Card,DSL,2,1,107.0,1,191,2,0,0,7,North,1,Yes,System,Not Offered,0
C0171,30,Male,13,750.0,7823.0,Monthly,Credit Card,DSL,5,3,130.0,15,243,2,20,1,3,North,0,Yes,System,Rejected,1
C0172,67,Female,18,622.0,10073.0,Two Year,Credit Card,Fiber,0,0,114.0,0,156,2,10,0,10,North,3,Yes,Light,Accepted,0
C0173,32,Female,20,678.0,11536.0,Monthly,Credit Card,DSL,6,3,193.0,18,364,2,15,2,1,South,0,Yes,Dark,Rejected,1
C0174,70,Female,21,991.0,19746.0,Monthly,Credit Card,DSL,6,1,159.0,29,286,3,5,0,5,West,1,Yes,System,Rejected,1
C0175,40,Male,28,761.0,20236.0,Monthly,Credit Card,Fiber,4,1,82.0,2,157,4,5,0,5,North,0,No,Dark,Rejected,1
C0176,25,Male,43,1158.0,42325.0,Monthly,NetBanking,Fiber,3,1,130.0,1,247,1,15,1,6,South,0,No,Light,Not Offered,0
C0177,53,Female,30,504.0,12104.0,Monthly,UPI,DSL,0,0,82.0,23,163,2,20,2,9,South,0,No,Light,Not Offered,0
C0178,57,Female,27,937.0,25304.0,Monthly,Credit Card,Fiber,3,1,139.0,2,269,4,0,0,5,South,1,No,Light,Rejected,1
C0179,26,Male,47,717.0,33718.0,Annual,UPI,Fiber,0,0,107.0,5,180,4,0,2,10,West,0,No,System,Not Offered,0
C0180,42,Male,35,749.0,22278.0,Monthly,UPI,DSL,6,1,146.0,24,289,3,15,0,4,North,0,No,System,Rejected,1
C0181,33,Male,34,888.0,25660.0,Monthly,Credit Card,Fiber,1,1,113.0,20,224,5,15,2,7,East,0,Yes,Dark,Not Offered,0
C0182,42,Female,14,723.0,9644.0,Monthly,NetBanking,Fiber,3,1,175.0,2,335,3,5,0,5,East,1,Yes,Light,Rejected,1
C0183,27,Male,25,657.0,14804.0,Monthly,UPI,Fiber,0,0,121.0,2,232,2,10,0,9,North,0,No,Dark,Not Offered,0
C0184,52,Male,25,299.0,7491.0,Two Year,Debit Card,DSL,1,0,49.0,3,72,5,0,0,10,West,3,Yes,System,Not Offered,0
C0185,52,Female,43,864.0,37156.0,Monthly,Debit Card,DSL,1,0,118.0,0,227,2,0,0,8,East,0,Yes,Dark,Not Offered,0
C0186,60,Male,10,525.0,5022.0,Two Year,UPI,Fiber,1,0,113.0,0,205,2,5,1,9,North,0,No,Dark,Not Offered,0
C0187,34,Female,24,682.0,15517.0,Monthly,UPI,Fiber,4,2,149.0,24,258,3,5,0,3,South,0,No,System,Rejected,1
C0188,29,Female,40,709.0,28355.0,Annual,NetBanking,Fiber,0,0,145.0,0,263,4,0,0,10,North,0,No,System,Not Offered,0
C0189,44,Male,33,717.0,27628.0,Annual,Debit Card,Fiber,3,2,35.0,8,81,4,0,0,5,South,1,No,Dark,Rejected,1
C0190,32,Male,41,596.0,23235.0,Monthly,Credit Card,DSL,1,1,110.0,5,206,1,5,0,7,West,1,No,Light,Not Offered,0
C0191,30,Female,29,821.0,17793.0,Annual,Credit Card,DSL,1,0,129.0,6,264,3,25,4,10,West,0,Yes,Dark,Not Offered,0
C0192,39,Male,5,658.0,2785.0,Annual,UPI,Fiber,0,0,162.0,0,301,3,15,0,9,West,0,No,System,Not Offered,0
C0193,30,Female,34,781.0,23922.0,Annual,UPI,DSL,1,0,114.0,2,116,3,10,0,9,East,1,Yes,Dark,Not Offered,0
C0194,29,Male,41,775.0,30198.0,Monthly,Credit Card,DSL,0,0,89.0,10,179,3,5,1,9,North,1,No,System,Not Offered,0
C0195,40,Female,30,591.0,17751.0,Monthly,UPI,Fiber,0,0,162.0,6,307,2,0,4,8,East,1,Yes,Dark,Not Offered,0
C0196,41,Male,13,708.0,9200.0,Monthly,NetBanking,DSL,0,0,86.0,2,189,3,0,0,8,East,0,Yes,System,Not Offered,0
C0197,38,Female,4,693.0,2509.0,Monthly,UPI,DSL,5,3,109.0,16,221,3,10,0,1,East,1,Yes,Light,Rejected,1
C0198,58,Male,32,604.0,17458.0,Monthly,UPI,None,2,1,104.0,2,190,4,10,4,6,South,0,No,Dark,Rejected,1
C0199,57,Male,20,904.0,18063.0,Annual,Credit Card,DSL,1,0,85.0,1,170,2,0,0,9,West,1,Yes,System,Not Offered,0
C0200,30,Male,30,373.0,10664.0,Monthly,NetBanking,DSL,6,2,186.0,15,322,3,5,0,3,West,2,No,System,Rejected,1
C0201,30,Female,24,656.0,9984.0,Annual,UPI,DSL,0,0,61.0,18,127,3,5,3,10,East,0,Yes,Dark,Not Offered,0
C0202,52,Male,33,681.0,17973.0,Two Year,Credit Card,DSL,1,0,88.0,4,166,2,20,0,10,North,1,Yes,System,Not Offered,0
C0203,40,Female,22,830.0,14571.0,Monthly,NetBanking,Fiber,1,1,130.0,1,251,4,20,0,7,South,0,No,Light,Not Offered,0
C0204,46,Female,25,530.0,13247.0,Two Year,Credit Card,Fiber,0,0,114.0,5,201,1,0,1,10,North,0,No,Dark,Not Offered,0
C0205,36,Female,36,794.0,21447.0,Annual,UPI,DSL,1,1,145.0,4,263,4,25,0,9,East,0,No,Light,Not Offered,0
C0206,24,Male,9,495.0,3783.0,Monthly,UPI,Fiber,3,2,99.0,1,185,2,15,0,4,South,1,Yes,Light,Rejected,1
C0207,30,Male,21,737.0,15501.0,Two Year,NetBanking,DSL,0,0,154.0,6,288,4,0,0,10,East,0,No,Light,Not Offered,0
C0208,37,Female,19,692.0,11837.0,Two Year,Credit Card,DSL,4,3,130.0,13,231,3,10,0,4,East,1,No,Dark,Accepted,0
C0209,42,Male,30,837.0,22578.0,Monthly,UPI,Fiber,0,0,113.0,2,213,2,10,0,8,South,1,No,Dark,Not Offered,0
C0210,40,Female,20,375.0,7129.0,Monthly,Credit Card,Fiber,5,2,42.0,16,88,3,5,2,3,East,0,Yes,System,Rejected,1
C0211,31,Male,14,750.0,9939.0,Two Year,UPI,Fiber,0,0,141.0,0,249,3,5,0,10,East,0,No,Light,Not Offered,0
C0212,58,Male,28,708.0,19811.0,Monthly,UPI,Fiber,2,0,64.0,0,105,4,0,2,7,East,0,Yes,System,Not Offered,0
C0213,52,Female,34,763.0,25931.0,Annual,Credit Card,Fiber,0,0,125.0,11,238,4,0,3,9,East,1,No,Dark,Not Offered,0
C0214,54,Male,25,671.0,15899.0,Monthly,NetBanking,DSL,0,0,128.0,18,221,1,5,0,8,North,0,Yes,System,Not Offered,0
C0215,27,Male,25,671.0,16736.0,Monthly,UPI,DSL,0,0,113.0,0,226,4,0,0,9,South,2,Yes,System,Not Offered,0
C0216,28,Female,51,765.0,29242.0,Monthly,Credit Card,Fiber,2,0,60.0,11,108,2,25,0,9,North,0,Yes,System,Not Offered,0
C0217,34,Female,30,556.0,15869.0,Annual,UPI,Fiber,0,0,131.0,15,245,3,5,1,9,West,0,Yes,Light,Not Offered,0
C0218,37,Female,22,577.0,9488.0,Monthly,Debit Card,Fiber,2,1,84.0,16,156,1,25,0,7,South,1,No,Dark,Not Offered,0
C0219,53,Male,39,648.0,25267.0,Monthly,Credit Card,Fiber,0,0,129.0,0,252,4,0,0,9,West,3,Yes,Dark,Accepted,0
C0220,31,Male,23,521.0,11951.0,Annual,Credit Card,Fiber,0,0,90.0,18,179,2,0,0,9,East,0,Yes,System,Not Offered,0
C0221,40,Female,21,789.0,12407.0,Annual,Credit Card,Fiber,1,0,127.0,0,231,1,25,0,10,South,0,No,System,Not Offered,0
C0222,41,Female,23,972.0,22344.0,Annual,NetBanking,DSL,6,3,124.0,19,246,3,0,0,2,East,0,Yes,System,Rejected,1
C0223,37,Male,11,636.0,6997.0,Monthly,UPI,DSL,5,3,47.0,50,102,3,0,0,8,South,0,Yes,System,Rejected,1
C0224,47,Female,20,592.0,11835.0,Annual,Credit Card,Fiber,0,0,130.0,11,273,2,0,0,9,East,1,Yes,Dark,Not Offered,0
C0225,54,Female,34,363.0,12340.0,Two Year,UPI,DSL,2,1,113.0,35,231,1,0,1,8,West,1,No,Dark,Not Offered,0
C0226,41,Male,38,743.0,26810.0,Annual,UPI,DSL,3,2,125.0,7,240,2,5,1,6,South,0,Yes,System,Not Offered,0
C0227,48,Female,18,891.0,16088.0,Two Year,Credit Card,DSL,6,4,118.0,15,209,3,0,1,1,North,0,No,Dark,Rejected,1
C0228,59,Male,45,925.0,41629.0,Annual,UPI,Fiber,0,0,83.0,2,157,42,0,0,10,North,0,No,Light,Not Offered,0
C0229,26,Female,56,768.0,32257.0,Monthly,UPI,Fiber,2,0,149.0,13,272,2,25,0,9,South,1,No,System,Not Offered,0
C0230,38,Female,38,575.0,20780.0,Annual,UPI,Fiber,0,0,127.0,4,244,4,5,1,10,North,0,Yes,Light,Not Offered,0
C0231,23,Male,7,811.0,4572.0,Annual,NetBanking,Fiber,1,0,170.0,7,319,2,20,0,9,West,1,Yes,Dark,Not Offered,0
C0232,45,Female,32,537.0,14615.0,Monthly,UPI,Fiber,2,1,147.0,3,262,2,15,0,6,North,1,No,Dark,Not Offered,0
C0233,39,Male,56,725.0,36540.0,Annual,UPI,Fiber,0,0,101.0,4,172,2,10,0,10,West,0,No,System,Not Offered,0
C0234,51,Male,34,828.0,21120.0,Monthly,Debit Card,Fiber,2,1,115.0,1,193,1,25,0,7,West,1,No,Dark,Not Offered,0
C0235,60,Female,21,717.0,15049.0,Two Year,UPI,DSL,2,1,136.0,1,246,3,0,0,7,North,2,Yes,Dark,Not Offered,0
C0236,47,Female,15,580.0,8258.0,Annual,UPI,Fiber,0,0,101.0,4,182,3,5,0,9,East,0,Yes,Light,Not Offered,0
C0237,36,Male,48,638.0,30644.0,Two Year,UPI,DSL,1,1,20.0,6,57,1,0,0,8,East,1,Yes,Light,Not Offered,0
C0238,57,Female,6,572.0,3450.0,Annual,NetBanking,DSL,2,1,124.0,49,245,3,0,0,6,West,1,Yes,System,Rejected,1
C0239,39,Female,30,913.0,26000.0,Monthly,UPI,DSL,2,1,73.0,8,127,4,5,1,6,South,1,No,System,Not Offered,0
C0240,54,Female,27,571.0,15426.0,Monthly,Credit Card,Fiber,4,0,126.0,19,242,4,0,0,6,West,1,Yes,System,Not Offered,0
C0241,41,Female,19,536.0,9681.0,Monthly,UPI,Fiber,1,1,95.0,11,180,2,5,3,5,East,0,Yes,Light,Rejected,1
C0242,38,Female,18,717.0,11917.0,Monthly,UPI,Fiber,4,2,172.0,15,315,3,5,0,3,West,1,No,Light,Accepted,1
C0243,43,Female,35,461.0,15319.0,Annual,Credit Card,DSL,1,1,141.0,22,252,3,5,0,8,East,0,Yes,System,Not Offered,0
C0244,52,Male,36,649.0,21023.0,Monthly,Credit Card,Fiber,0,0,123.0,0,235,4,10,0,8,East,3,No,Light,Not Offered,0
C0245,68,Male,27,614.0,16566.0,Two Year,NetBanking,DSL,0,0,145.0,1,260,4,0,1,10,North,1,Yes,Light,Not Offered,0
C0246,75,Female,9,841.0,6069.0,Annual,UPI,Fiber,2,0,87.0,3,139,1,20,0,8,North,0,Yes,Dark,Not Offered,0
C0247,31,Female,24,767.0,13834.0,Two Year,NetBanking,Fiber,3,0,141.0,3,242,3,25,0,10,East,1,No,System,Not Offered,0
C0248,28,Female,26,730.0,17094.0,Monthly,UPI,DSL,1,0,92.0,7,183,3,10,2,8,East,1,No,Dark,Not Offered,0
C0249,45,Male,21,595.0,11876.0,Annual,UPI,DSL,0,0,144.0,7,266,2,5,0,9,East,1,Yes,System,Not Offered,0
C0250,47,Female,34,704.0,21544.0,Annual,NetBanking,DSL,2,0,144.0,4,257,4,10,0,9,North,0,Yes,Dark,Not Offered,0
C0251,31,Male,15,912.0,12320.0,Two Year,Credit Card,Fiber,5,0,129.0,25,244,4,10,0,8,North,0,Yes,System,Not Offered,0
C0252,59,Male,16,851.0,13626.0,Monthly,UPI,DSL,1,1,142.0,7,261,2,0,0,6,North,1,Yes,System,Not Offered,0
C0253,55,Female,14,1004.0,11947.0,Two Year,UPI,DSL,1,0,114.0,1,212,2,15,3,8,West,1,No,Light,Not Offered,0
C0254,60,Female,14,703.0,9817.0,Monthly,UPI,Fiber,1,0,22.0,2,90,5,0,0,8,East,0,No,System,Not Offered,0
C0255,66,Male,24,633.0,13654.0,Monthly,Debit Card,DSL,1,1,148.0,3,266,4,10,0,6,West,0,Yes,Dark,Not Offered,0
C0256,34,Female,14,299.0,4190.0,Two Year,NetBanking,Fiber,0,0,130.0,4,236,1,0,0,10,South,1,Yes,Dark,Not Offered,0
C0257,46,Male,27,773.0,18777.0,Monthly,Credit Card,Fiber,2,1,137.0,4,271,2,10,0,6,North,1,Yes,Dark,Not Offered,0
C0258,49,Female,24,917.0,20899.0,Monthly,Debit Card,Fiber,2,1,120.0,5,212,3,5,0,5,West,1,No,Light,Rejected,1
C0259,31,Male,21,734.0,14644.0,Monthly,UPI,Fiber,7,4,114.0,16,227,3,5,0,1,East,0,No,Dark,Rejected,1
C0260,53,Female,5,870.0,4150.0,Annual,UPI,DSL,3,1,77.0,4,113,1,5,0,8,South,0,No,Light,Not Offered,0
C0261,41,Male,15,788.0,11806.0,Two Year,UPI,Fiber,1,0,153.0,11,279,3,0,0,10,West,2,No,System,Not Offered,0
C0262,27,Female,24,738.0,16784.0,Monthly,Credit Card,Fiber,2,1,114.0,7,281,2,5,0,6,West,0,No,System,Not Offered,0
C0263,44,Female,8,593.0,4746.0,Annual,NetBanking,Fiber,1,0,168.0,1,280,1,0,0,8,East,0,No,System,Not Offered,0
C0264,41,Female,23,753.0,16429.0,Monthly,Credit Card,Fiber,3,2,124.0,17,254,1,5,2,3,West,0,Yes,Light,Rejected,1
C0265,55,Female,41,937.0,34578.0,Two Year,Credit Card,Fiber,5,1,62.0,0,110,2,10,0,8,West,2,Yes,Light,Not Offered,0
C0266,32,Female,39,856.0,28351.0,Annual,NetBanking,Fiber,4,2,119.0,8,206,4,15,3,6,South,0,No,Light,Not Offered,0
C0267,27,Female,24,634.0,21041.0,Monthly,UPI,Fiber,2,0,32.0,7,100,3,15,2,9,East,0,Yes,Light,Not Offered,0
C0268,59,Male,23,514.0,10057.0,Annual,Credit Card,Fiber,0,0,65.0,11,118,4,15,1,10,South,1,No,Light,Not Offered,0
C0269,20,Male,11,652.0,7188.0,Annual,NetBanking,DSL,3,1,123.0,3,216,1,0,0,6,East,1,Yes,Dark,Not Offered,0
C0270,48,Male,33,1045.0,27582.0,Two Year,UPI,DSL,0,0,170.0,12,302,2,20,2,10,West,0,Yes,Dark,Not Offered,0
C0271,29,Male,51,716.0,36507.0,Monthly,Credit Card,Fiber,1,0,103.0,3,217,2,0,2,8,West,0,No,System,Not Offered,0
C0272,37,Male,15,542.0,7315.0,Monthly,UPI,Fiber,3,1,106.0,3,186,3,10,0,6,South,1,Yes,System,Not Offered,0
C0273,42,Male,14,560.0,6638.0,Annual,UPI,Fiber,4,1,126.0,14,240,3,15,0,7,North,2,Yes,Light,Not Offered,0
C0274,58,Female,26,526.0,13673.0,Annual,UPI,Fiber,6,0,7200.0,8,171,3,0,0,7,East,1,Yes,Dark,Not Offered,0
C0275,23,Male,15,868.0,11696.0,Two Year,Credit Card,Fiber,1,1,66.0,8,129,2,10,1,8,South,1,Yes,Dark,Not Offered,0
C0276,58,Male,53,864.0,36662.0,Annual,UPI,Fiber,1,1,100.0,2,178,2,20,1,9,North,3,No,Dark,Not Offered,0
C0277,37,Male,14,770.0,9178.0,Two Year,UPI,Fiber,6,2,58.0,3,88,3,15,1,5,South,1,No,Light,Not Offered,0
C0278,36,Female,32,815.0,23465.0,Monthly,UPI,Fiber,4,2,132.0,14,266,2,10,0,3,North,1,Yes,System,Rejected,1
C0279,45,Male,55,704.0,36792.0,Monthly,Credit Card,Fiber,1,1,78.0,4,161,2,5,1,6,West,1,No,Light,Not Offered,0
C0280,38,Male,25,391.0,8799.0,Annual,UPI,Fiber,1,0,213.0,3,393,3,10,0,10,East,0,No,Light,Not Offered,0
C0281,48,Male,37,602.0,22275.0,Monthly,UPI,DSL,4,1,106.0,0,191,4,0,0,6,East,0,Yes,System,Not Offered,0
C0282,19,Male,59,621.0,34807.0,Monthly,UPI,Fiber,1,0,84.0,5,171,2,5,0,9,East,0,No,Dark,Not Offered,0
C0283,46,Female,28,694.0,19414.0,Two Year,Debit Card,Fiber,0,0,75.0,6,132,1,0,0,10,North,1,No,Dark,Not Offered,0
C0284,59,Female,41,357.0,14662.0,Monthly,NetBanking,DSL,0,0,95.0,3,193,1,0,0,10,West,1,Yes,System,Not Offered,0
C0285,47,Male,4,655.0,1989.0,Two Year,NetBanking,Fiber,3,1,135.0,16,256,1,25,0,8,North,1,Yes,Light,Not Offered,0
C0286,27,Male,32,717.0,13968.0,Monthly,Credit Card,DSL,1,0,97.0,1,192,2,0,0,8,West,0,No,Dark,Not Offered,0
C0287,41,Female,50,646.0,27451.0,Monthly,UPI,DSL,0,0,114.0,11,297,2,15,2,10,North,0,Yes,Dark,Not Offered,0
C0288,39,Male,22,752.0,14866.0,Monthly,Debit Card,Fiber,0,0,114.0,9,209,1,10,0,8,South,1,No,System,Not Offered,0
C0289,20,Female,12,493.0,5914.0,Annual,Credit Card,DSL,3,1,122.0,34,212,3,0,0,7,East,0,Yes,Dark,Not Offered,0
C0290,45,Male,48,795.0,38159.0,Monthly,NetBanking,DSL,3,2,54.0,1,110,4,0,0,4,North,1,Yes,Light,Not Offered,0
C0291,38,Male,36,633.0,21675.0,Monthly,UPI,Fiber,0,0,138.0,1,278,2,5,0,8,South,0,No,Light,Not Offered,0
C0292,61,Female,34,843.0,28684.0,Annual,NetBanking,Fiber,1,1,95.0,20,197,4,0,1,7,East,1,No,Dark,Not Offered,0
C0293,52,Female,30,816.0,24485.0,Two Year,UPI,Fiber,1,0,156.0,5,305,1,0,0,10,North,0,No,Light,Not Offered,0
C0294,43,Female,26,741.0,19255.0,Annual,NetBanking,DSL,0,0,70.0,7,153,4,0,0,10,West,1,Yes,Dark,Not Offered,0
C0295,25,Male,30,660.0,18813.0,Monthly,UPI,DSL,3,0,103.0,0,192,2,5,0,7,East,2,No,Dark,Not Offered,0
C0296,43,Female,32,592.0,18975.0,Monthly,UPI,Fiber,2,1,108.0,21,189,2,0,0,6,West,3,No,Dark,Not Offered,0
C0297,54,Female,8,643.0,4891.0,Monthly,Debit Card,DSL,5,3,141.0,19,263,2,5,0,1,North,1,Yes,Light,Accepted,1
C0298,38,Female,31,736.0,22801.0,Annual,Credit Card,DSL,0,0,98.0,0,160,3,0,0,10,East,1,No,System,Accepted,0
C0299,43,Female,1,717.0,501.0,Two Year,Debit Card,DSL,1,0,131.0,9,270,2,5,1,9,West,0,No,System,Not Offered,0
C0300,39,Female,34,717.0,21922.0,Annual,UPI,Fiber,0,0,170.0,16,306,0,10,0,10,West,1,Yes,System,Not Offered,0
C0301,29,Female,29,796.0,21946.0,Monthly,NetBanking,Fiber,1,1,143.0,2,286,3,5,0,6,East,2,No,System,Not Offered,0
C0302,40,Female,6,641.0,3869.0,Annual,UPI,Fiber,2,1,112.0,0,201,3,0,1,7,North,1,No,Dark,Not Offered,0
C0303,25,Female,5,614.0,2640.0,Annual,UPI,Fiber,0,0,89.0,5,152,3,15,0,9,West,0,No,Light,Not Offered,0
C0304,62,Female,14,795.0,11135.0,Annual,Debit Card,Fiber,0,0,124.0,13,235,4,0,3,10,North,1,No,Dark,Not Offered,0
C0305,49,Male,28,932.0,22176.0,Monthly,Credit Card,DSL,3,0,126.0,2,236,4,15,0,7,West,0,No,Light,Not Offered,0
C0306,46,Female,33,674.0,22253.0,Two Year,UPI,DSL,2,1,63.0,6,142,2,0,0,7,South,2,Yes,System,Not Offered,0
C0307,44,Male,27,477.0,12877.0,Monthly,NetBanking,Fiber,1,1,114.0,2,203,4,0,0,6,North,2,Yes,Dark,Not Offered,0
C0308,44,Male,54,736.0,29801.0,Monthly,NetBanking,Fiber,1,0,138.0,1,243,1,25,0,10,South,1,Yes,Light,Not Offered,0
C0309,63,Female,16,739.0,11198.0,Two Year,NetBanking,Fiber,0,0,57.0,17,133,3,5,1,10,North,1,Yes,Light,Not Offered,0
C0310,66,Male,20,1087.0,21712.0,Monthly,UPI,DSL,0,0,124.0,26,211,4,0,4,8,East,2,Yes,Dark,Not Offered,0
C0311,53,Female,72,781.0,50649.0,Monthly,Debit Card,Fiber,1,0,165.0,13,306,3,10,2,9,North,0,No,System,Not Offered,0
C0312,42,Female,13,648.0,6711.0,Two Year,UPI,DSL,1,0,78.0,16,135,2,20,0,10,East,0,Yes,Light,Not Offered,0
C0313,33,Male,21,793.0,15805.0,Monthly,UPI,Fiber,2,1,116.0,0,221,2,5,0,6,South,0,No,System,Accepted,1
C0314,46,Male,24,769.0,24216.0,Two Year,Credit Card,Fiber,1,1,123.0,8,223,2,10,2,8,South,1,No,Light,Not Offered,0
C0315,51,Female,47,528.0,24811.0,Annual,Credit Card,Fiber,1,0,187.0,12,328,3,0,0,10,West,0,No,Dark,Not Offered,0
C0316,40,Female,12,782.0,8401.0,Monthly,UPI,Fiber,0,0,70.0,21,133,2,10,0,9,South,1,No,Light,Not Offered,0
C0317,47,Female,22,751.0,14863.0,Annual,Credit Card,Fiber,3,0,141.0,1,279,4,10,0,9,North,0,Yes,Dark,Not Offered,0
C0318,49,Male,23,926.0,20236.0,Monthly,UPI,DSL,1,0,100.0,4,185,2,5,5,8,South,0,Yes,System,Not Offered,0
C0319,42,Female,30,671.0,19120.0,Monthly,UPI,DSL,2,1,124.0,7,216,4,5,0,5,South,0,Yes,Light,Not Offered,0
C0320,37,Female,29,645.0,16846.0,Monthly,Credit Card,DSL,2,1,33.0,0,86,3,10,0,6,West,1,No,Light,Not Offered,0
C0321,44,Male,22,849.0,14955.0,Annual,UPI,DSL,3,1,100.0,0,190,2,20,0,7,South,0,Yes,System,Not Offered,0
C0322,42,Male,37,806.0,26849.0,Monthly,Credit Card,Fiber,1,0,124.0,3,218,2,10,0,8,East,1,Yes,Dark,Not Offered,0
C0323,49,Male,23,660.0,14404.0,Annual,Debit Card,Fiber,1,0,143.0,19,244,3,5,1,9,North,2,No,Dark,Not Offered,0
C0324,38,Male,15,717.0,9361.0,Annual,UPI,Fiber,5,0,167.0,6,297,4,25,3,8,North,0,Yes,Light,Not Offered,0
C0325,39,Male,44,976.0,32209.0,Monthly,Credit Card,DSL,2,0,74.0,9,160,3,25,0,8,North,0,No,Dark,Not Offered,0
C0326,18,Female,15,476.0,6458.0,Two Year,UPI,Fiber,3,1,61.0,1,124,2,10,0,8,North,0,Yes,System,Not Offered,0
C0327,40,Male,15,609.0,9132.0,Annual,NetBanking,Fiber,4,1,134.0,0,267,3,0,0,6,East,1,Yes,System,Not Offered,0
C0328,38,Male,18,570.0,9740.0,Annual,Debit Card,Fiber,0,0,180.0,3,313,3,5,1,10,North,1,No,System,Not Offered,0
C0329,49,Female,24,610.0,16789.0,Monthly,UPI,Fiber,4,1,93.0,25,179,3,5,3,5,South,1,No,Dark,Rejected,1
C0330,44,Female,24,865.0,8571.0,Monthly,Credit Card,Fiber,3,2,20.0,8,45,1,10,1,8,West,2,No,System,Rejected,1
C0331,22,Male,37,374.0,13813.0,Two Year,UPI,Fiber,1,1,106.0,8,185,2,0,0,8,South,2,No,System,Not Offered,0
C0332,46,Male,11,719.0,6718.0,Annual,UPI,Fiber,1,0,87.0,1,152,6,15,1,8,West,0,Yes,Light,Not Offered,0
C0333,31,Female,8,727.0,5831.0,Two Year,Credit Card,Fiber,0,0,156.0,10,298,3,0,0,10,North,0,Yes,Dark,Not Offered,0
C0334,51,Female,48,728.0,29685.0,Annual,Credit Card,Fiber,5,1,107.0,3,188,3,15,0,7,North,3,No,System,Not Offered,0
C0335,43,Male,54,808.0,32730.0,Annual,UPI,DSL,1,1,91.0,0,160,2,25,0,9,South,3,No,System,Not Offered,0
C0336,75,Male,9,574.0,4933.0,Two Year,NetBanking,Fiber,2,1,67.0,7,136,3,5,0,8,East,1,Yes,Light,Not Offered,0
C0337,49,Male,26,724.0,18849.0,Two Year,UPI,Fiber,3,0,200.0,7,366,2,0,1,9,West,1,No,Dark,Not Offered,0
C0338,27,Female,45,604.0,27202.0,Annual,Credit Card,DSL,0,0,157.0,20,302,2,0,0,10,West,0,No,Light,Not Offered,0
C0339,40,Male,28,872.0,24434.0,Monthly,Credit Card,DSL,4,2,121.0,20,240,1,0,0,3,East,2,No,Light,Rejected,1
C0340,25,Male,38,925.0,35121.0,Two Year,Credit Card,DSL,1,0,90.0,14,142,5,0,0,10,South,2,No,Light,Not Offered,0
C0341,41,Female,36,940.0,33853.0,Monthly,Debit Card,DSL,1,1,78.0,6,164,2,0,1,7,West,2,Yes,System,Not Offered,0
C0342,46,Male,38,399.0,12893.0,Monthly,UPI,DSL,6,3,176.0,18,340,4,15,0,8,North,0,No,System,Rejected,1
C0343,48,Female,12,722.0,7790.0,Monthly,Credit Card,None,4,2,93.0,21,166,2,10,0,3,South,1,Yes,Dark,Rejected,1
C0344,18,Female,38,785.0,25378.0,Annual,UPI,Fiber,1,0,228.0,5,396,4,15,1,10,East,1,Yes,Dark,Not Offered,0
C0345,34,Male,32,424.0,13568.0,Monthly,Credit Card,DSL,5,3,139.0,21,262,3,0,4,1,West,0,No,System,Accepted,1
C0346,75,Male,12,773.0,9267.0,Monthly,Credit Card,DSL,0,0,46.0,9,102,3,0,0,8,South,2,No,Light,Not Offered,0
C0347,35,Male,13,967.0,11963.0,Two Year,Credit Card,Fiber,2,1,101.0,1,142,2,5,0,7,East,1,Yes,Light,Not Offered,0
C0348,34,Female,11,711.0,7810.0,Monthly,NetBanking,Fiber,5,1,87.0,14,171,2,0,0,4,North,3,Yes,System,Accepted,1
C0349,47,Female,30,709.0,20212.0,Monthly,Debit Card,Fiber,1,1,79.0,5,174,4,5,0,6,South,2,Yes,System,Not Offered,0
C0350,29,Female,21,795.0,15897.0,Annual,Debit Card,DSL,3,1,135.0,3,237,3,5,3,6,East,2,Yes,Dark,Not Offered,0
C0351,36,Female,8,527.0,3983.0,Two Year,Credit Card,Fiber,0,0,144.0,0,278,2,5,1,9,East,0,Yes,System,Accepted,0
C0352,48,Female,13,818.0,10127.0,Annual,NetBanking,Fiber,3,0,101.0,0,206,2,5,1,8,South,0,Yes,Dark,Not Offered,0
C0353,70,Male,30,582.0,17447.0,Annual,Debit Card,DSL,1,0,122.0,0,223,4,0,0,9,East,0,No,Dark,Not Offered,0
C0354,29,Female,3,768.0,2196.0,Monthly,Credit Card,Fiber,2,1,121.0,1,228,2,5,2,5,West,2,No,Light,Rejected,1
C0355,33,Female,14,650.0,7293.0,Monthly,NetBanking,DSL,1,1,85.0,0,187,4,20,0,7,East,2,No,Light,Not Offered,0
C0356,20,Male,42,890.0,37389.0,Monthly,Credit Card,Fiber,2,1,120.0,0,228,3,0,1,6,West,0,Yes,System,Not Offered,0
C0357,48,Male,24,606.0,6539.0,Monthly,Credit Card,DSL,1,0,125.0,7,235,2,10,0,9,East,0,No,Dark,Not Offered,0
C0358,18,Male,7,850.0,5963.0,Monthly,Credit Card,Fiber,3,1,129.0,9,225,3,0,1,5,South,1,Yes,System,Rejected,1
C0359,53,Male,31,913.0,28301.0,Annual,Credit Card,None,1,0,101.0,1,183,2,0,5,8,North,1,No,System,Not Offered,0
C0360,18,Male,40,668.0,21354.0,Monthly,UPI,Fiber,3,2,157.0,5,299,2,20,0,8,West,0,No,System,Rejected,1
C0361,49,Male,22,761.0,16752.0,Monthly,NetBanking,DSL,1,1,57.0,1,123,2,0,0,6,East,1,No,Dark,Not Offered,0
C0362,41,Female,16,744.0,11901.0,Annual,UPI,Fiber,5,0,115.0,9,224,2,0,0,7,East,2,Yes,System,Not Offered,0
C0363,31,Female,61,477.0,27612.0,Annual,NetBanking,DSL,1,1,48.0,9,92,3,5,0,9,East,2,Yes,Dark,Not Offered,0
C0364,49,Male,26,997.0,24615.0,Annual,NetBanking,DSL,0,0,117.0,0,222,3,5,1,9,North,0,Yes,Dark,Not Offered,0
C0365,47,Male,24,720.0,25185.0,Monthly,NetBanking,Fiber,4,1,127.0,2,217,3,0,1,4,East,0,Yes,Dark,Rejected,1
C0366,45,Male,10,737.0,7361.0,Annual,UPI,Fiber,2,0,97.0,0,198,4,0,0,8,West,2,No,Dark,Not Offered,0
C0367,28,Male,11,1045.0,10341.0,Annual,Credit Card,Fiber,1,1,131.0,3,257,4,10,0,7,East,0,Yes,System,Not Offered,0
C0368,65,Male,12,1099.0,9905.0,Annual,Credit Card,Fiber,0,0,104.0,11,195,3,25,1,10,North,0,Yes,Light,Not Offered,0
C0369,37,Female,27,401.0,10843.0,Monthly,Credit Card,DSL,0,0,125.0,0,222,3,0,0,9,South,2,Yes,Light,Not Offered,0
C0370,34,Male,54,632.0,32393.0,Two Year,UPI,Fiber,3,2,127.0,12,258,2,5,0,6,South,0,No,Dark,Not Offered,0
C0371,35,Male,9,758.0,6136.0,Monthly,NetBanking,DSL,4,1,103.0,9,209,2,10,0,5,North,0,No,System,Rejected,1
C0372,46,Female,17,719.0,12197.0,Monthly,Debit Card,Fiber,0,0,202.0,12,371,3,0,2,8,East,1,No,Light,Not Offered,0
C0373,47,Female,49,748.0,36628.0,Monthly,UPI,Fiber,0,0,101.0,26,190,1,0,0,9,North,1,No,Dark,Not Offered,0
C0374,35,Female,3,630.0,1817.0,Monthly,NetBanking,None,3,1,129.0,6,237,2,5,0,8,West,1,Yes,System,Not Offered,0
C0375,24,Male,40,810.0,30772.0,Annual,Debit Card,Fiber,1,0,166.0,0,301,1,5,3,10,South,0,Yes,Dark,Accepted,0
C0376,57,Male,4,462.0,1826.0,Monthly,Credit Card,Fiber,1,1,64.0,27,134,3,0,4,5,East,1,Yes,Dark,Rejected,1
C0377,54,Male,24,679.0,16779.0,Annual,Credit Card,Fiber,4,3,91.0,14,165,4,5,4,3,West,2,Yes,Light,Rejected,1
C0378,55,Female,30,457.0,13696.0,Monthly,Credit Card,DSL,6,2,74.0,16,159,2,0,0,8,South,1,No,Dark,Not Offered,0
C0379,45,Male,6,474.0,2848.0,Monthly,Debit Card,DSL,1,0,178.0,2,333,3,0,0,6,North,0,No,Light,Not Offered,0
C0380,65,Female,36,806.0,27582.0,Two Year,Debit Card,Fiber,5,1,159.0,12,301,5,5,0,6,South,1,Yes,Dark,Not Offered,0
C0381,21,Female,31,552.0,15381.0,Annual,UPI,DSL,7,1,155.0,13,276,2,10,3,6,East,0,Yes,Light,Not Offered,0
C0382,44,Male,46,533.0,20849.0,Monthly,UPI,Fiber,8,0,138.0,3,250,3,15,1,6,East,0,Yes,Light,Not Offered,0
C0383,38,Female,14,554.0,6574.0,Two Year,Credit Card,DSL,3,0,191.0,9,332,3,15,0,9,South,0,Yes,System,Not Offered,0
C0384,35,Female,23,565.0,10383.0,Annual,Debit Card,Fiber,2,1,132.0,2,248,1,20,0,8,South,1,No,System,Not Offered,0
C0385,26,Female,21,820.0,16337.0,Monthly,UPI,Fiber,6,1,134.0,30,267,4,5,0,3,North,0,Yes,System,Accepted,1
C0386,45,Female,22,699.0,14618.0,Two Year,UPI,Fiber,4,1,95.0,0,161,3,5,1,7,East,0,No,Dark,Not Offered,0
C0387,19,Male,28,777.0,20649.0,Annual,UPI,Fiber,0,0,77.0,0,135,2,5,2,9,North,1,No,Dark,Not Offered,0
C0388,18,Female,26,725.0,17906.0,Monthly,NetBanking,Fiber,4,0,153.0,5,289,3,5,1,7,South,1,Yes,Dark,Not Offered,0
C0389,32,Male,28,728.0,20339.0,Monthly,UPI,Fiber,2,1,165.0,11,312,3,0,0,6,East,0,Yes,System,Not Offered,0
C0390,46,Male,40,885.0,33616.0,Monthly,NetBanking,Fiber,1,1,66.0,3,101,3,5,0,6,West,1,Yes,Dark,Not Offered,0
C0391,25,Female,17,435.0,7392.0,Two Year,UPI,Fiber,1,0,129.0,8,224,3,0,0,10,West,0,Yes,System,Not Offered,0
C0392,22,Male,18,601.0,9199.0,Monthly,Credit Card,DSL,0,0,92.0,4,169,2,15,0,9,North,0,Yes,System,Not Offered,0
C0393,41,Male,4,704.0,2795.0,Annual,NetBanking,Fiber,3,1,182.0,10,308,4,0,0,6,North,0,No,Light,Not Offered,0
C0394,51,Male,25,850.0,21290.0,Two Year,UPI,Fiber,0,0,140.0,16,265,3,0,0,10,East,1,Yes,Light,Not Offered,0
C0395,20,Male,19,602.0,9699.0,Monthly,Debit Card,DSL,2,1,139.0,1,265,3,15,0,7,West,2,No,Dark,Not Offered,0
C0396,46,Male,45,748.0,30324.0,Monthly,Credit Card,Fiber,0,0,90.0,5,162,3,10,1,9,North,0,No,System,Not Offered,0
C0397,54,Male,27,752.0,18275.0,Two Year,NetBanking,Fiber,3,1,111.0,16,217,2,10,0,8,North,0,No,Dark,Not Offered,0
C0398,26,Male,9,758.0,5484.0,Monthly,Credit Card,Fiber,1,1,114.0,0,227,3,20,0,6,West,0,Yes,Dark,Rejected,1
C0399,68,Female,16,662.0,9501.0,Annual,UPI,Fiber,1,0,114.0,0,171,0,10,1,10,North,0,Yes,Dark,Not Offered,0
C0400,43,Female,8,714.0,5712.0,Two Year,Credit Card,Fiber,0,0,119.0,4,252,2,0,2,9,South,1,No,Dark,Not Offered,0
C0401,48,Female,13,843.0,9327.0,Annual,Credit Card,Fiber,0,0,61.0,14,117,3,15,1,10,South,0,Yes,Dark,Not Offered,0
C0402,32,Female,58,552.0,28801.0,Monthly,UPI,DSL,3,1,115.0,5,228,5,10,3,7,West,3,No,Light,Not Offered,0
C0403,18,Female,14,621.0,8686.0,Monthly,Credit Card,DSL,2,1,104.0,1,202,5,0,0,6,East,1,Yes,Light,Not Offered,0
C0404,27,Male,11,717.0,7243.0,Monthly,UPI,Fiber,1,1,172.0,6,306,5,10,0,6,West,1,No,Light,Rejected,1
C0405,58,Female,37,414.0,13806.0,Two Year,Credit Card,Fiber,0,0,43.0,2,105,3,10,0,10,North,0,No,Dark,Not Offered,0
C0406,38,Female,24,633.0,15172.0,Two Year,Credit Card,Fiber,0,0,114.0,3,111,3,0,0,10,North,1,No,Dark,Not Offered,0
C0407,42,Female,22,1037.0,19360.0,Two Year,NetBanking,Fiber,2,0,100.0,6,233,4,15,0,10,East,1,No,Dark,Not Offered,0
C0408,27,Male,37,701.0,25939.0,Monthly,NetBanking,DSL,0,0,221.0,3,397,3,0,0,9,North,2,No,Dark,Not Offered,0
C0409,24,Male,55,835.0,41302.0,Two Year,Credit Card,Fiber,0,0,142.0,22,286,2,10,1,10,West,1,Yes,Light,Not Offered,0
C0410,40,Female,23,731.0,13451.0,Annual,UPI,DSL,2,0,112.0,4,201,2,20,0,9,South,0,No,System,Not Offered,0
C0411,30,Male,35,689.0,22898.0,Annual,UPI,DSL,1,0,102.0,10,207,4,5,2,9,North,0,No,System,Not Offered,0
C0412,45,Male,22,717.0,13937.0,Two Year,Credit Card,DSL,1,1,129.0,25,234,3,10,0,9,East,2,No,Dark,Not Offered,0
C0413,55,Male,43,545.0,23439.0,Monthly,UPI,DSL,0,0,33.0,12,107,2,0,0,9,North,0,Yes,Dark,Not Offered,0
C0414,31,Female,46,613.0,26798.0,Two Year,UPI,Fiber,3,1,163.0,6,305,1,5,2,8,North,2,Yes,Dark,Not Offered,0
C0415,45,Female,7,1041.0,7307.0,Monthly,UPI,Fiber,2,1,130.0,5,234,2,0,1,6,South,1,Yes,Dark,Accepted,0
C0416,52,Female,24,574.0,9752.0,Annual,Debit Card,DSL,3,1,151.0,21,284,2,0,4,6,South,2,Yes,System,Not Offered,0
C0417,51,Female,24,882.0,8725.0,Monthly,Credit Card,Fiber,4,1,174.0,9,283,3,10,1,5,South,2,No,System,Rejected,1
C0418,54,Male,12,701.0,8410.0,Two Year,UPI,Fiber,3,1,111.0,14,209,3,0,1,7,South,0,Yes,Dark,Not Offered,0
C0419,25,Male,18,425.0,7299.0,Two Year,Credit Card,Fiber,3,0,114.0,8,236,3,5,0,10,South,1,No,Light,Not Offered,0
C0420,36,Female,24,610.0,16464.0,Two Year,UPI,Fiber,1,0,64.0,4,138,1,0,0,10,East,1,Yes,Light,Not Offered,0
C0421,74,Female,17,578.0,9301.0,Monthly,Credit Card,DSL,0,0,106.0,0,203,3,5,0,9,West,0,Yes,Dark,Not Offered,0
C0422,39,Male,53,486.0,25724.0,Monthly,UPI,DSL,0,0,53.0,23,143,2,0,0,9,South,3,Yes,Dark,Accepted,0
C0423,75,Female,18,621.0,9510.0,Annual,UPI,Fiber,1,0,88.0,2,160,2,15,0,9,West,1,No,Light,Not Offered,0
C0424,41,Female,29,895.0,25933.0,Annual,Debit Card,Fiber,0,0,153.0,7,278,5,0,0,8,East,0,No,System,Not Offered,0
C0425,29,Male,29,1238.0,35911.0,Two Year,Credit Card,DSL,0,0,78.0,3,171,2,0,1,9,South,0,Yes,Dark,Not Offered,0
C0426,33,Female,47,557.0,20940.0,Monthly,Credit Card,Fiber,2,0,80.0,6,189,3,20,0,8,South,0,Yes,System,Not Offered,0
C0427,44,Male,24,781.0,14613.0,Two Year,Credit Card,Fiber,1,0,72.0,2,124,2,15,0,10,East,1,No,Dark,Not Offered,0
C0428,34,Male,16,935.0,14203.0,Two Year,Debit Card,DSL,1,1,142.0,6,248,2,5,0,7,South,1,No,Light,Not Offered,0
C0429,40,Male,9,947.0,6829.0,Annual,Debit Card,DSL,0,0,134.0,8,248,2,20,0,10,South,1,No,Light,Not Offered,0
C0430,29,Female,38,717.0,24430.0,Monthly,Credit Card,DSL,0,0,175.0,4,322,3,10,0,9,North,0,Yes,Dark,Not Offered,0
C0431,31,Female,32,619.0,18840.0,Monthly,Debit Card,Fiber,2,1,104.0,1,209,1,5,0,5,West,2,Yes,Light,Accepted,0
C0432,40,Female,30,971.0,29138.0,Monthly,Credit Card,Fiber,0,0,114.0,5,263,5,0,0,8,South,1,Yes,System,Not Offered,0
C0433,30,Female,14,793.0,9435.0,Monthly,NetBanking,Fiber,1,1,114.0,35,230,4,15,2,7,South,0,Yes,System,Rejected,1
C0434,40,Male,13,717.0,6548.0,Annual,NetBanking,Fiber,2,0,58.0,7,132,2,20,0,9,North,1,No,Dark,Not Offered,0
C0435,22,Male,17,831.0,13410.0,Monthly,Credit Card,Fiber,1,1,54.0,6,109,3,5,1,7,East,1,Yes,Light,Not Offered,0
C0436,29,Female,24,626.0,34936.0,Annual,UPI,Fiber,0,0,77.0,7,182,2,10,3,10,West,0,Yes,Light,Not Offered,0
C0437,39,Male,60,703.0,40051.0,Monthly,Debit Card,DSL,3,0,175.0,9,327,3,5,0,8,West,0,Yes,System,Not Offered,0
C0438,33,Male,24,717.0,32773.0,Annual,Debit Card,Fiber,1,1,160.0,30,273,4,0,0,8,North,0,Yes,Light,Not Offered,0
C0439,40,Male,15,764.0,10331.0,Monthly,Credit Card,DSL,3,1,144.0,3,268,4,10,0,6,West,0,No,Dark,Not Offered,0
C0440,39,Male,53,394.0,18788.0,Monthly,NetBanking,DSL,0,0,47.0,4,103,1,10,0,10,North,0,No,Light,Not Offered,0
C0441,69,Female,39,311.0,11544.0,Annual,NetBanking,DSL,0,0,67.0,7,139,4,5,0,10,South,0,Yes,Dark,Not Offered,0
C0442,33,Female,33,832.0,27424.0,Annual,UPI,Fiber,0,0,103.0,5,190,3,0,1,8,North,1,No,Light,Not Offered,0
C0443,41,Male,27,792.0,16037.0,Monthly,UPI,Fiber,1,1,148.0,4,292,3,25,1,7,East,0,No,Light,Not Offered,0
C0444,47,Male,19,499.0,9005.0,Annual,NetBanking,Fiber,1,0,142.0,8,247,4,5,0,10,East,0,Yes,Dark,Not Offered,0
C0445,50,Female,39,881.0,34363.0,Monthly,Credit Card,Fiber,3,2,63.0,3,103,2,0,1,5,South,0,Yes,Dark,Rejected,1
C0446,35,Female,10,313.0,2690.0,Monthly,UPI,DSL,2,1,107.0,0,191,2,15,5,6,East,2,Yes,Light,Not Offered,0
C0447,47,Female,19,918.0,16616.0,Monthly,UPI,Fiber,2,1,151.0,13,289,2,5,2,6,West,0,No,System,Not Offered,0
C0448,57,Male,38,603.0,20615.0,Monthly,UPI,Fiber,7,0,114.0,9,137,3,10,0,7,South,0,Yes,Dark,Rejected,1
C0449,34,Female,19,898.0,15340.0,Monthly,UPI,Fiber,5,2,103.0,56,195,2,10,2,3,East,3,Yes,Dark,Accepted,1
C0450,53,Male,33,569.0,18802.0,Annual,Credit Card,DSL,5,0,181.0,12,347,3,0,0,7,South,0,Yes,System,Not Offered,0
C0451,30,Male,21,627.0,13182.0,Annual,UPI,DSL,0,0,53.0,12,109,4,0,1,10,East,0,Yes,System,Not Offered,0
C0452,51,Male,9,722.0,6464.0,Monthly,NetBanking,DSL,3,1,132.0,10,247,4,0,0,4,West,1,No,Dark,Rejected,1
C0453,33,Female,30,791.0,22557.0,Monthly,UPI,Fiber,1,1,144.0,6,272,1,5,3,7,North,2,No,Dark,Not Offered,0
C0454,44,Female,42,908.0,38133.0,Annual,UPI,Fiber,0,0,140.0,7,252,2,0,1,10,South,1,No,Light,Not Offered,0
C0455,36,Male,35,847.0,28207.0,Annual,NetBanking,Fiber,2,1,77.0,3,137,2,5,0,6,North,0,Yes,Light,Not Offered,0
C0456,46,Female,17,820.0,10441.0,Annual,Debit Card,Fiber,0,0,134.0,10,257,2,25,0,10,South,1,Yes,Light,Not Offered,0
C0457,47,Male,12,697.0,8348.0,Monthly,Credit Card,DSL,2,1,142.0,4,277,3,0,0,6,North,0,No,Dark,Accepted,1
C0458,54,Male,19,856.0,13824.0,Annual,UPI,DSL,1,0,78.0,3,156,3,15,1,10,South,0,No,Dark,Not Offered,0
C0459,47,Female,18,637.0,10342.0,Monthly,UPI,DSL,1,1,208.0,0,381,2,10,1,7,North,2,No,System,Rejected,1
C0460,43,Female,26,479.0,11829.0,Monthly,UPI,Fiber,3,1,83.0,3,172,1,5,0,6,South,1,Yes,Dark,Not Offered,0
C0461,24,Female,17,453.0,7698.0,Monthly,UPI,Fiber,2,0,78.0,1,153,4,0,0,8,North,0,Yes,Light,Not Offered,0
C0462,35,Male,28,745.0,18749.0,Monthly,UPI,Fiber,5,2,110.0,14,200,6,10,0,3,East,0,Yes,Light,Rejected,1
C0463,33,Male,41,623.0,25544.0,Monthly,Debit Card,Fiber,0,0,69.0,13,111,3,0,0,9,South,0,No,Light,Not Offered,0
C0464,19,Female,46,1033.0,47530.0,Annual,UPI,Fiber,4,0,64.0,2,144,3,0,0,8,East,0,No,System,Not Offered,0
C0465,44,Female,32,499.0,14354.0,Monthly,UPI,Fiber,2,0,54.0,7,117,3,10,3,9,South,0,No,Light,Accepted,0
C0466,36,Female,19,717.0,12516.0,Monthly,Credit Card,Fiber,6,4,98.0,14,188,1,0,3,1,South,1,Yes,System,Rejected,1
C0467,38,Female,60,1203.0,61367.0,Annual,NetBanking,Fiber,2,1,87.0,3,160,2,15,2,8,South,3,No,Dark,Not Offered,0
C0468,34,Male,24,561.0,7446.0,Annual,Credit Card,Fiber,0,0,151.0,6,263,2,5,0,9,West,0,Yes,Dark,Not Offered,0
C0469,57,Female,25,522.0,13055.0,Two Year,UPI,DSL,3,2,128.0,16,230,1,0,0,6,North,2,Yes,Dark,Not Offered,0
C0470,27,Male,27,907.0,22063.0,Annual,UPI,DSL,0,0,189.0,15,363,3,10,3,9,West,0,Yes,Light,Not Offered,0
C0471,56,Female,41,458.0,15955.0,Annual,UPI,None,1,0,86.0,3,154,3,15,1,10,South,1,No,Dark,Not Offered,0
C0472,42,Female,38,639.0,23081.0,Annual,UPI,Fiber,1,1,51.0,3,112,1,5,0,8,South,1,Yes,System,Not Offered,0
C0473,62,Male,26,639.0,16571.0,Annual,Credit Card,DSL,0,0,113.0,5,222,3,0,2,9,East,0,No,System,Not Offered,0
C0474,34,Female,60,774.0,46424.0,Monthly,UPI,Fiber,3,1,111.0,17,201,3,0,0,6,South,0,Yes,System,Not Offered,0
C0475,48,Male,36,847.0,27423.0,Monthly,Debit Card,Fiber,1,0,88.0,0,164,3,10,0,9,North,1,Yes,Dark,Not Offered,0
C0476,29,Male,8,579.0,4634.0,Annual,UPI,DSL,0,0,94.0,14,182,3,0,0,8,South,0,Yes,System,Not Offered,0
C0477,42,Female,33,1013.0,31758.0,Annual,Credit Card,Fiber,0,0,84.0,0,164,2,5,1,9,West,0,No,Light,Not Offered,0
C0478,54,Male,8,609.0,4865.0,Monthly,UPI,Fiber,3,1,96.0,2,184,4,0,1,5,North,1,Yes,Dark,Rejected,1
C0479,39,Female,13,973.0,11431.0,Annual,UPI,Fiber,0,0,181.0,10,316,2,10,0,10,East,2,Yes,Light,Not Offered,0
C0480,39,Female,5,734.0,3310.0,Monthly,UPI,Fiber,3,2,83.0,23,146,4,10,0,3,East,1,Yes,System,Rejected,1
C0481,39,Female,16,667.0,10674.0,Monthly,UPI,Fiber,1,1,131.0,2,239,4,0,0,7,South,1,No,System,Not Offered,0
C0482,62,Female,18,791.0,14288.0,Annual,Debit Card,Fiber,0,0,142.0,6,264,1,0,0,8,South,0,No,Light,Not Offered,0
C0483,36,Male,26,339.0,8822.0,Annual,Credit Card,Fiber,0,0,189.0,5,333,2,0,0,10,South,0,No,System,Not Offered,0
C0484,48,Male,14,786.0,10457.0,Annual,Credit Card,Fiber,2,1,76.0,12,141,2,5,0,8,East,1,No,Dark,Not Offered,0
C0485,54,Female,15,630.0,9486.0,Annual,Debit Card,DSL,3,2,93.0,3,173,3,0,0,5,North,1,Yes,Light,Not Offered,0
C0486,64,Male,72,869.0,56330.0,Monthly,NetBanking,Fiber,0,0,51.0,0,83,3,10,1,8,North,0,Yes,Dark,Not Offered,0
C0487,28,Male,11,489.0,5376.0,Monthly,UPI,Fiber,5,1,71.0,3,139,1,0,0,4,East,0,Yes,System,Rejected,1
C0488,51,Female,35,779.0,25893.0,Annual,UPI,DSL,0,0,105.0,2,199,3,5,1,9,North,0,No,Dark,Not Offered,0
C0489,24,Male,28,814.0,20525.0,Monthly,UPI,Fiber,0,0,125.0,9,247,1,10,0,8,North,0,Yes,Dark,Not Offered,0
C0490,73,Female,20,861.0,15491.0,Monthly,Debit Card,DSL,0,0,155.0,3,275,2,10,1,9,North,1,No,Light,Not Offered,0
C0491,38,Male,15,836.0,12535.0,Monthly,NetBanking,Fiber,2,1,93.0,31,170,3,0,0,6,East,1,Yes,System,Rejected,1
C0492,26,Male,57,1093.0,59223.0,Annual,UPI,DSL,2,0,65.0,3,136,2,5,5,10,North,0,No,System,Not Offered,0
C0493,40,Male,43,561.0,24133.0,Two Year,UPI,DSL,0,0,67.0,23,135,2,0,1,10,South,1,No,Dark,Not Offered,0
C0494,64,Male,24,809.0,13086.0,Two Year,UPI,Fiber,1,0,153.0,14,289,3,15,0,10,West,0,No,System,Not Offered,0
C0495,57,Male,24,845.0,16854.0,Annual,Credit Card,Fiber,0,0,92.0,2,181,5,5,0,10,North,0,No,Dark,Not Offered,0
C0496,35,Male,33,574.0,17041.0,Monthly,NetBanking,DSL,1,1,126.0,2,244,2,10,3,7,West,1,Yes,Dark,Not Offered,0
C0497,42,Male,37,807.0,26878.0,Monthly,NetBanking,DSL,3,1,119.0,14,238,3,10,1,6,South,0,No,Light,Not Offered,0
C0498,42,Male,63,704.0,44354.0,Annual,UPI,DSL,1,0,87.0,10,196,2,0,0,10,East,2,No,System,Not Offered,0
C0499,41,Female,23,792.0,16374.0,Monthly,UPI,Fiber,3,2,67.0,18,121,4,10,0,4,South,1,Yes,System,Accepted,1
C0500,50,Male,24,879.0,25857.0,Annual,UPI,DSL,2,1,59.0,5,132,1,5,0,7,North,2,Yes,Light,Not Offered,0
C0501,33,Female,49,798.0,35189.0,Two Year,UPI,Fiber,1,0,103.0,7,220,2,10,2,10,West,1,No,Dark,Not Offered,0
C0502,45,Male,33,427.0,12683.0,Two Year,Debit Card,Fiber,2,0,185.0,3,317,3,10,0,9,South,1,Yes,Dark,Not Offered,0
C0503,33,Male,19,717.0,11375.0,Annual,UPI,DSL,2,1,120.0,18,230,1,5,0,8,North,0,No,System,Not Offered,0
C0504,57,Female,9,985.0,7584.0,Monthly,UPI,Fiber,3,2,127.0,18,232,2,15,2,3,East,0,Yes,Light,Rejected,1
C0505,29,Female,28,384.0,8616.0,Monthly,NetBanking,Fiber,3,0,124.0,14,219,1,20,0,9,North,0,No,System,Not Offered,0
C0506,38,Male,50,708.0,33620.0,Annual,UPI,DSL,3,2,61.0,3,143,3,5,0,5,South,0,No,Dark,Not Offered,0
C0507,40,Female,17,752.0,11476.0,Annual,NetBanking,Fiber,2,0,141.0,1,258,1,10,3,9,West,0,Yes,System,Not Offered,0
C0508,54,Male,31,654.0,20279.0,Monthly,NetBanking,Fiber,2,1,130.0,6,220,1,0,3,6,East,0,No,Light,Not Offered,0
C0509,48,Female,12,855.0,10278.0,Annual,Credit Card,Fiber,0,0,92.0,28,182,4,0,1,9,East,1,Yes,Dark,Accepted,0
C0510,38,Male,19,781.0,14820.0,Annual,UPI,DSL,4,2,125.0,15,236,3,0,1,4,South,2,No,Dark,Rejected,1
C0511,35,Female,72,743.0,53506.0,Two Year,UPI,DSL,0,0,95.0,12,176,3,0,1,10,East,1,Yes,Light,Not Offered,0
C0512,52,Male,8,717.0,2335.0,Annual,NetBanking,Fiber,1,0,68.0,10,116,1,5,0,9,North,1,No,Light,Not Offered,0
C0513,55,Female,26,632.0,13143.0,Monthly,Debit Card,DSL,4,1,122.0,7,204,2,20,0,5,South,0,Yes,Light,Rejected,1
C0514,40,Male,7,504.0,3328.0,Two Year,Credit Card,DSL,0,0,68.0,6,145,3,5,0,10,West,0,Yes,Light,Not Offered,0
C0515,18,Male,16,966.0,13161.0,Two Year,UPI,DSL,2,0,135.0,1,251,3,15,1,10,North,0,No,Light,Not Offered,0
C0516,40,Female,46,522.0,24040.0,Monthly,UPI,DSL,0,0,104.0,8,203,3,0,3,9,South,1,No,Light,Not Offered,0
C0517,58,Male,17,432.0,7327.0,Monthly,Credit Card,Fiber,1,0,202.0,1,398,2,0,1,8,West,2,Yes,System,Not Offered,0
C0518,35,Male,45,595.0,26782.0,Monthly,UPI,None,0,0,159.0,1,302,2,0,0,9,West,1,No,Dark,Not Offered,0
C0519,55,Male,32,836.0,25427.0,Monthly,Credit Card,Fiber,0,0,63.0,5,122,4,5,0,9,West,0,Yes,System,Not Offered,0
C0520,30,Female,5,444.0,2240.0,Annual,Credit Card,DSL,3,0,98.0,1,178,1,0,0,8,East,3,No,Light,Not Offered,0
C0521,35,Male,21,753.0,15038.0,Annual,Debit Card,Fiber,3,2,96.0,7,175,1,5,0,5,West,0,Yes,System,Not Offered,0
C0522,43,Female,33,879.0,29011.0,Annual,UPI,Fiber,2,1,114.0,1,166,4,0,0,7,East,2,Yes,Light,Not Offered,0
C0523,74,Male,15,955.0,12888.0,Annual,UPI,DSL,1,0,121.0,5,217,2,10,1,10,North,1,Yes,Dark,Not Offered,0
C0524,40,Female,10,686.0,5846.0,Monthly,NetBanking,Fiber,2,1,20.0,1,70,2,15,2,6,West,0,No,Dark,Rejected,1
C0525,66,Male,34,653.0,21080.0,Monthly,Credit Card,Fiber,1,0,54.0,19,120,3,5,1,8,East,0,No,Light,Accepted,0
C0526,66,Male,24,663.0,7942.0,Monthly,UPI,Fiber,1,1,211.0,13,369,1,0,0,6,West,1,Yes,Light,Rejected,1
C0527,32,Female,13,678.0,8830.0,Two Year,UPI,DSL,1,0,117.0,3,202,4,0,0,10,South,3,No,Light,Not Offered,0
C0528,40,Female,27,623.0,13478.0,Monthly,NetBanking,DSL,1,0,95.0,11,169,3,20,0,8,South,2,Yes,Dark,Not Offered,0
C0529,18,Male,13,783.0,7663.0,Monthly,NetBanking,Fiber,1,0,127.0,0,232,1,25,1,8,South,1,Yes,Dark,Not Offered,0
C0530,28,Male,38,1019.0,38726.0,Annual,Credit Card,Fiber,2,0,149.0,1,293,2,0,0,10,South,0,Yes,System,Not Offered,0
C0531,24,Female,44,890.0,33286.0,Monthly,Credit Card,DSL,1,0,78.0,2,141,2,15,3,10,North,1,Yes,System,Not Offered,0
C0532,18,Male,24,656.0,14186.0,Two Year,UPI,Fiber,1,0,149.0,3,293,2,10,1,10,East,3,Yes,Dark,Not Offered,0
C0533,45,Female,7,529.0,3738.0,Two Year,Credit Card,DSL,5,0,94.0,3,182,3,0,1,7,East,0,Yes,Dark,Not Offered,0
C0534,54,Female,22,747.0,14792.0,Monthly,NetBanking,DSL,1,1,120.0,0,222,3,10,0,5,North,0,No,Dark,Not Offered,0
C0535,49,Female,23,683.0,15737.0,Annual,Credit Card,DSL,1,0,80.0,2,153,99,0,0,10,North,1,No,Light,Not Offered,0
C0536,49,Male,31,628.0,18502.0,Monthly,NetBanking,DSL,2,0,138.0,5,258,2,5,0,7,East,2,No,Dark,Not Offered,0
C0537,49,Male,46,704.0,29150.0,Two Year,Credit Card,Fiber,0,0,150.0,1,275,2,10,2,10,South,3,No,System,Not Offered,0
C0538,34,Female,27,615.0,14966.0,Monthly,UPI,Fiber,4,1,44.0,6,116,3,10,0,5,North,0,No,Light,Not Offered,0
C0539,47,Male,39,767.0,29902.0,Two Year,UPI,Fiber,0,0,94.0,10,180,3,0,1,10,North,0,Yes,System,Not Offered,0
C0540,51,Male,12,598.0,7193.0,Monthly,UPI,Fiber,1,1,152.0,5,274,3,0,1,8,East,0,Yes,Dark,Rejected,1
C0541,44,Female,8,968.0,7729.0,Annual,UPI,Fiber,1,1,117.0,4,227,3,0,1,6,East,1,Yes,Dark,Not Offered,0
C0542,53,Male,26,483.0,11273.0,Monthly,UPI,Fiber,0,0,84.0,1,183,3,10,0,8,North,0,No,Light,Not Offered,0
C0543,41,Male,32,541.0,17303.0,Monthly,UPI,Fiber,1,0,114.0,4,250,3,0,0,7,North,1,Yes,System,Not Offered,0
C0544,50,Female,4,618.0,1936.0,Two Year,NetBanking,Fiber,1,0,203.0,0,345,4,20,0,9,North,0,Yes,Dark,Not Offered,0
C0545,45,Male,22,751.0,16530.0,Monthly,Debit Card,DSL,0,0,93.0,29,186,2,0,2,8,West,0,Yes,Light,Not Offered,0
C0546,57,Female,11,674.0,7414.0,Annual,UPI,DSL,1,1,76.0,25,125,3,0,0,6,North,0,Yes,Light,Not Offered,0
C0547,61,Male,40,691.0,26240.0,Two Year,UPI,Fiber,0,0,170.0,0,309,4,5,2,10,East,3,Yes,Light,Not Offered,0
C0548,40,Male,21,898.0,18885.0,Monthly,Credit Card,Fiber,4,2,80.0,16,181,2,0,0,2,East,1,No,Light,Accepted,1
C0549,27,Male,7,875.0,5205.0,Annual,NetBanking,DSL,7,4,181.0,20,323,3,15,0,1,East,2,No,Light,Rejected,1
C0550,26,Female,41,941.0,38573.0,Annual,UPI,Fiber,2,0,149.0,11,252,4,0,0,10,North,1,Yes,Dark,Not Offered,0
C0551,50,Male,19,680.0,12913.0,Annual,UPI,Fiber,0,0,114.0,8,251,3,0,0,9,East,3,No,System,Not Offered,0
C0552,40,Female,7,717.0,5569.0,Monthly,NetBanking,Fiber,6,1,123.0,4,222,2,10,0,4,North,1,Yes,Dark,Rejected,1
C0553,49,Female,53,862.0,45663.0,Monthly,UPI,Fiber,3,1,127.0,4,206,3,0,3,6,North,0,Yes,Light,Not Offered,0
C0554,39,Female,39,717.0,27933.0,Two Year,Credit Card,Fiber,0,0,114.0,3,235,1,0,0,10,East,0,No,Dark,Not Offered,0
C0555,47,Male,50,798.0,35924.0,Monthly,Credit Card,Fiber,0,0,112.0,3,207,1,10,0,9,East,0,No,System,Not Offered,0
C0556,50,Male,72,774.0,55722.0,Monthly,Credit Card,Fiber,0,0,157.0,1,278,3,0,0,9,West,1,Yes,System,Not Offered,0
C0557,41,Male,11,699.0,7669.0,Two Year,UPI,Fiber,1,0,88.0,0,170,2,0,2,9,West,0,No,System,Not Offered,0
C0558,26,Male,9,420.0,3795.0,Annual,NetBanking,Fiber,1,0,142.0,1,261,2,0,2,8,West,0,No,System,Not Offered,0
C0559,39,Male,34,516.0,17508.0,Monthly,Credit Card,DSL,6,1,96.0,12,158,3,0,0,4,West,0,No,Light,Rejected,1
C0560,34,Male,55,478.0,24991.0,Annual,Credit Card,Fiber,0,0,68.0,2,121,3,5,0,10,East,1,Yes,Light,Not Offered,0
C0561,32,Male,14,656.0,8718.0,Annual,NetBanking,DSL,1,0,156.0,1,304,2,5,0,10,West,1,No,Dark,Not Offered,0
C0562,35,Female,50,366.0,13768.0,Monthly,Credit Card,Fiber,4,3,28.0,4,58,2,25,2,4,West,2,No,System,Not Offered,0
C0563,58,Female,14,299.0,4185.0,Annual,Credit Card,Fiber,0,0,127.0,0,241,3,0,0,8,East,0,Yes,Dark,Not Offered,0
C0564,24,Female,18,536.0,9614.0,Monthly,NetBanking,Fiber,3,2,76.0,23,136,2,0,0,3,North,2,No,Dark,Rejected,1
C0565,50,Male,25,777.0,16511.0,Monthly,Credit Card,Fiber,1,1,162.0,13,273,2,15,2,7,North,0,No,Light,Not Offered,0
C0566,23,Male,28,682.0,18149.0,Annual,UPI,DSL,0,0,66.0,1,113,2,5,0,9,North,1,Yes,System,Not Offered,0
C0567,48,Female,16,420.0,6699.0,Monthly,UPI,Fiber,3,2,77.0,1,157,2,0,0,4,West,0,Yes,Light,Rejected,1
C0568,35,Female,9,611.0,5459.0,Annual,NetBanking,Fiber,1,0,187.0,9,330,3,0,2,9,South,2,No,Dark,Not Offered,0
C0569,48,Female,10,759.0,6842.0,Annual,NetBanking,Fiber,0,0,140.0,1,253,5,10,0,9,North,1,No,System,Not Offered,0
C0570,40,Male,25,750.0,16888.0,Annual,UPI,Fiber,0,0,92.0,20,193,3,10,3,9,West,1,No,Light,Not Offered,0
C0571,42,Female,23,717.0,8777.0,Monthly,NetBanking,Fiber,1,0,145.0,4,258,3,5,1,8,South,1,No,Dark,Not Offered,0
C0572,25,Female,70,561.0,31423.0,Monthly,Debit Card,Fiber,3,2,150.0,7,270,3,20,0,6,North,2,No,System,Not Offered,0
C0573,38,Female,6,757.0,4514.0,Monthly,Debit Card,Fiber,1,1,114.0,11,250,2,0,0,5,East,0,Yes,Light,Rejected,1
C0574,21,Male,24,780.0,16834.0,Annual,UPI,Fiber,0,0,96.0,2,189,2,10,1,10,East,1,Yes,Dark,Not Offered,0
C0575,35,Female,30,766.0,20664.0,Annual,Debit Card,Fiber,3,2,137.0,0,252,4,10,1,5,North,0,No,Light,Not Offered,0
C0576,46,Female,17,440.0,6712.0,Two Year,Credit Card,DSL,1,1,83.0,20,171,1,10,0,9,West,2,No,Dark,Accepted,0
C0577,46,Male,18,797.0,13656.0,Monthly,Debit Card,Fiber,2,1,186.0,6,316,2,5,0,5,West,0,Yes,Light,Not Offered,0
C0578,35,Female,24,637.0,14515.0,Two Year,UPI,DSL,2,1,146.0,2,230,3,5,0,8,South,0,Yes,Dark,Not Offered,0
C0579,42,Male,3,643.0,1733.0,Two Year,Debit Card,Fiber,1,0,123.0,15,236,4,10,0,9,West,2,Yes,Dark,Accepted,0
C0580,40,Male,69,763.0,52628.0,Annual,NetBanking,Fiber,1,1,146.0,13,286,3,0,0,8,North,1,No,Light,Not Offered,0
C0581,29,Female,19,791.0,12765.0,Two Year,Credit Card,Fiber,8,5,57.0,16,122,3,15,1,1,West,0,No,Dark,Rejected,1
C0582,35,Female,36,853.0,30687.0,Annual,Credit Card,Fiber,2,1,171.0,10,300,3,0,3,7,West,2,No,System,Not Offered,0
C0583,33,Male,23,915.0,21047.0,Annual,NetBanking,Fiber,0,0,114.0,1,220,3,0,0,9,West,0,No,System,Not Offered,0
C0584,33,Female,2,764.0,1483.0,Two Year,Credit Card,DSL,3,0,114.0,0,213,2,5,1,8,South,1,No,System,Not Offered,0
C0585,43,Male,25,951.0,23780.0,Two Year,Credit Card,DSL,0,0,190.0,0,328,2,0,1,10,West,1,Yes,Dark,Not Offered,0
C0586,66,Male,9,1096.0,9892.0,Annual,Credit Card,Fiber,5,0,61.0,0,129,1,0,1,7,North,1,No,Dark,Accepted,0
C0587,51,Male,14,941.0,13204.0,Two Year,UPI,Fiber,2,1,112.0,2,201,2,0,1,8,East,0,Yes,Dark,Not Offered,0
C0588,48,Female,46,716.0,31296.0,Two Year,UPI,Fiber,1,0,110.0,11,216,1,5,0,10,West,0,Yes,System,Not Offered,0
C0589,62,Female,8,891.0,7132.0,Annual,Debit Card,DSL,1,1,94.0,7,190,1,0,0,7,West,1,Yes,System,Accepted,0
C0590,36,Male,46,432.0,17885.0,Annual,UPI,Fiber,1,0,147.0,1,267,3,10,0,10,West,0,Yes,System,Not Offered,0
C0591,30,Male,26,695.0,18086.0,Annual,NetBanking,DSL,8,0,116.0,12,235,2,0,1,6,North,2,No,Dark,Accepted,0
C0592,40,Male,42,719.0,28679.0,Monthly,NetBanking,Fiber,0,0,138.0,11,231,1,5,0,9,South,0,Yes,System,Not Offered,0
C0593,57,Female,31,655.0,20286.0,Monthly,NetBanking,Fiber,5,3,149.0,18,265,2,0,0,1,East,0,Yes,Dark,Rejected,1
C0594,60,Female,14,751.0,8934.0,Annual,UPI,DSL,4,3,157.0,24,305,5,15,1,3,South,1,Yes,Light,Rejected,1
C0595,39,Female,36,561.0,18185.0,Monthly,Debit Card,Fiber,5,3,115.0,16,245,3,10,0,2,North,0,Yes,Dark,Rejected,1
C0596,53,Male,16,800.0,12803.0,Monthly,UPI,Fiber,2,1,131.0,0,253,99,0,1,5,East,1,No,System,Not Offered,1
C0597,36,Male,17,781.0,13263.0,Monthly,NetBanking,DSL,1,0,91.0,9,159,4,0,1,8,South,0,No,Light,Not Offered,0
C0598,55,Female,45,702.0,30008.0,Annual,Credit Card,Fiber,0,0,131.0,4,238,2,5,0,10,North,0,Yes,Dark,Not Offered,0
C0599,57,Female,21,1003.0,17891.0,Annual,NetBanking,Fiber,1,0,42.0,11,78,3,15,1,10,North,1,Yes,Dark,Not Offered,0
C0600,50,Male,38,699.0,26546.0,Annual,NetBanking,DSL,2,0,115.0,4,194,3,0,0,9,South,0,Yes,Light,Not Offered,0
C0601,42,Male,44,534.0,17620.0,Annual,UPI,DSL,4,0,123.0,1,258,3,25,0,10,South,0,No,Dark,Not Offered,0
C0602,66,Male,35,597.0,16745.0,Two Year,UPI,Fiber,0,0,162.0,18,275,2,20,1,10,West,0,No,Light,Accepted,0
C0603,41,Female,27,717.0,17429.0,Annual,NetBanking,DSL,1,1,114.0,1,289,4,10,0,8,North,0,No,Dark,Not Offered,0
C0604,27,Female,6,617.0,3736.0,Annual,NetBanking,Fiber,0,0,162.0,0,284,1,0,0,9,East,0,No,Dark,Not Offered,0
C0605,21,Female,39,657.0,24338.0,Two Year,Debit Card,Fiber,2,1,161.0,1,293,1,5,0,8,South,1,No,System,Not Offered,0
C0606,45,Male,10,420.0,3555.0,Annual,Credit Card,Fiber,2,0,124.0,13,216,1,15,0,9,South,0,Yes,Light,Not Offered,0
C0607,34,Female,10,406.0,3662.0,Monthly,NetBanking,Fiber,2,1,123.0,2,219,2,10,1,5,South,0,Yes,Dark,Not Offered,0
C0608,48,Male,24,840.0,28700.0,Annual,UPI,Fiber,1,0,126.0,31,240,2,10,1,10,East,1,No,Light,Not Offered,0
C0609,31,Female,9,534.0,4821.0,Annual,Credit Card,DSL,0,0,156.0,6,307,2,0,0,9,North,0,No,Dark,Not Offered,0
C0610,33,Male,27,722.0,19468.0,Monthly,NetBanking,Fiber,1,0,104.0,4,211,3,0,0,8,North,0,No,System,Not Offered,0
C0611,29,Male,46,852.0,37253.0,Monthly,UPI,Fiber,1,0,142.0,13,271,3,5,0,9,South,1,Yes,Light,Not Offered,0
C0612,42,Male,14,1102.0,14669.0,Monthly,Credit Card,DSL,2,1,171.0,9,308,3,5,1,6,East,1,No,Dark,Rejected,1
C0613,61,Male,25,394.0,9853.0,Annual,UPI,DSL,1,0,118.0,22,190,4,0,0,9,North,1,No,Light,Not Offered,0
C0614,44,Male,27,724.0,18881.0,Annual,NetBanking,Fiber,4,0,110.0,8,190,2,0,0,7,West,3,Yes,Light,Not Offered,0
C0615,33,Male,45,783.0,33449.0,Monthly,UPI,Fiber,2,1,126.0,1,239,4,5,1,7,North,1,No,System,Not Offered,0
C0616,36,Female,16,583.0,8859.0,Two Year,NetBanking,Fiber,2,0,21.0,12,42,3,5,0,9,South,0,Yes,Light,Not Offered,0
C0617,25,Female,11,394.0,3236.0,Monthly,UPI,DSL,5,2,53.0,17,110,3,25,1,3,East,2,Yes,Dark,Rejected,1
C0618,39,Female,34,617.0,20971.0,Monthly,UPI,Fiber,0,0,141.0,2,292,5,0,0,8,West,2,No,Dark,Not Offered,0
C0619,18,Female,28,714.0,19996.0,Annual,UPI,Fiber,2,0,25.0,20,79,3,0,3,8,East,1,No,System,Not Offered,0
C0620,41,Male,13,678.0,8356.0,Monthly,NetBanking,Fiber,1,1,97.0,7,182,3,5,1,6,North,1,No,Light,Rejected,1
C0621,41,Female,6,733.0,4193.0,Annual,NetBanking,Fiber,1,0,120.0,0,253,4,5,1,8,East,0,Yes,System,Not Offered,0
C0622,40,Male,30,821.0,23411.0,Two Year,NetBanking,Fiber,3,0,138.0,14,253,5,5,1,8,South,1,No,Dark,Not Offered,0
C0623,51,Male,18,605.0,9805.0,Two Year,UPI,DSL,5,2,96.0,13,208,4,10,0,5,West,2,No,Light,Not Offered,0
C0624,52,Female,33,603.0,17907.0,Annual,NetBanking,Fiber,4,2,159.0,6,306,3,10,1,4,East,0,Yes,System,Not Offered,0
C0625,39,Female,44,1046.0,43708.0,Two Year,Debit Card,Fiber,1,0,151.0,8,294,2,5,0,10,West,2,No,Light,Not Offered,0
C0626,28,Male,9,775.0,5586.0,Monthly,NetBanking,DSL,5,2,119.0,24,217,4,20,0,3,South,0,Yes,Dark,Rejected,1
C0627,42,Female,13,979.0,12774.0,Annual,Debit Card,Fiber,1,0,133.0,12,246,4,0,1,9,North,0,No,Dark,Not Offered,0
C0628,20,Male,32,787.0,25170.0,Monthly,NetBanking,Fiber,1,1,134.0,3,234,1,0,1,6,South,0,Yes,System,Not Offered,1
C0629,35,Male,60,587.0,35195.0,Annual,NetBanking,Fiber,1,0,84.0,3,150,2,0,0,10,South,1,Yes,Light,Not Offered,0
C0630,40,Female,72,687.0,46983.0,Monthly,Debit Card,Fiber,9,4,92.0,17,142,3,5,0,1,North,0,No,Dark,Rejected,1
C0631,47,Female,29,639.0,15772.0,Monthly,UPI,DSL,2,0,111.0,2,199,2,15,0,8,South,0,No,Light,Not Offered,0
C0632,26,Male,72,782.0,47881.0,Annual,UPI,DSL,1,1,115.0,1,195,1,15,4,9,South,1,No,System,Not Offered,0
C0633,34,Male,24,804.0,19291.0,Two Year,NetBanking,Fiber,3,2,140.0,6,278,2,0,1,6,East,1,No,Light,Accepted,0
C0634,23,Male,22,538.0,11860.0,Monthly,NetBanking,Fiber,0,0,152.0,3,279,2,0,0,8,East,1,No,System,Not Offered,0
C0635,50,Male,23,717.0,20700.0,Two Year,Debit Card,Fiber,0,0,23.0,5,42,3,5,1,9,West,1,Yes,Light,Not Offered,0
C0636,38,Female,16,375.0,5986.0,Monthly,Credit Card,Fiber,1,0,55.0,5,134,4,0,0,8,West,1,Yes,System,Not Offered,0
C0637,58,Female,10,740.0,6640.0,Monthly,UPI,DSL,2,1,110.0,4,204,2,10,4,5,East,3,No,System,Rejected,1
C0638,33,Male,56,685.0,34484.0,Monthly,NetBanking,Fiber,2,1,112.0,14,210,3,10,1,8,South,1,No,System,Not Offered,0
C0639,66,Female,6,905.0,5416.0,Monthly,NetBanking,Fiber,1,1,134.0,21,264,2,0,0,6,South,2,Yes,Dark,Not Offered,0
C0640,30,Male,10,457.0,3671.0,Monthly,Credit Card,Fiber,1,0,37.0,1,100,3,20,2,8,East,0,No,Dark,Not Offered,0
C0641,65,Female,30,433.0,11680.0,Annual,Debit Card,Fiber,0,0,108.0,0,202,2,10,1,10,North,2,Yes,Light,Not Offered,0
C0642,37,Male,13,717.0,6928.0,Two Year,UPI,Fiber,1,1,139.0,1,251,3,0,1,8,East,0,Yes,Dark,Not Offered,0
C0643,43,Male,24,717.0,21926.0,Two Year,Credit Card,DSL,3,0,187.0,6,361,3,5,0,9,West,0,No,Dark,Not Offered,0
C0644,49,Male,11,730.0,7216.0,Annual,Debit Card,Fiber,5,2,87.0,19,136,2,10,1,3,North,0,Yes,Light,Accepted,1
C0645,35,Female,27,830.0,22404.0,Annual,Debit Card,DSL,7,2,90.0,17,194,2,0,1,3,East,3,Yes,Dark,Accepted,1
C0646,45,Male,21,802.0,16844.0,Annual,Credit Card,DSL,0,0,210.0,3,384,3,0,1,9,North,0,No,Light,Not Offered,0
C0647,53,Male,28,536.0,14224.0,Annual,Credit Card,Fiber,0,0,141.0,3,259,1,5,0,10,South,2,Yes,Dark,Not Offered,0
C0648,43,Male,29,692.0,18058.0,Annual,Credit Card,DSL,4,1,127.0,1,223,1,10,0,6,South,0,Yes,Light,Not Offered,0
C0649,49,Female,24,768.0,25448.0,Monthly,UPI,DSL,1,0,80.0,10,171,2,15,0,9,South,2,Yes,Light,Not Offered,0
C0650,37,Female,61,551.0,26880.0,Two Year,Credit Card,Fiber,7,2,96.0,6,188,1,20,0,6,North,1,No,Dark,Not Offered,0
C0651,27,Male,41,592.0,21867.0,Annual,Credit Card,Fiber,1,0,141.0,2,251,1,10,3,10,West,2,No,Dark,Not Offered,0
C0652,29,Female,22,915.0,17117.0,Monthly,UPI,DSL,1,1,181.0,2,334,4,15,0,7,North,2,No,System,Not Offered,0
C0653,57,Male,26,612.0,14322.0,Annual,UPI,Fiber,0,0,68.0,0,99,3,10,0,10,North,1,No,System,Not Offered,0
C0654,55,Female,37,517.0,16275.0,Annual,UPI,DSL,1,5,114.0,32,145,3,15,0,1,South,1,No,Dark,Accepted,1
C0655,34,Male,20,1060.0,21209.0,Annual,UPI,Fiber,0,0,56.0,9,103,2,0,2,9,South,0,No,Light,Not Offered,0
C0656,51,Male,38,945.0,28735.0,Annual,NetBanking,Fiber,1,0,140.0,7,274,4,20,1,10,North,3,Yes,Dark,Not Offered,0
C0657,43,Female,7,812.0,5412.0,Monthly,Debit Card,Fiber,2,1,70.0,14,122,4,5,0,5,West,0,No,Dark,Accepted,1
C0658,36,Female,18,439.0,7543.0,Annual,NetBanking,DSL,2,0,100.0,3,186,3,5,5,9,North,0,Yes,Dark,Not Offered,0
C0659,25,Male,30,762.0,21746.0,Two Year,UPI,Fiber,1,1,130.0,2,248,4,5,2,8,East,0,No,Dark,Not Offered,0
C0660,37,Male,21,850.0,16948.0,Monthly,Credit Card,DSL,2,0,115.0,2,229,3,5,0,6,South,0,Yes,Dark,Not Offered,0
C0661,37,Female,21,937.0,14787.0,Annual,UPI,DSL,0,0,110.0,4,212,1,25,0,10,East,0,Yes,Dark,Not Offered,0
C0662,44,Female,45,926.0,41666.0,Annual,Credit Card,Fiber,0,0,117.0,4,198,4,0,1,9,East,0,Yes,Light,Not Offered,0
C0663,45,Female,25,905.0,18121.0,Monthly,NetBanking,Fiber,0,0,183.0,1,325,2,20,0,10,East,0,No,Light,Not Offered,0
C0664,42,Male,24,740.0,17724.0,Monthly,Debit Card,DSL,6,2,117.0,15,222,1,0,0,3,South,2,Yes,Dark,Rejected,1
C0665,40,Female,26,896.0,22134.0,Monthly,Debit Card,DSL,3,2,129.0,2,240,3,5,1,4,East,0,No,System,Accepted,1
C0666,42,Male,16,1018.0,13008.0,Monthly,NetBanking,Fiber,7,1,104.0,6,210,1,20,0,4,North,0,No,System,Accepted,1
C0667,46,Female,18,660.0,11277.0,Monthly,Debit Card,Fiber,2,1,89.0,2,166,4,5,0,5,East,0,Yes,System,Not Offered,0
C0668,48,Male,17,684.0,11623.0,Two Year,Credit Card,Fiber,0,0,109.0,7,213,1,0,1,10,North,0,Yes,Dark,Not Offered,0
C0669,40,Female,39,513.0,19029.0,Two Year,Debit Card,DSL,1,0,114.0,12,283,5,5,0,10,South,1,Yes,Dark,Not Offered,0
C0670,18,Female,25,814.0,20376.0,Monthly,Debit Card,Fiber,2,1,107.0,1,218,2,0,1,5,East,0,No,System,Rejected,1
C0671,35,Female,45,911.0,38963.0,Annual,NetBanking,DSL,2,0,42.0,0,106,4,5,1,10,South,2,Yes,System,Not Offered,0
C0672,36,Female,21,763.0,14386.0,Two Year,Credit Card,DSL,2,1,96.0,3,173,2,10,1,8,South,0,No,System,Not Offered,0
C0673,35,Female,54,452.0,24387.0,Two Year,UPI,Fiber,5,3,109.0,12,210,4,0,1,4,East,0,Yes,Light,Not Offered,0
C0674,47,Female,28,841.0,21197.0,Annual,UPI,Fiber,2,0,100.0,0,208,2,10,7,8,South,0,Yes,Light,Accepted,0
C0675,54,Female,24,770.0,9522.0,Monthly,NetBanking,DSL,2,0,56.0,1,150,3,5,0,8,East,0,Yes,System,Not Offered,0
C0676,41,Female,19,641.0,9768.0,Monthly,Credit Card,Fiber,1,1,123.0,7,229,1,20,1,7,North,1,Yes,Light,Not Offered,0
C0677,46,Male,29,842.0,23175.0,Annual,NetBanking,DSL,2,0,53.0,26,86,1,5,0,8,South,1,No,System,Not Offered,0
C0678,38,Male,20,867.0,16455.0,Monthly,NetBanking,DSL,2,1,99.0,0,209,3,5,0,6,South,0,No,Dark,Not Offered,0
C0679,37,Female,16,671.0,10722.0,Annual,UPI,Fiber,1,0,102.0,2,193,1,0,0,9,South,0,No,Light,Not Offered,0
C0680,64,Female,7,838.0,5521.0,Monthly,UPI,Fiber,5,1,121.0,5,209,3,5,0,4,South,0,Yes,Light,Rejected,1
C0681,55,Female,23,888.0,20409.0,Annual,NetBanking,Fiber,0,0,87.0,1,176,2,0,0,9,North,1,No,System,Not Offered,0
C0682,44,Male,19,1152.0,16413.0,Monthly,UPI,DSL,5,3,118.0,24,232,3,25,1,1,East,1,No,System,Rejected,1
C0683,41,Male,22,811.0,17831.0,Two Year,Credit Card,DSL,3,1,59.0,7,147,5,0,2,6,South,0,Yes,System,Not Offered,0
C0684,23,Female,42,764.0,27284.0,Monthly,NetBanking,Fiber,8,3,139.0,22,242,3,15,1,1,North,0,No,Light,Rejected,1
C0685,60,Female,6,712.0,4301.0,Monthly,UPI,Fiber,3,1,140.0,9,287,5,0,1,5,North,1,Yes,Light,Accepted,1
C0686,36,Male,46,682.0,29774.0,Monthly,Credit Card,Fiber,0,0,167.0,13,316,2,5,0,9,South,0,Yes,Dark,Not Offered,0
C0687,69,Female,40,299.0,10134.0,Two Year,NetBanking,Fiber,4,1,147.0,9,286,3,15,1,9,North,0,No,System,Not Offered,0
C0688,51,Female,13,694.0,8110.0,Two Year,UPI,Fiber,0,0,106.0,7,213,1,10,1,10,West,0,No,Dark,Not Offered,0
C0689,38,Female,11,923.0,8645.0,Monthly,NetBanking,DSL,7,1,69.0,20,146,2,15,0,3,East,1,Yes,Light,Rejected,1
C0690,34,Female,24,868.0,33816.0,Annual,UPI,Fiber,1,0,134.0,5,237,2,5,1,10,South,1,Yes,System,Not Offered,0
C0691,32,Male,13,965.0,12516.0,Annual,UPI,Fiber,0,0,117.0,17,216,3,0,0,10,North,1,No,System,Not Offered,0
C0692,35,Male,18,707.0,10215.0,Annual,Debit Card,Fiber,3,1,197.0,5,350,3,20,1,7,South,1,No,System,Not Offered,0
C0693,42,Female,37,717.0,29669.0,Two Year,NetBanking,Fiber,0,0,130.0,8,254,4,20,0,10,South,1,Yes,Dark,Not Offered,0
C0694,46,Male,35,903.0,30020.0,Monthly,Debit Card,Fiber,3,2,123.0,3,216,3,5,1,4,North,2,No,System,Rejected,1
C0695,25,Female,29,685.0,17882.0,Monthly,Credit Card,DSL,3,1,68.0,10,132,1,10,1,5,North,0,No,Light,Not Offered,0
C0696,36,Male,30,739.0,18847.0,Monthly,UPI,DSL,3,1,103.0,5,196,2,15,4,6,West,1,No,Dark,Not Offered,1
C0697,39,Female,47,299.0,12626.0,Monthly,Credit Card,DSL,2,0,105.0,2,191,2,10,0,9,West,0,Yes,Dark,Not Offered,0
C0698,63,Female,31,572.0,16851.0,Two Year,NetBanking,Fiber,2,0,58.0,0,124,2,5,0,10,North,1,No,Light,Not Offered,0
C0699,34,Female,22,864.0,15177.0,Two Year,UPI,DSL,4,1,101.0,0,221,4,20,0,7,West,1,Yes,System,Not Offered,0
C0700,69,Female,25,743.0,16718.0,Two Year,UPI,Fiber,0,0,154.0,4,289,1,10,0,10,North,1,Yes,Light,Accepted,0
C0701,32,Female,9,715.0,6455.0,Two Year,UPI,DSL,3,2,118.0,31,224,4,0,1,5,North,0,No,System,Not Offered,0
C0702,18,Female,30,827.0,24765.0,Annual,UPI,DSL,1,0,81.0,1,154,4,0,4,9,South,2,Yes,System,Not Offered,0
C0703,60,Female,6,891.0,4825.0,Annual,UPI,Fiber,2,0,83.0,14,163,4,10,0,8,East,0,No,Dark,Not Offered,0
C0704,40,Female,24,895.0,21451.0,Monthly,Debit Card,Fiber,5,2,86.0,15,128,2,0,0,2,North,0,No,Light,Rejected,1
C0705,45,Female,39,569.0,17762.0,Monthly,UPI,DSL,1,0,114.0,0,211,5,20,0,10,West,0,Yes,Light,Not Offered,0
C0706,40,Male,19,714.0,13572.0,Two Year,UPI,Fiber,4,2,103.0,0,192,2,0,0,5,East,2,No,System,Not Offered,0
C0707,38,Female,24,702.0,37298.0,Monthly,UPI,DSL,1,0,146.0,2,296,4,10,0,9,South,0,Yes,Light,Not Offered,0
C0708,33,Male,7,664.0,4634.0,Annual,Credit Card,DSL,0,0,66.0,0,172,4,0,2,9,East,1,Yes,Dark,Not Offered,0
C0709,37,Male,27,724.0,18565.0,Annual,UPI,None,0,0,114.0,1,185,5,5,0,9,South,1,Yes,System,Accepted,0
C0710,37,Female,30,771.0,23081.0,Two Year,NetBanking,Fiber,1,0,114.0,6,229,3,0,1,8,North,0,No,Dark,Not Offered,0
C0711,18,Male,22,738.0,16247.0,Monthly,UPI,DSL,0,0,121.0,1,220,3,0,0,8,North,2,Yes,Dark,Not Offered,0
C0712,41,Male,19,762.0,14485.0,Monthly,Credit Card,DSL,5,3,105.0,29,200,2,0,0,1,West,1,No,Dark,Rejected,1
C0713,33,Female,20,434.0,8692.0,Annual,NetBanking,DSL,3,2,158.0,15,299,2,0,1,8,West,0,Yes,Dark,Rejected,1
C0714,59,Male,38,372.0,12716.0,Two Year,UPI,DSL,1,0,160.0,5,301,3,10,2,10,North,0,No,System,Not Offered,0
C0715,45,Female,21,786.0,12379.0,Monthly,UPI,DSL,2,1,105.0,8,167,1,25,0,6,North,0,Yes,Dark,Not Offered,0
C0716,18,Female,21,418.0,6583.0,Annual,UPI,DSL,2,1,74.0,2,160,1,25,0,8,North,0,Yes,Dark,Not Offered,0
C0717,56,Male,13,685.0,7123.0,Monthly,NetBanking,Fiber,1,1,155.0,9,264,5,20,1,6,East,1,No,System,Accepted,0
C0718,18,Male,15,628.0,7993.0,Annual,Credit Card,Fiber,0,0,115.0,0,208,3,15,0,10,East,1,Yes,Light,Not Offered,0
C0719,51,Male,21,898.0,14100.0,Monthly,Credit Card,DSL,2,0,131.0,20,242,2,25,0,8,South,0,Yes,Light,Not Offered,0
C0720,45,Male,17,504.0,8135.0,Monthly,Debit Card,Fiber,5,3,127.0,28,240,3,5,3,2,North,2,No,Dark,Rejected,1
C0721,50,Female,27,623.0,15145.0,Monthly,UPI,Fiber,2,1,151.0,6,273,3,10,0,6,North,1,No,Dark,Not Offered,0
C0722,39,Female,47,818.0,34597.0,Two Year,UPI,Fiber,0,0,24.0,9,48,1,10,1,10,North,3,Yes,System,Not Offered,0
C0723,50,Male,32,709.0,19289.0,Monthly,Debit Card,DSL,1,1,145.0,21,263,1,15,0,7,South,1,No,System,Not Offered,0
C0724,32,Female,23,705.0,15438.0,Annual,Debit Card,DSL,1,1,146.0,7,266,4,5,2,6,South,1,Yes,Light,Not Offered,0
C0725,60,Female,25,403.0,9586.0,Annual,Debit Card,Fiber,2,1,122.0,19,239,3,5,2,8,South,1,No,System,Not Offered,0
C0726,37,Male,47,645.0,30334.0,Monthly,NetBanking,Fiber,7,1,154.0,2,241,3,0,3,4,North,0,Yes,Dark,Not Offered,0
C0727,57,Male,13,945.0,9248.0,Two Year,NetBanking,Fiber,0,0,90.0,0,168,3,25,1,10,West,1,Yes,Dark,Not Offered,0
C0728,40,Female,29,600.0,14751.0,Two Year,NetBanking,DSL,0,0,136.0,0,250,2,15,0,10,South,1,Yes,System,Accepted,0
C0729,33,Female,48,717.0,37116.0,Monthly,UPI,Fiber,1,1,98.0,3,172,3,0,1,6,South,0,No,Light,Not Offered,0
C0730,56,Male,36,874.0,26770.0,Monthly,NetBanking,Fiber,2,1,176.0,10,325,4,15,1,6,East,0,Yes,Light,Not Offered,0
C0731,48,Male,14,659.0,9208.0,Annual,Debit Card,Fiber,1,0,84.0,14,147,2,0,1,8,West,0,No,Dark,Not Offered,0
C0732,54,Female,14,369.0,4912.0,Annual,Credit Card,DSL,0,0,115.0,16,217,2,5,0,10,East,0,Yes,Light,Not Offered,0
C0733,31,Female,27,823.0,18852.0,Monthly,UPI,Fiber,5,1,70.0,23,161,3,15,1,4,East,1,No,System,Accepted,1
C0734,42,Male,46,733.0,33734.0,Monthly,Debit Card,Fiber,1,1,94.0,1,222,2,0,0,7,West,0,Yes,System,Not Offered,0
C0735,45,Female,14,683.0,9074.0,Monthly,UPI,DSL,1,0,137.0,2,246,4,5,0,7,West,1,No,System,Not Offered,0
C0736,35,Male,58,533.0,27808.0,Annual,Debit Card,Fiber,0,0,87.0,3,169,2,10,1,10,South,1,No,Dark,Not Offered,0
C0737,58,Male,17,832.0,13441.0,Monthly,Credit Card,DSL,3,2,159.0,6,298,3,5,1,4,South,0,Yes,Dark,Rejected,1
C0738,60,Female,17,869.0,11811.0,Monthly,UPI,DSL,2,1,119.0,7,233,3,20,0,7,South,1,No,Dark,Not Offered,0
C0739,65,Male,23,756.0,13084.0,Two Year,UPI,DSL,0,0,110.0,13,203,4,25,0,10,North,1,No,Dark,Not Offered,0
C0740,54,Female,10,557.0,5613.0,Monthly,UPI,Fiber,4,2,202.0,18,370,3,0,0,2,North,2,Yes,Dark,Rejected,1
C0741,26,Female,19,736.0,13965.0,Monthly,Credit Card,Fiber,2,0,127.0,3,231,3,0,0,7,North,1,No,Light,Not Offered,0
C0742,56,Female,33,936.0,27808.0,Monthly,UPI,DSL,1,1,149.0,3,275,3,10,0,6,East,1,Yes,Light,Not Offered,0
C0743,53,Female,30,630.0,18918.0,Two Year,Credit Card,Fiber,3,1,177.0,2,316,4,0,1,6,East,0,Yes,System,Not Offered,0
C0744,32,Female,17,876.0,14160.0,Monthly,UPI,Fiber,0,0,101.0,19,181,1,5,0,8,West,0,No,Dark,Not Offered,0
C0745,51,Female,11,869.0,9550.0,Monthly,UPI,DSL,3,1,96.0,0,193,2,0,0,4,North,2,Yes,Dark,Rejected,1
C0746,63,Male,15,934.0,11933.0,Monthly,UPI,Fiber,2,1,68.0,13,133,1,15,1,6,East,2,No,Dark,Not Offered,0
C0747,54,Female,32,708.0,22655.0,Monthly,Credit Card,Fiber,3,2,117.0,33,224,4,0,0,3,West,0,No,Dark,Rejected,1
C0748,31,Female,15,674.0,8591.0,Monthly,Credit Card,DSL,1,0,63.0,16,131,2,15,1,9,North,2,Yes,Dark,Not Offered,0
C0749,39,Female,35,905.0,28503.0,Monthly,UPI,Fiber,5,3,91.0,20,201,3,10,1,2,West,2,Yes,Dark,Accepted,1
C0750,44,Female,28,891.0,24960.0,Annual,Credit Card,Fiber,0,0,114.0,3,222,5,0,1,10,North,0,Yes,Light,Not Offered,0
C0751,28,Male,12,495.0,5335.0,Monthly,UPI,DSL,0,0,118.0,1,226,5,10,0,8,West,1,No,Light,Not Offered,0
C0752,59,Male,42,299.0,11908.0,Annual,Credit Card,Fiber,2,0,147.0,22,283,3,5,1,10,North,2,No,Light,Not Offered,0
C0753,18,Female,23,922.0,19056.0,Monthly,UPI,Fiber,2,0,69.0,1,132,3,10,0,7,West,1,No,Light,Not Offered,0
C0754,39,Female,18,536.0,8698.0,Annual,UPI,Fiber,4,0,23.0,1,27,1,10,0,8,East,0,No,System,Not Offered,0
C0755,33,Female,36,874.0,23600.0,Monthly,UPI,Fiber,1,1,96.0,15,175,3,25,0,7,East,1,No,Light,Not Offered,0
C0756,67,Male,16,516.0,7029.0,Monthly,UPI,Fiber,3,1,125.0,8,223,3,15,1,6,East,1,No,Light,Not Offered,0
C0757,65,Female,63,606.0,34345.0,Annual,UPI,Fiber,1,0,116.0,11,215,1,10,0,10,South,1,No,System,Not Offered,0
C0758,33,Female,13,763.0,9429.0,Annual,Debit Card,Fiber,2,0,130.0,1,243,2,5,1,9,East,0,Yes,Dark,Not Offered,0
C0759,19,Male,11,985.0,10267.0,Monthly,UPI,Fiber,2,1,117.0,9,195,2,5,1,6,East,1,No,System,Rejected,1
C0760,49,Male,27,347.0,8911.0,Annual,UPI,Fiber,2,0,129.0,1,241,2,5,0,9,North,2,Yes,Light,Not Offered,0
C0761,50,Female,27,848.0,22921.0,Monthly,Credit Card,Fiber,1,1,146.0,2,267,4,0,0,6,East,0,Yes,System,Accepted,1
C0762,19,Female,34,967.0,29602.0,Two Year,Credit Card,Fiber,0,0,106.0,8,217,1,10,1,10,West,0,Yes,Dark,Not Offered,0
C0763,59,Male,19,668.0,12669.0,Annual,UPI,Fiber,0,0,36.0,6,79,3,0,1,9,North,0,Yes,System,Not Offered,0
C0764,51,Male,11,585.0,6431.0,Monthly,NetBanking,DSL,2,1,86.0,2,164,2,0,0,5,East,0,No,Dark,Accepted,1
C0765,26,Male,38,852.0,32360.0,Annual,UPI,Fiber,7,1,107.0,14,193,1,0,0,6,West,0,Yes,Light,Not Offered,0
C0766,66,Female,43,610.0,19642.0,Annual,UPI,Fiber,5,3,49.0,1,103,4,25,0,4,South,0,Yes,Light,Not Offered,0
C0767,29,Male,25,852.0,19192.0,Monthly,Credit Card,DSL,1,0,98.0,5,186,4,10,3,8,West,2,Yes,Light,Not Offered,0
C0768,32,Female,20,468.0,8388.0,Annual,UPI,Fiber,2,1,109.0,10,205,2,10,0,7,East,1,Yes,Dark,Not Offered,0
C0769,26,Female,15,717.0,5237.0,Monthly,UPI,Fiber,2,1,65.0,1,138,3,15,1,6,South,1,No,System,Not Offered,0
C0770,32,Female,26,596.0,14684.0,Annual,UPI,Fiber,2,0,96.0,4,168,2,5,0,9,East,0,No,Dark,Not Offered,0
C0771,49,Male,31,854.0,22517.0,Annual,UPI,Fiber,2,0,121.0,1,216,1,15,4,8,South,0,Yes,Dark,Not Offered,0
C0772,19,Male,14,869.0,10332.0,Monthly,Credit Card,Fiber,2,0,106.0,2,171,2,15,1,7,West,0,No,Light,Accepted,0
C0773,36,Male,16,1018.0,13837.0,Two Year,UPI,Fiber,0,0,93.0,21,190,2,15,2,10,West,1,No,System,Not Offered,0
C0774,66,Male,24,771.0,18498.0,Annual,Credit Card,Fiber,0,0,71.0,2,160,1,0,0,9,East,1,Yes,Light,Not Offered,0
C0775,31,Female,36,344.0,12399.0,Two Year,UPI,Fiber,1,1,66.0,10,150,3,0,2,9,North,1,Yes,Dark,Not Offered,0
C0776,41,Female,35,1035.0,36202.0,Annual,UPI,Fiber,2,0,147.0,4,273,2,0,0,9,West,0,No,System,Not Offered,0
C0777,28,Male,10,872.0,8287.0,Monthly,UPI,DSL,2,1,197.0,1,343,4,5,0,6,South,2,No,System,Not Offered,0
C0778,32,Female,37,717.0,17765.0,Monthly,UPI,DSL,0,0,98.0,7,192,3,5,0,10,South,0,No,Light,Not Offered,0
C0779,48,Female,17,638.0,10293.0,Annual,Credit Card,Fiber,2,0,112.0,1,186,4,5,0,9,South,0,No,System,Not Offered,0
C0780,61,Male,15,1085.0,15500.0,Monthly,UPI,DSL,2,1,148.0,11,308,1,5,1,6,South,0,Yes,Light,Rejected,1
C0781,41,Female,24,822.0,17761.0,Monthly,Credit Card,DSL,4,1,122.0,8,240,3,10,0,6,West,0,No,Light,Not Offered,0
C0782,45,Male,22,851.0,17769.0,Two Year,Credit Card,DSL,1,0,183.0,0,347,2,5,1,9,East,3,No,Dark,Not Offered,0
C0783,33,Male,28,717.0,27116.0,Monthly,Credit Card,Fiber,2,1,33.0,16,71,3,0,1,6,East,2,No,Light,Not Offered,0
C0784,62,Male,39,473.0,17529.0,Annual,UPI,Fiber,1,0,93.0,1,177,1,5,0,10,South,1,Yes,Light,Not Offered,0
C0785,74,Male,19,581.0,10453.0,Two Year,NetBanking,DSL,1,0,127.0,1,252,4,5,1,9,North,1,Yes,System,Not Offered,0
C0786,18,Male,29,714.0,18636.0,Two Year,NetBanking,DSL,0,0,78.0,5,186,1,10,0,10,North,1,Yes,Dark,Not Offered,0
C0787,24,Male,21,560.0,10634.0,Annual,NetBanking,Fiber,1,1,114.0,6,188,2,10,0,8,West,0,No,Light,Not Offered,0
C0788,37,Male,24,748.0,10180.0,Annual,NetBanking,DSL,1,1,83.0,11,173,99,15,1,8,North,0,No,Dark,Not Offered,0
C0789,40,Male,9,483.0,3690.0,Annual,UPI,DSL,3,2,119.0,2,222,2,15,1,6,West,1,No,Dark,Not Offered,0
C0790,51,Male,30,655.0,18647.0,Annual,UPI,DSL,0,0,139.0,10,264,3,5,0,10,East,0,Yes,Light,Not Offered,0
C0791,65,Male,9,706.0,6404.0,Annual,UPI,Fiber,4,1,157.0,2,286,4,0,0,5,North,1,Yes,Dark,Rejected,1
C0792,43,Male,15,650.0,8777.0,Annual,UPI,Fiber,0,0,134.0,3,246,3,10,1,10,South,0,Yes,System,Not Offered,0
C0793,59,Female,27,677.0,18288.0,Annual,NetBanking,DSL,2,0,70.0,2,162,3,0,0,9,North,1,Yes,Dark,Not Offered,0
C0794,42,Female,55,956.0,49969.0,Annual,Debit Card,DSL,1,0,104.0,1,198,1,5,1,10,East,0,Yes,Light,Not Offered,0
C0795,37,Male,40,658.0,26329.0,Two Year,Credit Card,DSL,6,2,107.0,13,203,2,0,0,5,North,1,No,Light,Not Offered,0
C0796,60,Female,3,623.0,1852.0,Monthly,UPI,Fiber,2,1,135.0,18,242,6,0,3,5,South,1,No,Dark,Rejected,1
C0797,18,Female,42,717.0,29513.0,Two Year,UPI,Fiber,2,1,154.0,3,290,2,0,0,9,East,0,No,System,Not Offered,0
C0798,49,Male,38,926.0,35180.0,Annual,UPI,Fiber,2,0,145.0,3,267,2,0,0,9,South,1,No,Light,Not Offered,0
C0799,42,Male,19,625.0,11239.0,Two Year,UPI,Fiber,0,0,102.0,0,189,3,5,0,10,South,0,Yes,Dark,Not Offered,0
C0800,45,Male,52,698.0,27228.0,Two Year,Debit Card,Fiber,0,0,52.0,12,121,4,25,4,10,North,0,Yes,Dark,Not Offered,0
C0801,48,Female,10,788.0,7883.0,Two Year,NetBanking,Fiber,2,1,105.0,6,163,2,0,0,6,South,2,Yes,Dark,Not Offered,0
C0802,50,Male,25,827.0,18614.0,Annual,Debit Card,DSL,0,0,59.0,2,118,4,10,1,10,North,1,Yes,Dark,Not Offered,0
C0803,31,Female,29,717.0,21052.0,Annual,UPI,DSL,0,0,136.0,2,219,1,0,0,9,West,0,Yes,System,Not Offered,0
C0804,41,Male,6,929.0,4731.0,Two Year,UPI,DSL,5,3,144.0,10,262,1,15,1,4,North,2,No,System,Not Offered,0
C0805,41,Female,24,632.0,15148.0,Annual,UPI,Fiber,1,0,159.0,3,313,4,0,2,10,South,1,Yes,Dark,Not Offered,0
C0806,56,Male,21,1036.0,20668.0,Annual,Credit Card,Fiber,0,0,113.0,0,186,2,5,2,10,East,0,Yes,Dark,Not Offered,0
C0807,24,Female,26,708.0,13805.0,Annual,NetBanking,DSL,5,2,78.0,4,164,3,25,0,5,North,3,No,System,Not Offered,0
C0808,42,Male,24,851.0,18365.0,Annual,Credit Card,Fiber,0,0,156.0,0,302,3,10,0,9,North,1,Yes,Dark,Not Offered,0
C0809,43,Female,19,683.0,12982.0,Monthly,UPI,DSL,1,0,109.0,1,220,1,0,0,8,South,1,Yes,System,Not Offered,0
C0810,75,Female,24,338.0,8097.0,Monthly,UPI,Fiber,0,0,115.0,2,209,3,0,0,9,North,0,No,Dark,Not Offered,0
C0811,41,Female,9,943.0,8512.0,Monthly,UPI,Fiber,4,1,102.0,15,196,3,0,0,5,North,1,No,Dark,Rejected,1
C0812,46,Male,11,808.0,7971.0,Monthly,UPI,Fiber,1,1,123.0,0,187,1,10,1,7,North,0,No,Dark,Not Offered,0
C0813,40,Male,45,853.0,32650.0,Monthly,Debit Card,Fiber,1,1,124.0,2,238,1,15,1,8,West,0,Yes,System,Not Offered,0
C0814,58,Male,20,728.0,13829.0,Monthly,Debit Card,DSL,7,1,114.0,17,213,2,5,1,3,South,3,No,Dark,Rejected,1
C0815,30,Female,17,1042.0,15066.0,Two Year,NetBanking,Fiber,1,0,133.0,0,236,2,15,0,10,West,1,No,Light,Not Offered,0
C0816,43,Female,11,706.0,7745.0,Monthly,NetBanking,DSL,3,1,127.0,2,201,2,0,0,4,West,0,No,System,Rejected,1
C0817,45,Female,49,796.0,37041.0,Annual,NetBanking,Fiber,1,0,133.0,14,250,3,5,0,10,East,0,No,System,Not Offered,0
C0818,38,Male,23,718.0,16550.0,Annual,Debit Card,Fiber,2,0,129.0,3,255,5,0,0,9,North,1,No,Dark,Not Offered,0
C0819,23,Male,16,663.0,9029.0,Annual,Debit Card,Fiber,3,2,169.0,2,316,4,15,0,6,West,1,Yes,Dark,Not Offered,0
C0820,23,Female,38,674.0,21716.0,Annual,UPI,DSL,5,3,126.0,9,253,1,15,5,4,North,0,No,System,Rejected,1
C0821,33,Female,28,936.0,24892.0,Monthly,UPI,Fiber,3,1,124.0,10,237,2,5,0,5,South,2,No,Dark,Rejected,1
C0822,18,Male,29,685.0,14915.0,Annual,Debit Card,DSL,0,0,128.0,4,252,2,25,0,8,South,0,Yes,Dark,Not Offered,0
C0823,29,Male,29,684.0,16887.0,Monthly,UPI,DSL,2,0,99.0,0,177,3,15,0,8,West,3,No,Light,Not Offered,0
C0824,40,Male,25,717.0,15936.0,Monthly,UPI,DSL,0,0,102.0,12,205,2,10,2,8,South,2,Yes,Dark,Not Offered,0
C0825,27,Male,7,802.0,5630.0,Monthly,UPI,Fiber,1,1,114.0,2,206,2,0,0,5,North,1,Yes,Light,Not Offered,0
C0826,27,Female,7,834.0,4963.0,Two Year,Credit Card,Fiber,0,0,157.0,0,289,2,15,0,10,West,1,No,Light,Not Offered,0
C0827,20,Male,13,830.0,10222.0,Two Year,UPI,Fiber,0,0,82.0,1,180,3,5,1,10,East,0,No,Light,Not Offered,0
C0828,47,Male,58,556.0,29000.0,Annual,NetBanking,Fiber,0,0,75.0,0,143,3,10,0,8,North,2,Yes,System,Not Offered,0
C0829,27,Male,21,725.0,15215.0,Two Year,Credit Card,DSL,2,0,124.0,4,247,2,0,2,9,South,0,Yes,Light,Not Offered,0
C0830,50,Female,43,893.0,36465.0,Monthly,Debit Card,Fiber,0,0,148.0,20,264,3,5,1,10,North,2,No,Light,Not Offered,0
C0831,57,Female,24,763.0,8700.0,Annual,Credit Card,Fiber,0,0,110.0,10,203,2,5,1,10,South,0,Yes,Light,Not Offered,0
C0832,30,Female,23,586.0,12811.0,Two Year,NetBanking,Fiber,1,0,91.0,1,164,1,5,0,9,North,0,Yes,Dark,Not Offered,0
C0833,50,Male,28,770.0,21518.0,Monthly,Credit Card,Fiber,1,2,137.0,18,256,3,0,1,3,West,1,No,Dark,Rejected,1
C0834,25,Male,29,433.0,11931.0,Monthly,UPI,Fiber,3,2,98.0,23,199,3,5,0,4,East,0,Yes,Light,Rejected,1
C0835,48,Male,22,882.0,15519.0,Monthly,Credit Card,DSL,4,1,120.0,20,190,3,20,1,5,North,0,Yes,Light,Accepted,1
C0836,44,Female,21,832.0,16591.0,Monthly,NetBanking,Fiber,0,0,94.0,3,180,4,5,0,9,West,3,No,Dark,Not Offered,0
C0837,56,Female,15,909.0,12267.0,Two Year,UPI,DSL,1,1,141.0,12,276,3,10,0,7,East,0,No,Dark,Not Offered,0
C0838,39,Female,19,531.0,10050.0,Annual,UPI,DSL,7,1,177.0,0,302,3,0,0,5,East,0,Yes,System,Rejected,1
C0839,61,Female,56,871.0,48785.0,Two Year,Debit Card,Fiber,0,0,143.0,0,265,2,0,0,10,West,2,No,Light,Not Offered,0
C0840,52,Male,8,863.0,6545.0,Annual,UPI,Fiber,0,0,112.0,13,191,3,5,0,9,West,1,No,Dark,Not Offered,0
C0841,25,Male,29,715.0,19702.0,Annual,UPI,Fiber,0,0,111.0,6,220,3,5,2,10,North,0,No,Dark,Accepted,0
C0842,44,Male,25,764.0,15294.0,Monthly,Credit Card,DSL,6,4,117.0,15,206,1,20,0,1,North,0,No,Dark,Rejected,1
C0843,40,Male,19,329.0,6246.0,Monthly,Debit Card,Fiber,2,1,167.0,16,307,4,0,2,6,West,0,Yes,Dark,Rejected,1
C0844,49,Male,16,717.0,12900.0,Monthly,UPI,DSL,2,1,129.0,0,232,4,0,1,5,South,2,Yes,Dark,Not Offered,0
C0845,25,Male,27,822.0,21097.0,Annual,Credit Card,DSL,1,1,146.0,1,265,1,5,0,7,West,1,No,System,Not Offered,0
C0846,38,Male,13,924.0,10807.0,Annual,Debit Card,Fiber,2,1,154.0,11,255,3,10,0,8,West,1,Yes,System,Not Offered,0
C0847,38,Male,22,628.0,13121.0,Monthly,NetBanking,DSL,3,2,99.0,15,201,3,5,0,3,South,0,No,Light,Rejected,1
C0848,42,Male,23,463.0,10099.0,Monthly,NetBanking,Fiber,2,1,120.0,4,222,3,5,1,6,North,1,No,Light,Not Offered,0
C0849,45,Female,7,618.0,4317.0,Annual,Credit Card,Fiber,1,0,116.0,2,223,3,0,0,8,West,0,Yes,System,Not Offered,0
C0850,31,Female,12,736.0,8392.0,Monthly,NetBanking,Fiber,5,1,137.0,1,282,2,5,0,5,North,0,No,System,Rejected,1
C0851,39,Male,15,1082.0,16241.0,Annual,UPI,Fiber,0,0,92.0,2,168,4,0,3,10,North,0,No,System,Not Offered,0
C0852,46,Male,43,661.0,28448.0,Annual,Credit Card,Fiber,0,0,64.0,4,126,4,0,2,9,South,0,No,System,Not Offered,0
C0853,36,Male,15,729.0,10387.0,Annual,UPI,Fiber,0,0,102.0,5,201,3,5,0,9,North,1,Yes,Light,Not Offered,0
C0854,40,Male,13,549.0,7122.0,Annual,Credit Card,Fiber,0,0,169.0,6,322,2,0,1,9,East,1,Yes,Light,Not Offered,0
C0855,65,Male,17,605.0,9781.0,Annual,UPI,Fiber,0,0,159.0,13,285,2,5,1,10,South,0,No,Dark,Not Offered,0
C0856,34,Male,72,626.0,36053.0,Annual,Credit Card,Fiber,1,0,138.0,2,254,1,20,1,10,South,0,No,Dark,Not Offered,0
C0857,39,Male,16,753.0,11466.0,Two Year,NetBanking,Fiber,1,0,114.0,11,278,3,5,0,9,South,0,No,Light,Not Offered,0
C0858,44,Female,26,595.0,15443.0,Monthly,Credit Card,Fiber,3,2,118.0,8,212,4,0,0,4,West,1,No,Light,Rejected,1
C0859,22,Female,56,499.0,26535.0,Two Year,Credit Card,Fiber,2,0,145.0,4,277,2,5,1,10,North,1,No,Dark,Not Offered,0
C0860,24,Male,50,785.0,33374.0,Annual,Credit Card,DSL,2,1,112.0,3,198,3,15,0,7,East,0,Yes,Light,Not Offered,0
C0861,26,Male,13,647.0,7589.0,Two Year,Debit Card,Fiber,1,0,127.0,3,198,2,10,1,10,East,0,No,Dark,Not Offered,0
C0862,51,Female,17,748.0,10803.0,Monthly,Credit Card,Fiber,2,1,114.0,18,221,3,15,0,6,North,1,No,System,Not Offered,0
C0863,37,Male,11,375.0,3305.0,Annual,UPI,DSL,0,0,113.0,10,237,4,20,3,10,North,1,No,Dark,Not Offered,0
C0864,59,Female,34,758.0,24468.0,Annual,UPI,Fiber,3,1,58.0,7,136,5,5,3,7,South,1,No,System,Not Offered,0
C0865,49,Male,35,874.0,30621.0,Monthly,NetBanking,DSL,3,1,101.0,0,196,3,0,0,5,North,1,Yes,System,Accepted,1
C0866,26,Male,17,822.0,13303.0,Monthly,Credit Card,Fiber,1,0,84.0,2,135,2,5,1,8,West,0,No,System,Not Offered,0
C0867,38,Male,10,906.0,8137.0,Monthly,Credit Card,Fiber,1,1,47.0,1,108,3,10,1,6,North,1,No,Light,Not Offered,0
C0868,34,Female,45,1027.0,43901.0,Annual,NetBanking,Fiber,4,1,48.0,6,112,3,5,2,7,North,1,No,Light,Not Offered,0
C0869,48,Female,22,749.0,16486.0,Monthly,Credit Card,Fiber,2,1,131.0,15,203,1,0,2,6,West,1,No,Dark,Rejected,1
C0870,37,Female,23,667.0,15319.0,Monthly,Debit Card,DSL,4,1,122.0,9,219,3,0,0,4,North,1,Yes,Dark,Rejected,1
C0871,39,Female,29,939.0,25880.0,Annual,Credit Card,Fiber,5,2,150.0,11,266,2,5,2,4,South,0,Yes,Dark,Rejected,1
C0872,40,Female,22,786.0,17259.0,Two Year,Debit Card,Fiber,2,1,126.0,5,215,1,0,1,8,West,1,Yes,System,Not Offered,0
C0873,29,Female,26,575.0,14957.0,Monthly,Credit Card,DSL,4,0,98.0,0,192,3,0,1,5,West,2,No,Light,Not Offered,0
C0874,64,Male,33,864.0,28512.0,Two Year,Credit Card,DSL,1,0,114.0,19,163,3,0,0,10,South,0,No,Dark,Not Offered,0
C0875,39,Female,35,861.0,30111.0,Two Year,UPI,Fiber,1,0,95.0,0,181,3,0,0,10,East,0,No,Dark,Not Offered,0
C0876,49,Female,9,724.0,6220.0,Annual,NetBanking,DSL,0,0,110.0,13,186,2,5,1,9,North,1,No,System,Not Offered,0
C0877,45,Male,46,1007.0,44028.0,Annual,NetBanking,Fiber,1,1,206.0,0,386,5,5,0,8,East,0,No,System,Not Offered,0
C0878,52,Male,36,611.0,20860.0,Annual,Debit Card,Fiber,1,0,131.0,12,250,1,5,0,9,North,0,No,System,Not Offered,0
C0879,53,Male,32,517.0,14068.0,Two Year,UPI,Fiber,0,0,116.0,6,245,4,15,1,10,South,0,Yes,System,Not Offered,0
C0880,41,Female,22,506.0,10015.0,Annual,Debit Card,Fiber,0,0,104.0,6,167,4,10,0,9,North,1,No,Light,Accepted,0
C0881,51,Male,39,756.0,23612.0,Annual,UPI,Fiber,3,1,81.0,5,147,3,20,0,8,East,2,Yes,Dark,Not Offered,0
C0882,21,Female,40,671.0,26857.0,Annual,NetBanking,Fiber,0,0,99.0,1,197,5,0,0,10,West,0,Yes,Dark,Not Offered,0
C0883,47,Male,22,465.0,9705.0,Two Year,UPI,Fiber,1,0,162.0,14,282,1,5,1,10,East,0,Yes,Dark,Not Offered,0
C0884,33,Male,8,482.0,2866.0,Monthly,UPI,Fiber,1,1,91.0,3,181,1,25,2,7,South,0,No,Dark,Not Offered,0
C0885,43,Male,18,497.0,8480.0,Monthly,UPI,Fiber,2,1,198.0,5,366,3,5,0,6,East,0,Yes,Dark,Not Offered,0
C0886,61,Male,31,524.0,14625.0,Two Year,UPI,Fiber,0,0,137.0,0,242,2,10,0,10,West,1,No,Dark,Not Offered,0
C0887,67,Female,40,1026.0,41041.0,Monthly,Debit Card,DSL,1,0,114.0,18,224,1,0,1,8,North,0,Yes,System,Not Offered,0
C0888,36,Female,22,795.0,16616.0,Annual,NetBanking,Fiber,0,0,186.0,0,311,4,5,0,9,East,1,No,Dark,Not Offered,0
C0889,66,Female,23,619.0,13517.0,Monthly,UPI,Fiber,6,3,139.0,15,266,4,5,0,1,South,0,No,Light,Accepted,1
C0890,46,Male,28,299.0,7555.0,Monthly,UPI,Fiber,2,1,144.0,31,253,3,10,1,7,North,3,No,Dark,Not Offered,0
C0891,34,Female,42,947.0,33797.0,Annual,Debit Card,Fiber,0,0,114.0,2,240,3,15,1,10,East,1,No,Dark,Not Offered,0
C0892,55,Male,72,549.0,37564.0,Annual,Credit Card,Fiber,0,0,59.0,8,141,3,5,1,10,East,0,Yes,Dark,Not Offered,0
C0893,36,Female,6,855.0,5149.0,Annual,Debit Card,DSL,3,0,63.0,9,132,2,0,0,7,East,0,Yes,Dark,Not Offered,0
C0894,35,Male,17,531.0,8126.0,Monthly,Credit Card,Fiber,4,1,96.0,2,186,3,10,0,6,East,1,No,Dark,Accepted,1
C0895,57,Male,8,618.0,3716.0,Annual,UPI,Fiber,1,0,117.0,7,219,4,25,0,9,West,0,Yes,Dark,Not Offered,0
C0896,54,Female,23,339.0,7399.0,Annual,UPI,Fiber,0,0,123.0,2,229,3,5,0,8,West,0,Yes,System,Not Offered,0
C0897,53,Female,39,858.0,26739.0,Monthly,Credit Card,DSL,0,0,74.0,2,145,2,20,2,10,South,2,No,Light,Not Offered,0
C0898,36,Male,41,898.0,35044.0,Monthly,UPI,Fiber,0,0,155.0,2,306,2,5,1,9,West,0,Yes,System,Not Offered,0
C0899,42,Male,66,861.0,42607.0,Annual,UPI,Fiber,0,0,137.0,5,243,4,25,0,10,East,0,Yes,Light,Not Offered,0
C0900,47,Female,30,374.0,8998.0,Monthly,Credit Card,DSL,6,3,115.0,29,223,2,20,0,2,East,2,No,System,Rejected,1
C0901,26,Male,26,752.0,16614.0,Two Year,UPI,Fiber,0,0,73.0,9,139,2,15,0,10,South,0,No,System,Not Offered,0
C0902,25,Female,32,592.0,17050.0,Two Year,Credit Card,DSL,0,0,155.0,1,269,2,10,2,10,West,0,Yes,System,Not Offered,0
C0903,46,Female,23,773.0,14238.0,Monthly,NetBanking,DSL,2,1,89.0,0,178,1,20,0,8,West,0,Yes,Light,Not Offered,0
C0904,35,Male,20,691.0,13793.0,Monthly,UPI,Fiber,1,2,111.0,2,200,3,0,0,4,South,2,Yes,Dark,Accepted,1
C0905,44,Female,72,1020.0,66112.0,Two Year,NetBanking,DSL,3,0,23.0,3,70,2,10,0,10,South,2,Yes,Dark,Not Offered,0
C0906,39,Female,46,997.0,38967.0,Monthly,Credit Card,DSL,0,0,164.0,2,281,3,15,0,10,West,2,No,System,Not Offered,0
C0907,62,Female,19,802.0,15266.0,Monthly,UPI,Fiber,0,0,164.0,10,296,1,0,1,8,North,0,No,Light,Not Offered,0
C0908,53,Male,62,791.0,49012.0,Two Year,UPI,Fiber,0,0,108.0,5,205,2,0,0,8,North,0,Yes,System,Not Offered,0
C0909,70,Male,27,678.0,17391.0,Annual,UPI,Fiber,3,0,115.0,3,207,1,5,0,8,North,0,Yes,System,Not Offered,0
C0910,39,Female,41,1018.0,41788.0,Annual,UPI,Fiber,2,0,156.0,0,319,4,0,2,10,East,0,Yes,Light,Not Offered,0
C0911,26,Female,12,966.0,11023.0,Two Year,Credit Card,Fiber,0,0,160.0,20,262,3,5,1,10,East,0,Yes,Dark,Not Offered,0
C0912,38,Female,48,736.0,33569.0,Monthly,UPI,DSL,999,0,182.0,6,326,4,5,0,8,East,0,Yes,Light,Not Offered,0
C0913,36,Female,25,586.0,14679.0,Annual,UPI,None,0,0,119.0,14,201,4,0,0,10,East,0,No,System,Not Offered,0
C0914,66,Male,11,652.0,6445.0,Annual,Credit Card,DSL,2,0,127.0,12,263,4,10,1,8,North,1,Yes,Light,Not Offered,0
C0915,43,Male,44,805.0,35456.0,Annual,UPI,DSL,3,0,114.0,2,180,1,0,0,9,South,2,No,Light,Not Offered,0
C0916,40,Male,27,492.0,13275.0,Annual,UPI,DSL,2,0,88.0,2,186,3,0,0,8,South,0,No,Light,Not Offered,0
C0917,25,Female,10,434.0,3264.0,Monthly,NetBanking,Fiber,2,1,149.0,18,277,2,25,0,6,North,0,No,Dark,Not Offered,0
C0918,42,Male,28,780.0,19642.0,Monthly,NetBanking,DSL,3,2,44.0,2,66,3,10,1,4,North,1,No,Light,Rejected,1
C0919,40,Female,24,1043.0,18753.0,Monthly,Debit Card,DSL,4,1,139.0,20,260,3,0,0,5,East,0,Yes,System,Accepted,1
C0920,41,Male,10,924.0,8323.0,Annual,Credit Card,Fiber,6,4,55.0,23,81,2,10,2,1,South,1,No,System,Rejected,1
C0921,32,Female,24,1083.0,24701.0,Monthly,NetBanking,DSL,1,0,68.0,19,151,2,5,1,8,North,0,Yes,Dark,Not Offered,0
C0922,24,Female,9,682.0,6118.0,Monthly,Debit Card,Fiber,1,1,97.0,4,187,2,0,0,5,West,0,Yes,System,Rejected,1
C0923,59,Male,59,660.0,35062.0,Monthly,NetBanking,Fiber,0,0,171.0,0,341,1,10,1,9,West,1,No,Light,Not Offered,0
C0924,45,Male,50,604.0,30208.0,Monthly,UPI,DSL,0,0,98.0,0,217,3,0,1,9,South,0,No,Dark,Not Offered,0
C0925,45,Male,17,717.0,12121.0,Monthly,NetBanking,Fiber,1,1,43.0,2,100,4,0,0,6,East,2,No,System,Rejected,1
C0926,35,Male,22,549.0,12069.0,Monthly,Credit Card,Fiber,3,0,103.0,0,202,2,0,0,8,West,1,No,Dark,Not Offered,0
C0927,61,Female,47,656.0,30858.0,Two Year,Credit Card,Fiber,0,0,138.0,9,248,4,0,0,10,East,0,Yes,Light,Not Offered,0
C0928,24,Female,17,853.0,13786.0,Annual,UPI,Fiber,1,0,109.0,5,200,2,5,0,9,North,0,Yes,System,Not Offered,0
C0929,57,Male,26,632.0,15589.0,Monthly,UPI,Fiber,1,1,92.0,3,174,4,5,1,7,East,1,Yes,Light,Not Offered,0
C0930,42,Male,60,691.0,39386.0,Annual,UPI,Fiber,0,0,184.0,8,330,2,5,4,10,East,0,No,Dark,Not Offered,0
C0931,51,Male,23,666.0,15328.0,Annual,UPI,Fiber,0,0,49.0,1,121,3,0,5,10,North,0,No,Dark,Not Offered,0
C0932,46,Male,10,706.0,7053.0,Annual,UPI,Fiber,0,0,119.0,9,223,3,0,0,10,East,0,No,System,Not Offered,0
C0933,41,Female,11,572.0,5649.0,Two Year,Credit Card,Fiber,0,0,111.0,4,226,2,10,0,10,South,1,No,Dark,Not Offered,0
C0934,58,Female,53,505.0,26775.0,Two Year,Debit Card,Fiber,5,1,146.0,0,275,1,0,1,7,East,0,Yes,Light,Not Offered,0
C0935,49,Female,23,620.0,12859.0,Monthly,Debit Card,Fiber,3,1,104.0,6,174,2,10,2,6,South,1,No,Light,Rejected,1
C0936,49,Female,12,532.0,6383.0,Annual,Debit Card,DSL,0,0,150.0,0,264,2,0,1,9,West,2,Yes,Light,Not Offered,0
C0937,24,Male,31,434.0,12111.0,Annual,Credit Card,Fiber,0,0,129.0,4,275,4,10,0,10,East,1,Yes,Dark,Not Offered,0
C0938,44,Male,33,809.0,26729.0,Two Year,UPI,Fiber,2,1,110.0,2,209,3,0,0,7,North,0,Yes,Light,Not Offered,0
C0939,64,Female,18,809.0,13814.0,Annual,UPI,None,1,0,147.0,0,254,3,5,5,9,West,1,No,Dark,Not Offered,0
C0940,49,Female,25,507.0,12660.0,Monthly,UPI,Fiber,1,1,97.0,9,196,3,0,1,6,East,1,Yes,Dark,Accepted,1
C0941,39,Female,26,854.0,18875.0,Annual,UPI,DSL,0,0,123.0,5,217,2,15,0,9,North,0,Yes,Dark,Not Offered,0
C0942,48,Female,19,735.0,13976.0,Monthly,NetBanking,Fiber,4,2,103.0,24,179,3,0,3,3,North,3,No,Light,Accepted,1
C0943,50,Female,66,749.0,46964.0,Monthly,Credit Card,DSL,0,0,25.0,15,65,2,5,2,9,East,0,Yes,System,Not Offered,0
C0944,37,Male,72,635.0,45707.0,Two Year,UPI,None,2,1,155.0,19,262,2,0,2,8,East,0,Yes,Light,Not Offered,0
C0945,55,Male,27,668.0,16244.0,Annual,Credit Card,Fiber,9,1,167.0,7,308,2,10,0,5,South,0,Yes,Light,Rejected,1
C0946,35,Female,7,817.0,5719.0,Monthly,Credit Card,DSL,5,2,82.0,23,131,6,0,0,3,North,1,No,System,Rejected,1
C0947,40,Male,32,954.0,27496.0,Two Year,UPI,DSL,1,0,72.0,1,124,2,10,0,8,South,0,No,Light,Not Offered,0
C0948,40,Male,35,708.0,24777.0,Monthly,UPI,Fiber,2,0,118.0,1,234,1,0,0,6,North,2,No,Dark,Not Offered,0
C0949,29,Female,2,788.0,1579.0,Annual,Debit Card,DSL,0,0,131.0,1,247,3,0,1,9,West,1,No,Dark,Not Offered,0
C0950,30,Female,25,939.0,23444.0,Annual,UPI,Fiber,0,0,155.0,3,307,3,0,3,9,South,1,No,Dark,Not Offered,0
C0951,59,Male,46,901.0,39391.0,Annual,Debit Card,Fiber,5,3,143.0,15,257,1,5,0,3,South,0,No,Dark,Rejected,1
C0952,36,Male,72,876.0,63044.0,Monthly,NetBanking,Fiber,0,0,164.0,1,327,1,0,0,9,East,0,Yes,Dark,Not Offered,0
C0953,32,Male,44,934.0,36983.0,Two Year,Credit Card,DSL,3,0,130.0,9,246,3,10,0,10,South,1,No,Light,Not Offered,0
C0954,31,Male,31,703.0,19612.0,Annual,NetBanking,DSL,1,0,106.0,0,180,3,10,0,9,West,0,Yes,Light,Not Offered,0
C0955,47,Male,21,852.0,17012.0,Monthly,Debit Card,Fiber,1,1,85.0,6,159,3,5,1,8,East,1,No,Light,Not Offered,0
C0956,22,Male,14,924.0,12965.0,Two Year,NetBanking,Fiber,1,0,103.0,20,200,3,0,0,9,West,0,No,Light,Not Offered,0
C0957,43,Female,56,826.0,41640.0,Annual,UPI,Fiber,1,0,105.0,19,202,3,10,0,10,South,1,No,Dark,Not Offered,0
C0958,20,Male,5,594.0,2961.0,Annual,Credit Card,Fiber,0,0,166.0,3,299,3,0,2,8,North,0,No,Light,Not Offered,0
C0959,42,Female,26,843.0,20813.0,Monthly,NetBanking,Fiber,0,0,134.0,0,255,3,5,0,8,East,2,No,System,Not Offered,0
C0960,44,Female,32,677.0,19478.0,Monthly,Credit Card,Fiber,1,1,117.0,0,224,4,10,1,6,North,1,Yes,Dark,Accepted,0
C0961,33,Male,48,717.0,36492.0,Annual,Debit Card,DSL,3,1,32.0,10,80,2,0,0,7,North,0,Yes,Dark,Not Offered,0
C0962,48,Female,23,819.0,15981.0,Monthly,UPI,Fiber,1,1,153.0,1,263,2,15,1,6,East,1,No,Light,Not Offered,0
C0963,57,Male,37,472.0,17426.0,Annual,UPI,Fiber,2,1,128.0,5,254,1,0,0,8,East,0,Yes,System,Not Offered,0
C0964,56,Male,43,918.0,37509.0,Monthly,NetBanking,DSL,2,0,88.0,10,177,3,5,3,8,South,1,No,System,Not Offered,0
C0965,46,Male,24,682.0,31750.0,Two Year,Debit Card,Fiber,2,1,169.0,4,321,2,5,0,9,East,0,Yes,Light,Not Offered,0
C0966,45,Female,18,601.0,8118.0,Monthly,Credit Card,Fiber,2,1,88.0,6,169,1,25,1,8,North,0,Yes,Light,Not Offered,0
C0967,37,Female,24,578.0,11279.0,Annual,NetBanking,Fiber,3,0,79.0,8,127,3,15,1,8,South,1,No,Dark,Not Offered,0
C0968,26,Male,31,567.0,13167.0,Two Year,UPI,Fiber,2,1,46.0,4,111,2,25,0,8,North,1,Yes,Light,Not Offered,0
C0969,42,Male,28,756.0,21162.0,Monthly,UPI,Fiber,1,1,76.0,5,116,3,0,0,6,North,0,No,System,Not Offered,0
C0970,58,Female,22,573.0,10695.0,Monthly,UPI,Fiber,4,3,173.0,31,345,2,15,0,3,South,0,Yes,Dark,Accepted,1
C0971,30,Male,15,642.0,9589.0,Two Year,Debit Card,DSL,1,0,79.0,2,143,3,0,1,9,West,0,No,Light,Not Offered,0
C0972,41,Male,33,874.0,24497.0,Monthly,NetBanking,Fiber,0,0,104.0,7,201,2,15,2,9,North,0,Yes,Light,Not Offered,0
C0973,46,Female,8,711.0,5113.0,Monthly,UPI,Fiber,2,1,92.0,0,192,2,10,0,5,North,0,No,Light,Not Offered,1
C0974,74,Male,26,657.0,14520.0,Annual,UPI,Fiber,1,0,136.0,3,257,2,15,0,9,South,1,No,Dark,Not Offered,0
C0975,50,Male,30,596.0,17862.0,Annual,Credit Card,Fiber,1,0,185.0,5,346,2,0,0,9,North,3,No,Dark,Not Offered,0
C0976,43,Female,16,623.0,9003.0,Annual,UPI,Fiber,0,0,70.0,3,149,4,10,2,9,South,0,Yes,Dark,Not Offered,0
C0977,62,Female,47,899.0,38039.0,Monthly,Credit Card,DSL,2,0,97.0,2,175,4,10,0,9,North,0,Yes,Dark,Not Offered,0
C0978,52,Male,30,800.0,22823.0,Two Year,Credit Card,DSL,3,1,114.0,2,145,4,5,0,8,South,0,No,Dark,Not Offered,0
C0979,36,Female,7,717.0,4952.0,Monthly,Credit Card,DSL,3,1,149.0,10,270,1,10,1,4,North,0,No,Dark,Rejected,1
C0980,30,Female,39,486.0,18942.0,Annual,UPI,DSL,0,0,139.0,13,248,1,0,3,10,South,0,No,System,Accepted,0
C0981,61,Male,14,802.0,10098.0,Monthly,Credit Card,DSL,0,0,117.0,4,239,3,10,0,9,East,0,Yes,Dark,Not Offered,0
C0982,45,Female,39,653.0,24182.0,Monthly,UPI,Fiber,1,0,116.0,4,220,3,5,0,9,North,0,Yes,System,Not Offered,0
C0983,31,Female,18,427.0,7663.0,Monthly,Debit Card,Fiber,1,2,99.0,17,215,3,0,1,3,North,2,No,Light,Rejected,1
C0984,36,Male,31,948.0,29352.0,Annual,NetBanking,DSL,0,0,87.0,6,165,1,0,0,9,West,0,Yes,Dark,Not Offered,0
C0985,41,Male,11,737.0,7275.0,Annual,Debit Card,Fiber,1,1,114.0,9,142,3,10,0,8,South,2,No,System,Not Offered,0
C0986,38,Male,2,606.0,963.0,Two Year,UPI,Fiber,0,0,112.0,1,227,3,20,0,10,North,1,Yes,Light,Not Offered,0
C0987,40,Male,28,401.0,10117.0,Monthly,Credit Card,Fiber,6,3,182.0,28,341,4,10,2,1,North,2,Yes,Dark,Accepted,1
C0988,41,Female,37,654.0,18176.0,Annual,Credit Card,Fiber,0,0,110.0,4,190,3,25,1,10,West,0,Yes,System,Not Offered,0
C0989,36,Female,51,690.0,33455.0,Annual,NetBanking,Fiber,0,0,46.0,7,92,3,5,0,10,North,1,Yes,System,Not Offered,0
C0990,41,Male,23,509.0,11691.0,Annual,Credit Card,Fiber,4,2,109.0,4,248,2,0,1,5,North,0,No,System,Not Offered,0
C0991,44,Female,12,526.0,6272.0,Monthly,UPI,Fiber,1,0,159.0,0,262,1,0,3,8,South,0,Yes,System,Not Offered,0
C0992,34,Male,52,854.0,44406.0,Two Year,Credit Card,Fiber,1,0,145.0,2,249,1,0,1,10,North,0,No,System,Not Offered,0
C0993,41,Male,26,965.0,22610.0,Annual,Credit Card,Fiber,0,0,177.0,10,339,3,10,0,10,West,0,Yes,Dark,Not Offered,0
C0994,40,Male,14,757.0,10618.0,Two Year,Debit Card,Fiber,0,0,109.0,8,225,2,0,0,10,North,0,No,System,Not Offered,0
C0995,20,Female,19,603.0,11456.0,Annual,UPI,DSL,0,0,114.0,7,83,2,0,0,9,East,1,No,Light,Not Offered,0
C0996,18,Male,68,888.0,57325.0,Annual,Credit Card,DSL,3,0,157.0,13,260,3,5,1,9,East,2,No,Light,Not Offered,0
C0997,29,Female,16,618.0,8920.0,Monthly,UPI,Fiber,2,0,92.0,1,169,3,10,0,7,South,1,Yes,Light,Not Offered,0
C0998,28,Male,41,691.0,28322.0,Annual,Credit Card,Fiber,5,0,161.0,4,307,4,0,0,8,North,0,Yes,System,Not Offered,0
C0999,18,Male,24,489.0,14974.0,Monthly,UPI,Fiber,0,0,82.0,22,154,2,10,1,9,South,1,No,System,Not Offered,0
C1000,44,Female,37,786.0,29067.0,Monthly,UPI,Fiber,0,0,158.0,4,287,2,0,0,9,North,1,No,Dark,Not Offered,0
C1001,39,Female,20,517.0,9319.0,Annual,UPI,Fiber,0,0,162.0,4,305,2,10,0,10,West,2,Yes,System,Not Offered,0
C1002,51,Female,6,633.0,3243.0,Monthly,Credit Card,Fiber,3,1,114.0,14,329,3,15,1,5,South,2,Yes,Dark,Rejected,1
C1003,66,Female,5,1070.0,5061.0,Annual,UPI,DSL,4,1,151.0,21,270,3,5,2,8,North,0,No,System,Rejected,1
C1004,59,Female,24,800.0,22308.0,Two Year,Credit Card,DSL,1,0,84.0,4,170,3,10,0,10,East,0,No,System,Not Offered,0
C1005,52,Male,12,727.0,8259.0,Monthly,Credit Card,DSL,1,0,117.0,2,230,3,5,0,8,North,0,Yes,System,Not Offered,0
C1006,35,Male,15,563.0,8023.0,Monthly,Debit Card,DSL,1,1,97.0,21,198,1,5,0,6,West,0,No,Light,Not Offered,0
C1007,50,Male,13,481.0,5906.0,Monthly,NetBanking,Fiber,2,1,124.0,4,222,4,5,1,6,West,2,No,Light,Not Offered,0
C1008,26,Female,35,750.0,22288.0,Annual,NetBanking,Fiber,1,0,73.0,5,143,3,15,0,9,North,0,No,System,Not Offered,0
C1009,41,Male,8,527.0,3795.0,Monthly,Credit Card,Fiber,2,1,181.0,9,329,3,10,0,5,South,0,Yes,System,Rejected,1
C1010,38,Female,24,903.0,21677.0,Two Year,UPI,Fiber,0,0,141.0,1,256,3,0,0,8,East,1,No,System,Not Offered,0
C1011,42,Male,46,699.0,30541.0,Annual,Credit Card,DSL,0,0,177.0,0,319,2,5,0,10,North,1,Yes,Light,Not Offered,0
C1012,26,Female,25,777.0,17511.0,Monthly,UPI,Fiber,1,1,165.0,19,314,3,10,0,6,West,2,No,Light,Not Offered,0
C1013,46,Female,52,523.0,23091.0,Monthly,NetBanking,DSL,0,0,93.0,10,157,1,15,1,10,South,0,No,Light,Not Offered,0
C1014,20,Male,25,924.0,20809.0,Two Year,UPI,Fiber,0,0,105.0,4,185,1,10,0,10,South,0,No,System,Not Offered,0
C1015,48,Male,50,840.0,41974.0,Annual,UPI,Fiber,0,0,122.0,2,247,4,0,0,8,North,2,Yes,Dark,Not Offered,0
C1016,40,Male,30,665.0,18905.0,Monthly,Credit Card,Fiber,6,3,141.0,21,273,1,5,0,1,South,0,No,System,Rejected,1
C1017,48,Male,8,994.0,7987.0,Annual,UPI,Fiber,1,0,130.0,3,247,1,0,5,8,North,1,No,System,Not Offered,0
C1018,49,Male,18,828.0,13405.0,Annual,UPI,Fiber,1,0,122.0,20,222,5,10,0,9,South,3,No,Dark,Not Offered,0
C1019,29,Female,37,671.0,21111.0,Monthly,UPI,Fiber,1,1,26.0,6,40,2,15,1,8,East,1,Yes,System,Not Offered,0
C1020,57,Male,40,1099.0,41750.0,Two Year,Credit Card,Fiber,0,0,114.0,11,248,5,5,1,10,West,0,Yes,Dark,Not Offered,0
C1021,45,Female,33,714.0,22404.0,Two Year,Credit Card,DSL,0,0,117.0,24,241,1,5,0,10,North,1,Yes,Dark,Not Offered,0
C1022,58,Female,18,524.0,8432.0,Annual,UPI,DSL,1,1,183.0,2,349,3,10,3,8,South,0,Yes,Dark,Not Offered,0
C1023,29,Female,23,661.0,15183.0,Annual,UPI,Fiber,0,0,132.0,11,269,3,0,2,10,West,0,Yes,System,Not Offered,0
C1024,29,Female,38,597.0,19271.0,Two Year,Debit Card,Fiber,1,0,94.0,18,200,2,15,3,10,North,1,Yes,Dark,Not Offered,0
C1025,43,Male,24,681.0,20253.0,Annual,Credit Card,Fiber,5,1,113.0,6,214,3,10,0,6,North,1,No,System,Not Offered,0
C1026,46,Male,14,490.0,5134.0,Monthly,Credit Card,Fiber,1,0,105.0,11,197,4,25,0,9,West,2,No,Light,Not Offered,0
C1027,56,Male,39,930.0,34440.0,Monthly,Debit Card,Fiber,1,0,107.0,4,222,2,5,2,9,North,0,Yes,System,Not Offered,0
C1028,54,Male,8,1018.0,8140.0,Monthly,UPI,Fiber,6,4,71.0,17,125,4,0,0,1,East,1,No,System,Not Offered,1
C1029,54,Male,13,739.0,8640.0,Annual,NetBanking,DSL,1,1,53.0,13,103,2,10,1,8,North,0,Yes,Light,Not Offered,0
C1030,18,Female,15,884.0,12611.0,Annual,UPI,Fiber,0,0,57.0,1,139,2,5,1,9,South,2,No,System,Not Offered,0
C1031,44,Male,29,607.0,14972.0,Two Year,Credit Card,Fiber,2,0,188.0,13,334,1,15,2,9,West,3,No,Light,Not Offered,0
C1032,38,Female,19,621.0,11204.0,Two Year,UPI,Fiber,0,0,121.0,2,226,3,5,0,10,South,1,No,System,Not Offered,0
C1033,35,Male,24,616.0,14789.0,Monthly,Credit Card,DSL,4,1,66.0,23,108,3,0,0,4,West,2,No,Dark,Not Offered,1
C1034,33,Male,24,927.0,22884.0,Monthly,Credit Card,Fiber,2,0,164.0,24,320,2,5,1,7,South,1,No,System,Not Offered,0
C1035,36,Female,4,858.0,3465.0,Two Year,NetBanking,Fiber,1,1,97.0,5,159,3,0,0,7,South,2,No,Light,Not Offered,0
C1036,42,Female,20,864.0,16444.0,Annual,Credit Card,Fiber,1,0,148.0,10,251,4,5,0,9,North,1,Yes,System,Not Offered,0
C1037,44,Male,19,1052.0,18025.0,Monthly,NetBanking,Fiber,2,1,79.0,3,149,1,10,1,7,South,0,No,Light,Not Offered,0
C1038,62,Male,15,510.0,7276.0,Monthly,UPI,DSL,3,1,93.0,23,182,4,5,0,5,North,1,No,Dark,Rejected,1
C1039,44,Female,55,603.0,33185.0,Monthly,UPI,DSL,0,0,38.0,5,92,3,0,1,9,South,0,No,Light,Not Offered,0
C1040,65,Female,33,591.0,17530.0,Annual,UPI,Fiber,5,1,88.0,5,178,4,10,0,6,West,2,Yes,Dark,Not Offered,0
C1041,50,Female,26,926.0,22877.0,Monthly,UPI,Fiber,1,1,89.0,9,173,3,5,2,6,West,1,Yes,System,Not Offered,0
C1042,47,Female,17,558.0,8496.0,Two Year,UPI,Fiber,0,0,62.0,14,129,3,10,1,10,South,2,Yes,Dark,Not Offered,0
C1043,40,Male,16,978.0,11692.0,Two Year,UPI,DSL,2,0,74.0,9,134,2,25,0,9,North,0,No,Light,Not Offered,0
C1044,62,Female,45,849.0,32489.0,Annual,UPI,DSL,0,0,115.0,6,218,2,15,4,10,South,1,Yes,Light,Not Offered,0
C1045,42,Female,39,830.0,30768.0,Annual,Credit Card,Fiber,0,0,145.0,1,267,2,5,0,8,East,0,No,Dark,Not Offered,0
C1046,41,Female,31,811.0,25111.0,Annual,UPI,DSL,3,0,80.0,1,156,3,0,2,8,North,0,No,Dark,Not Offered,0
C1047,31,Female,43,717.0,35865.0,Two Year,Credit Card,Fiber,0,0,136.0,25,256,2,0,2,10,South,0,No,System,Not Offered,0
C1048,58,Male,11,505.0,4179.0,Monthly,NetBanking,Fiber,5,3,66.0,29,126,1,25,0,1,North,2,No,System,Rejected,1
C1049,47,Male,29,821.0,20233.0,Annual,Credit Card,DSL,0,0,127.0,12,237,3,15,1,10,North,2,No,System,Not Offered,0
C1050,52,Female,55,814.0,42541.0,Monthly,Debit Card,Fiber,2,0,127.0,0,248,3,5,0,8,West,0,No,Light,Not Offered,0
C1051,18,Female,24,632.0,13600.0,Annual,UPI,Fiber,2,1,98.0,0,175,1,10,2,7,North,0,No,System,Not Offered,0
C1052,40,Male,32,550.0,13174.0,Monthly,UPI,Fiber,1,1,129.0,9,260,2,25,2,8,West,0,No,Dark,Not Offered,0
C1053,49,Male,11,540.0,5304.0,Monthly,Credit Card,Fiber,4,3,149.0,16,266,42,10,0,1,West,1,No,System,Rejected,1
C1054,53,Male,36,540.0,19431.0,Two Year,NetBanking,DSL,4,2,103.0,4,172,3,0,0,5,North,0,No,Dark,Not Offered,0
C1055,61,Male,20,828.0,16549.0,Monthly,NetBanking,Fiber,3,1,84.0,3,149,4,0,0,5,North,0,No,System,Rejected,1
C1056,21,Female,31,834.0,20701.0,Monthly,Credit Card,Fiber,3,2,113.0,5,211,3,20,0,5,West,0,No,Light,Not Offered,0
C1057,60,Male,33,790.0,22160.0,Monthly,Debit Card,Fiber,0,0,48.0,2,84,5,15,1,9,South,1,Yes,Dark,Not Offered,0
C1058,40,Female,15,342.0,5099.0,Annual,UPI,DSL,1,1,238.0,1,443,2,0,3,8,South,1,No,Dark,Not Offered,0
C1059,47,Male,23,931.0,20328.0,Annual,Credit Card,Fiber,2,1,163.0,3,298,4,5,1,6,West,1,Yes,Dark,Not Offered,0
C1060,43,Male,13,521.0,6793.0,Monthly,UPI,Fiber,3,0,68.0,4,119,3,0,1,6,South,1,No,System,Not Offered,0
C1061,43,Male,30,622.0,18686.0,Monthly,UPI,Fiber,2,1,161.0,24,280,2,0,1,5,North,1,No,System,Not Offered,0
C1062,55,Female,19,858.0,14680.0,Annual,Credit Card,Fiber,1,0,150.0,5,273,4,10,0,9,West,0,Yes,Dark,Not Offered,0
C1063,37,Male,15,745.0,8943.0,Monthly,NetBanking,Fiber,3,1,110.0,1,187,2,20,1,6,East,0,Yes,System,Not Offered,0
C1064,64,Male,45,485.0,21805.0,Annual,UPI,DSL,0,0,95.0,3,185,3,0,2,8,East,2,No,Light,Not Offered,0
C1065,49,Female,24,723.0,16623.0,Monthly,Credit Card,Fiber,2,1,113.0,11,166,2,0,1,5,North,1,No,Light,Rejected,1
C1066,39,Male,33,675.0,18910.0,Two Year,NetBanking,None,1,0,123.0,14,252,2,15,0,10,South,1,Yes,Light,Not Offered,0
C1067,52,Female,17,582.0,9915.0,Annual,NetBanking,Fiber,1,1,53.0,6,100,4,0,3,6,North,1,No,Light,Not Offered,0
C1068,35,Female,19,799.0,14429.0,Monthly,Credit Card,Fiber,2,1,79.0,2,155,1,5,0,5,North,1,No,Light,Not Offered,0
C1069,24,Female,33,655.0,21574.0,Monthly,Credit Card,DSL,3,1,175.0,0,335,3,0,2,5,South,0,No,Dark,Accepted,1
C1070,48,Female,25,960.0,21574.0,Monthly,Credit Card,Fiber,3,1,120.0,1,240,1,10,0,5,South,0,No,Light,Not Offered,0
C1071,38,Female,15,962.0,12265.0,Monthly,Credit Card,DSL,5,3,96.0,24,190,2,15,0,1,North,1,No,Light,Rejected,1
C1072,57,Female,27,412.0,11129.0,Monthly,Credit Card,Fiber,2,1,182.0,2,332,3,0,0,6,South,1,No,System,Accepted,0
C1073,28,Male,17,621.0,9528.0,Two Year,Debit Card,Fiber,1,0,95.0,0,192,2,10,0,10,East,0,No,Light,Not Offered,0
C1074,38,Female,6,758.0,4328.0,Annual,Credit Card,DSL,0,0,118.0,1,220,3,5,2,9,North,1,Yes,System,Not Offered,0
C1075,48,Male,48,472.0,21532.0,Monthly,NetBanking,Fiber,0,0,119.0,1,253,3,5,0,9,East,0,Yes,Dark,Not Offered,0
C1076,51,Female,9,299.0,2412.0,Annual,Credit Card,Fiber,1,0,97.0,0,187,4,10,1,9,East,0,Yes,Dark,Not Offered,0
C1077,42,Male,58,776.0,45025.0,Annual,NetBanking,DSL,1,1,114.0,3,163,3,0,5,8,East,0,Yes,Dark,Not Offered,0
C1078,37,Male,60,600.0,36031.0,Monthly,UPI,Fiber,0,0,106.0,11,202,2,0,0,8,West,1,Yes,Light,Not Offered,0
C1079,37,Female,44,960.0,40144.0,Monthly,NetBanking,Fiber,1,0,102.0,8,181,3,5,1,9,West,1,Yes,System,Not Offered,0
C1080,22,Male,8,807.0,6465.0,Annual,Credit Card,Fiber,0,0,100.0,0,178,3,0,0,8,South,1,Yes,Dark,Not Offered,0
C1081,46,Male,17,811.0,13048.0,Monthly,Debit Card,Fiber,1,1,158.0,7,288,3,5,0,5,North,0,Yes,System,Rejected,1
C1082,44,Male,26,903.0,23492.0,Annual,UPI,Fiber,2,0,130.0,1,249,2,0,1,8,East,0,No,Light,Not Offered,0
C1083,33,Male,24,585.0,13888.0,Monthly,Credit Card,Fiber,1,1,121.0,2,214,3,5,0,6,East,1,Yes,Dark,Not Offered,0
C1084,57,Male,42,646.0,27116.0,Annual,UPI,Fiber,1,0,226.0,14,416,3,0,0,9,East,0,Yes,Dark,Not Offered,0
C1085,25,Female,23,729.0,12574.0,Annual,NetBanking,Fiber,3,1,161.0,13,316,2,25,0,7,North,1,No,Dark,Not Offered,0
C1086,44,Male,20,707.0,12028.0,Annual,UPI,Fiber,3,2,56.0,7,119,3,15,0,6,South,0,Yes,Dark,Not Offered,0
C1087,59,Female,44,1045.0,45960.0,Monthly,Credit Card,Fiber,4,2,89.0,0,185,5,0,0,4,South,0,No,Dark,Rejected,1
C1088,18,Female,24,856.0,18806.0,Annual,Credit Card,DSL,4,2,135.0,8,250,2,0,1,4,North,0,Yes,System,Rejected,1
C1089,21,Female,16,794.0,11448.0,Annual,UPI,DSL,0,0,114.0,2,54,4,10,0,10,East,0,Yes,Light,Not Offered,0
C1090,58,Female,58,585.0,28831.0,Monthly,NetBanking,DSL,3,0,131.0,3,237,4,15,2,8,South,0,No,Light,Not Offered,0
C1091,59,Female,30,853.0,20466.0,Monthly,UPI,Fiber,4,2,114.0,4,259,4,20,0,4,North,0,No,Dark,Accepted,1
C1092,63,Female,12,441.0,5302.0,Annual,Debit Card,DSL,2,0,128.0,6,224,3,0,0,8,North,1,No,Dark,Not Offered,0
C1093,18,Female,9,750.0,6755.0,Monthly,UPI,DSL,5,1,161.0,25,297,5,0,0,3,East,0,Yes,Light,Rejected,1
C1094,18,Female,66,948.0,56321.0,Two Year,NetBanking,DSL,2,0,191.0,1,365,3,10,0,8,West,0,Yes,Dark,Not Offered,0
C1095,55,Female,28,608.0,17024.0,Annual,UPI,Fiber,6,2,59.0,14,108,3,0,0,3,West,0,Yes,Light,Rejected,1
C1096,27,Female,24,909.0,5178.0,Two Year,Credit Card,Fiber,2,0,136.0,6,255,3,5,2,9,South,0,No,Light,Not Offered,0
C1097,44,Female,36,509.0,16485.0,Annual,UPI,DSL,2,1,175.0,3,329,3,10,1,7,North,0,Yes,Light,Not Offered,0
C1098,30,Male,19,895.0,15350.0,Monthly,UPI,Fiber,2,1,117.0,2,208,1,10,0,6,North,0,Yes,Dark,Not Offered,0
C1099,33,Male,17,828.0,14030.0,Annual,UPI,Fiber,0,0,97.0,2,170,2,0,1,10,West,1,No,System,Not Offered,0
C1100,25,Male,12,609.0,5510.0,Annual,Credit Card,DSL,0,0,150.0,8,283,2,25,0,10,West,0,Yes,Light,Not Offered,0
C1101,26,Male,10,457.0,4362.0,Annual,UPI,Fiber,0,0,132.0,5,247,4,5,0,10,North,1,No,System,Not Offered,0
C1102,59,Female,13,443.0,4887.0,Monthly,Debit Card,DSL,1,0,103.0,12,220,4,15,0,9,North,1,Yes,Light,Not Offered,0
C1103,26,Male,18,827.0,14122.0,Monthly,UPI,Fiber,2,1,140.0,10,253,3,5,0,6,West,3,No,Light,Not Offered,0
C1104,32,Female,19,717.0,9513.0,Monthly,UPI,Fiber,2,1,191.0,12,332,3,0,1,6,North,0,Yes,Light,Not Offered,0
C1105,52,Male,35,859.0,28598.0,Two Year,Credit Card,DSL,2,0,110.0,8,206,4,5,0,10,West,0,Yes,Dark,Not Offered,0
C1106,70,Male,47,655.0,24654.0,Annual,Debit Card,DSL,2,0,163.0,22,303,3,20,0,9,North,0,Yes,Dark,Not Offered,0
C1107,36,Female,28,624.0,15678.0,Two Year,Credit Card,Fiber,1,0,140.0,4,273,3,10,2,10,East,1,Yes,Dark,Not Offered,0
C1108,40,Female,45,779.0,33285.0,Monthly,UPI,DSL,0,0,87.0,7,179,4,5,2,9,North,1,No,Dark,Not Offered,0
C1109,38,Male,39,688.0,24165.0,Two Year,Credit Card,Fiber,2,0,114.0,1,137,2,10,3,10,North,0,Yes,Light,Not Offered,0
C1110,58,Female,15,1132.0,16983.0,Annual,UPI,Fiber,1,1,221.0,2,391,2,0,1,7,South,2,Yes,Dark,Not Offered,0
C1111,35,Female,16,776.0,12398.0,Annual,UPI,DSL,3,2,72.0,12,159,2,0,0,5,North,0,No,Light,Not Offered,0
C1112,37,Male,27,1006.0,27148.0,Two Year,UPI,Fiber,0,0,246.0,0,424,1,0,0,10,South,0,Yes,Light,Not Offered,0
C1113,75,Female,9,721.0,5202.0,Two Year,Debit Card,Fiber,2,0,112.0,8,186,2,20,0,10,East,3,No,Light,Not Offered,0
C1114,55,Male,13,601.0,6621.0,Annual,NetBanking,Fiber,2,1,110.0,1,206,2,15,0,8,West,1,No,Dark,Not Offered,0
C1115,30,Female,18,519.0,8414.0,Annual,Credit Card,Fiber,4,2,41.0,6,100,2,10,1,5,South,0,Yes,Dark,Not Offered,0
C1116,36,Male,32,764.0,23223.0,Annual,UPI,DSL,0,0,114.0,0,231,2,5,1,9,East,0,No,System,Not Offered,0
C1117,35,Male,20,587.0,9952.0,Monthly,UPI,Fiber,6,4,157.0,28,290,3,15,1,1,North,1,No,Dark,Rejected,1
C1118,50,Female,15,800.0,10796.0,Annual,Credit Card,Fiber,0,0,108.0,4,183,2,10,0,10,South,1,No,System,Not Offered,0
C1119,27,Female,24,687.0,14794.0,Monthly,NetBanking,DSL,8,1,142.0,23,267,2,10,0,3,North,0,Yes,Dark,Rejected,1
C1120,22,Male,12,710.0,8523.0,Two Year,UPI,Fiber,1,0,142.0,3,234,3,0,0,9,East,0,Yes,Dark,Not Offered,0
C1121,51,Female,12,717.0,8924.0,Two Year,UPI,DSL,3,0,146.0,5,267,4,10,2,9,West,0,Yes,Light,Not Offered,0
C1122,43,Male,22,726.0,15969.0,Annual,NetBanking,Fiber,3,0,86.0,2,172,3,0,4,8,South,0,No,Light,Not Offered,0
C1123,40,Male,23,515.0,11271.0,Monthly,Credit Card,DSL,0,0,134.0,21,259,2,5,0,8,West,0,Yes,Dark,Not Offered,0
C1124,44,Male,36,761.0,26014.0,Annual,NetBanking,Fiber,1,1,99.0,5,199,2,5,0,7,South,0,Yes,System,Not Offered,0
C1125,55,Female,49,628.0,30755.0,Annual,UPI,Fiber,1,0,156.0,4,306,3,0,0,10,East,1,Yes,System,Not Offered,0
C1126,53,Male,13,754.0,9783.0,Annual,Credit Card,Fiber,999,2,114.0,12,79,3,0,1,4,North,0,Yes,System,Accepted,1
C1127,35,Female,72,676.0,48689.0,Monthly,Credit Card,DSL,2,1,120.0,13,211,3,0,0,6,South,0,No,Dark,Not Offered,0
C1128,55,Female,16,523.0,7536.0,Monthly,UPI,Fiber,4,1,74.0,4,145,3,10,1,5,East,1,Yes,Light,Rejected,1
C1129,56,Male,20,692.0,13800.0,Two Year,Credit Card,DSL,7,4,85.0,21,166,4,0,0,1,West,0,Yes,Dark,Rejected,1
C1130,37,Female,39,417.0,16274.0,Two Year,Debit Card,Fiber,0,0,104.0,4,198,2,0,0,10,East,1,Yes,Dark,Not Offered,0
C1131,53,Female,28,631.0,16795.0,Monthly,UPI,Fiber,1,0,122.0,7,226,2,5,1,8,North,0,No,Dark,Not Offered,0
C1132,67,Female,24,506.0,6861.0,Monthly,UPI,Fiber,2,0,141.0,19,222,3,15,1,7,West,1,Yes,Light,Not Offered,0
C1133,43,Male,39,765.0,28324.0,Annual,Debit Card,Fiber,0,0,90.0,2,207,3,5,1,8,North,0,Yes,Dark,Not Offered,0
C1134,44,Male,11,649.0,6423.0,Monthly,UPI,DSL,2,1,114.0,0,260,2,10,0,6,East,1,No,Dark,Not Offered,0
C1135,25,Male,25,922.0,21868.0,Annual,UPI,Fiber,2,0,100.0,1,155,3,5,3,9,North,0,No,System,Not Offered,0
C1136,40,Male,39,477.0,18605.0,Two Year,Debit Card,Fiber,1,0,140.0,6,245,2,0,0,10,North,0,No,Dark,Not Offered,0
C1137,39,Female,22,614.0,10810.0,Two Year,UPI,Fiber,0,0,134.0,13,230,99,20,0,10,South,1,Yes,System,Not Offered,0
C1138,48,Male,24,996.0,21934.0,Annual,UPI,DSL,3,1,142.0,12,281,5,0,0,7,East,1,No,Dark,Not Offered,0
C1139,23,Male,47,715.0,31908.0,Monthly,NetBanking,Fiber,5,2,92.0,10,159,4,5,1,4,East,0,No,Light,Rejected,1
C1140,33,Female,37,381.0,12706.0,Monthly,Credit Card,Fiber,1,1,74.0,0,125,3,10,1,7,North,0,Yes,Dark,Accepted,0
C1141,29,Female,15,694.0,9878.0,Monthly,UPI,DSL,2,1,72.0,5,125,3,5,0,6,North,1,No,Light,Not Offered,0
C1142,40,Female,47,943.0,37663.0,Annual,UPI,DSL,3,2,59.0,6,138,4,15,0,6,North,2,Yes,Dark,Not Offered,0
C1143,39,Female,17,426.0,7267.0,Monthly,NetBanking,DSL,0,0,97.0,8,187,3,0,0,8,South,3,No,System,Not Offered,0
C1144,33,Male,37,754.0,22269.0,Monthly,NetBanking,Fiber,0,0,85.0,4,168,2,20,3,10,South,1,No,Light,Not Offered,0
C1145,41,Male,15,652.0,8812.0,Annual,Credit Card,Fiber,1,1,78.0,26,139,1,10,1,8,East,3,Yes,Light,Not Offered,0
C1146,24,Female,17,598.0,9698.0,Monthly,UPI,DSL,1,2,20.0,13,19,4,5,0,4,East,1,Yes,System,Rejected,1
C1147,26,Male,22,710.0,13301.0,Monthly,Credit Card,Fiber,0,0,72.0,5,135,3,15,1,10,North,1,No,Light,Not Offered,0
C1148,52,Female,12,844.0,9626.0,Monthly,UPI,DSL,1,1,119.0,9,200,3,5,1,6,East,1,Yes,Dark,Rejected,1
C1149,39,Female,11,589.0,6484.0,Monthly,NetBanking,Fiber,2,1,139.0,8,259,4,0,0,5,West,0,No,Dark,Accepted,1
C1150,26,Male,20,849.0,16960.0,Monthly,NetBanking,Fiber,2,1,134.0,0,234,3,0,1,6,West,2,No,Light,Rejected,1
C1151,41,Female,10,705.0,6703.0,Annual,UPI,DSL,5,2,98.0,14,184,3,5,0,3,West,0,Yes,System,Rejected,1
C1152,23,Male,50,777.0,34962.0,Two Year,UPI,Fiber,1,0,146.0,5,264,2,10,0,10,East,1,No,Dark,Not Offered,0
C1153,22,Female,17,633.0,10772.0,Annual,UPI,Fiber,3,1,114.0,8,237,1,0,0,7,South,2,Yes,Light,Not Offered,0
C1154,51,Female,9,551.0,4709.0,Annual,Debit Card,Fiber,0,0,118.0,13,246,1,5,2,9,North,1,Yes,Light,Not Offered,0
C1155,62,Male,19,640.0,10940.0,Annual,UPI,DSL,1,0,91.0,6,186,2,10,0,10,West,2,No,Dark,Not Offered,0
C1156,52,Female,16,709.0,10241.0,Annual,Debit Card,DSL,4,0,134.0,8,251,2,10,0,8,South,2,Yes,System,Not Offered,0
C1157,50,Male,25,956.0,23881.0,Annual,UPI,Fiber,1,0,114.0,14,151,3,0,0,9,North,2,No,Dark,Not Offered,0
C1158,29,Male,28,610.0,15337.0,Annual,Credit Card,DSL,0,0,110.0,4,225,2,10,3,10,West,0,Yes,System,Not Offered,0
C1159,18,Female,16,353.0,5630.0,Two Year,NetBanking,Fiber,0,0,93.0,1,158,3,0,2,10,North,2,Yes,Light,Not Offered,0
C1160,18,Female,53,797.0,38014.0,Monthly,UPI,DSL,1,0,171.0,8,319,2,10,1,9,East,0,No,Light,Not Offered,0
C1161,58,Male,15,595.0,7598.0,Annual,UPI,Fiber,0,0,141.0,11,259,2,15,1,10,South,1,Yes,Light,Not Offered,0
C1162,47,Female,27,554.0,13465.0,Annual,UPI,Fiber,1,0,114.0,57,256,4,10,0,9,East,0,No,Light,Not Offered,0
C1163,31,Female,25,645.0,15306.0,Monthly,UPI,DSL,2,1,134.0,1,250,3,5,0,6,North,0,Yes,Dark,Accepted,0
C1164,32,Female,23,851.0,19588.0,Monthly,Credit Card,DSL,1,0,131.0,9,244,2,0,0,8,North,1,No,Dark,Not Offered,0
C1165,48,Male,23,768.0,17658.0,Two Year,Credit Card,DSL,0,0,93.0,2,187,1,0,1,8,South,0,No,Dark,Not Offered,0
C1166,33,Male,26,798.0,18675.0,Two Year,Credit Card,Fiber,0,0,177.0,1,327,2,10,1,10,South,0,Yes,Light,Not Offered,0
C1167,35,Female,30,680.0,16333.0,Annual,Debit Card,DSL,3,2,80.0,0,165,2,20,0,5,West,0,Yes,Light,Not Offered,0
C1168,44,Male,26,748.0,17486.0,Monthly,Credit Card,DSL,1,1,128.0,0,245,1,10,1,7,South,2,No,Dark,Not Offered,0
C1169,31,Female,8,876.0,6297.0,Annual,NetBanking,Fiber,0,0,121.0,1,212,2,10,0,9,North,1,Yes,Dark,Not Offered,0
C1170,50,Female,13,778.0,9582.0,Annual,UPI,DSL,2,0,97.0,21,205,0,5,2,9,West,0,No,Light,Not Offered,0
C1171,44,Female,25,590.0,13973.0,Annual,UPI,Fiber,6,4,98.0,19,167,2,5,2,1,North,2,No,System,Rejected,1
C1172,57,Male,24,450.0,14398.0,Two Year,NetBanking,DSL,1,0,79.0,9,153,4,0,0,10,North,0,Yes,Dark,Not Offered,0
C1173,23,Male,19,948.0,18008.0,Annual,Credit Card,Fiber,0,0,177.0,0,302,3,0,1,8,East,1,No,System,Not Offered,0
C1174,57,Female,24,739.0,16865.0,Monthly,Credit Card,DSL,5,3,115.0,40,212,3,5,0,1,North,0,No,Light,Rejected,1
C1175,44,Male,35,770.0,25589.0,Two Year,UPI,DSL,0,0,125.0,1,230,1,5,0,10,East,1,Yes,System,Not Offered,0
C1176,55,Female,13,525.0,6452.0,Two Year,UPI,DSL,3,0,187.0,6,328,2,5,0,8,East,1,No,Light,Not Offered,0
C1177,25,Female,13,582.0,7576.0,Annual,Credit Card,Fiber,5,2,107.0,0,216,4,0,2,4,West,0,Yes,Light,Accepted,1
C1178,45,Female,48,652.0,31275.0,Annual,Credit Card,DSL,1,0,64.0,0,149,2,0,1,10,West,1,No,System,Not Offered,0
C1179,42,Female,17,779.0,13220.0,Two Year,Credit Card,Fiber,0,0,109.0,10,182,2,0,0,10,South,1,Yes,Dark,Not Offered,0
C1180,40,Female,8,1151.0,6943.0,Monthly,Credit Card,Fiber,1,1,101.0,4,172,2,25,1,6,East,0,No,System,Accepted,1
C1181,40,Male,35,733.0,20482.0,Annual,UPI,DSL,2,1,111.0,12,222,4,20,1,8,East,0,Yes,System,Not Offered,0
C1182,29,Female,49,681.0,31647.0,Annual,UPI,Fiber,4,1,85.0,0,169,3,5,2,7,East,0,No,Light,Not Offered,0
C1183,61,Female,50,924.0,34675.0,Monthly,NetBanking,DSL,3,2,82.0,5,147,2,25,0,5,South,1,Yes,Dark,Not Offered,0
C1184,18,Male,72,717.0,37626.0,Two Year,Credit Card,None,1,3,155.0,0,262,3,0,0,4,West,3,No,Light,Not Offered,0
C1185,30,Male,16,617.0,8595.0,Two Year,Debit Card,Fiber,3,2,121.0,2,218,4,15,1,7,South,0,No,Dark,Not Offered,0
C1186,42,Female,12,763.0,8254.0,Monthly,Debit Card,Fiber,2,1,141.0,3,276,2,10,2,6,North,0,Yes,Dark,Rejected,1
C1187,43,Female,15,381.0,5710.0,Annual,UPI,DSL,0,0,147.0,4,261,2,0,0,10,East,2,Yes,Light,Not Offered,0
C1188,28,Male,72,578.0,39525.0,Annual,Debit Card,Fiber,0,0,104.0,13,208,2,5,5,10,North,1,Yes,Light,Not Offered,0
C1189,35,Female,16,776.0,10569.0,Annual,UPI,DSL,4,0,132.0,4,236,3,15,0,8,North,2,No,Dark,Not Offered,0
C1190,40,Female,28,576.0,12888.0,Two Year,Credit Card,Fiber,0,0,93.0,11,173,5,20,1,10,South,0,No,Light,Accepted,0
C1191,42,Female,49,443.0,19555.0,Monthly,UPI,Fiber,2,0,83.0,3,176,3,10,0,10,North,0,Yes,Light,Not Offered,0
C1192,38,Male,41,632.0,23306.0,Monthly,Debit Card,DSL,0,0,152.0,11,311,1,10,0,9,North,0,No,Light,Not Offered,0
C1193,18,Male,25,998.0,23715.0,Monthly,UPI,None,0,0,114.0,23,64,2,5,2,9,West,0,No,Dark,Not Offered,0
C1194,18,Female,57,907.0,46526.0,Monthly,Debit Card,Fiber,0,0,55.0,2,128,3,10,2,10,North,1,Yes,System,Not Offered,0
C1195,53,Female,27,563.0,13687.0,Monthly,Credit Card,Fiber,1,1,152.0,12,266,3,10,0,6,West,2,No,Light,Not Offered,0
C1196,35,Female,19,888.0,16003.0,Annual,UPI,Fiber,2,1,84.0,5,144,2,5,0,7,North,0,No,System,Not Offered,0
C1197,32,Male,66,899.0,47493.0,Annual,Credit Card,Fiber,2,1,163.0,10,271,4,20,0,9,South,2,Yes,Dark,Not Offered,0
C1198,48,Male,40,834.0,33356.0,Monthly,Credit Card,Fiber,1,1,179.0,8,315,2,0,1,7,South,1,Yes,Dark,Not Offered,0
C1199,43,Female,18,991.0,16036.0,Annual,UPI,DSL,2,1,117.0,1,215,3,10,1,7,East,2,No,Light,Not Offered,0
C1200,42,Female,17,740.0,9420.0,Two Year,Credit Card,Fiber,3,1,136.0,8,256,2,25,1,8,East,0,No,System,Not Offered,0
C1201,49,Male,25,894.0,22377.0,Monthly,UPI,Fiber,0,0,137.0,2,254,4,0,0,8,North,0,Yes,System,Not Offered,0
C1202,54,Male,23,772.0,13313.0,Monthly,Credit Card,Fiber,1,1,148.0,14,274,4,25,0,7,South,1,No,System,Not Offered,0
C1203,58,Male,9,764.0,6884.0,Annual,Debit Card,DSL,1,0,104.0,2,197,3,0,4,8,West,0,Yes,Light,Not Offered,0
C1204,38,Male,26,496.0,10936.0,Monthly,UPI,DSL,0,0,74.0,5,135,3,15,3,9,West,1,Yes,Light,Not Offered,0
C1205,39,Female,38,745.0,25479.0,Monthly,NetBanking,Fiber,2,0,46.0,8,112,4,10,0,9,East,0,No,Dark,Not Offered,0
C1206,45,Female,10,997.0,9950.0,Annual,NetBanking,Fiber,2,0,115.0,10,204,1,0,2,8,North,0,Yes,System,Not Offered,0
C1207,41,Male,13,705.0,8711.0,Annual,UPI,DSL,1,0,93.0,1,194,2,5,2,9,West,0,Yes,Light,Not Offered,0
C1208,18,Female,13,351.0,3661.0,Monthly,UPI,DSL,1,0,92.0,3,181,2,20,0,8,South,1,No,System,Not Offered,0
C1209,64,Female,40,755.0,30199.0,Monthly,UPI,Fiber,0,0,101.0,10,199,2,0,0,9,South,0,No,System,Not Offered,0
C1210,37,Female,22,791.0,16547.0,Monthly,Debit Card,DSL,1,1,126.0,3,238,2,5,1,6,North,0,No,System,Not Offered,0
C1211,27,Male,22,1093.0,24047.0,Two Year,Credit Card,Fiber,0,0,114.0,8,217,2,0,2,8,West,1,Yes,Dark,Not Offered,0
C1212,47,Female,23,678.0,15584.0,Monthly,NetBanking,Fiber,5,3,21.0,15,54,3,0,1,1,East,2,Yes,System,Accepted,1
C1213,39,Male,37,950.0,31619.0,Monthly,Credit Card,Fiber,3,1,84.0,2,177,4,10,0,7,South,0,No,Light,Not Offered,0
C1214,23,Female,38,696.0,25135.0,Annual,NetBanking,Fiber,2,1,89.0,9,178,1,5,0,8,North,0,No,Light,Not Offered,0
C1215,40,Male,20,803.0,14418.0,Two Year,Credit Card,Fiber,1,0,109.0,8,221,2,10,1,10,North,1,No,System,Not Offered,0
C1216,47,Female,7,617.0,3878.0,Annual,UPI,Fiber,8,0,111.0,0,203,3,10,0,6,North,0,Yes,Light,Not Offered,0
C1217,24,Male,46,999.0,43635.0,Monthly,Credit Card,DSL,0,0,136.0,15,229,4,5,0,9,East,1,Yes,Light,Not Offered,0
C1218,55,Female,11,892.0,9853.0,Two Year,Debit Card,DSL,1,0,49.0,2,83,2,0,0,10,South,1,Yes,Dark,Not Offered,0
C1219,34,Female,44,753.0,33096.0,Annual,UPI,DSL,10,0,120.0,25,206,1,0,1,6,West,1,Yes,Light,Not Offered,0
C1220,56,Male,66,597.0,37430.0,Monthly,UPI,DSL,0,0,192.0,3,350,1,5,0,9,East,0,No,Light,Not Offered,0
C1221,58,Female,56,769.0,38757.0,Two Year,UPI,Fiber,6,0,117.0,12,196,3,10,0,9,West,2,Yes,Light,Not Offered,0
C1222,24,Female,8,383.0,2588.0,Annual,NetBanking,Fiber,2,1,144.0,2,265,3,15,0,8,South,1,No,Light,Not Offered,0
C1223,38,Male,29,819.0,23729.0,Monthly,NetBanking,DSL,2,1,101.0,5,181,2,0,1,6,East,0,No,Dark,Not Offered,0
C1224,55,Female,20,717.0,12900.0,Monthly,Credit Card,Fiber,3,2,209.0,1,382,3,10,0,4,West,1,Yes,Light,Rejected,1
C1225,45,Female,52,886.0,46105.0,Monthly,Credit Card,Fiber,1,0,140.0,29,271,3,0,0,8,East,1,No,System,Not Offered,0
C1226,32,Female,23,838.0,17308.0,Monthly,UPI,Fiber,0,0,116.0,8,207,3,10,0,9,West,1,Yes,Dark,Not Offered,0
C1227,23,Male,50,848.0,42420.0,Annual,UPI,DSL,0,0,93.0,1,198,3,0,2,10,North,0,No,Light,Not Offered,0
C1228,51,Male,24,892.0,17809.0,Annual,UPI,DSL,0,0,100.0,16,196,1,5,0,9,South,2,No,System,Not Offered,0
C1229,51,Male,18,823.0,12580.0,Annual,Credit Card,DSL,7,2,106.0,5,201,3,15,0,4,South,0,Yes,System,Not Offered,0
C1230,19,Male,6,628.0,3776.0,Annual,Credit Card,Fiber,3,1,62.0,0,117,3,0,0,6,West,1,No,Dark,Not Offered,0
C1231,31,Male,24,614.0,12494.0,Annual,Credit Card,Fiber,0,0,159.0,3,289,1,15,0,10,South,1,Yes,Light,Not Offered,0
C1232,28,Male,25,475.0,11279.0,Monthly,Debit Card,Fiber,0,0,166.0,3,308,4,5,0,9,North,1,No,Light,Not Offered,0
C1233,44,Male,35,513.0,17942.0,Monthly,UPI,DSL,1,0,136.0,9,252,3,0,0,7,East,1,Yes,System,Not Offered,0
C1234,41,Male,30,557.0,15912.0,Monthly,Credit Card,Fiber,3,1,111.0,2,227,3,5,0,6,North,1,Yes,System,Not Offered,0
C1235,39,Male,21,791.0,13281.0,Two Year,UPI,DSL,0,0,139.0,0,257,4,20,3,10,South,1,No,Light,Not Offered,0
C1236,43,Male,26,1004.0,24847.0,Two Year,NetBanking,DSL,0,0,155.0,4,296,2,5,0,10,West,1,No,Light,Not Offered,0
C1237,41,Female,28,299.0,8381.0,Monthly,UPI,DSL,0,0,87.0,7,175,3,0,2,9,North,0,Yes,Light,Not Offered,0
C1238,24,Male,18,566.0,10184.0,Monthly,Debit Card,Fiber,1,1,105.0,3,209,3,0,2,6,West,0,No,System,Rejected,1
C1239,47,Male,15,538.0,6033.0,Annual,Credit Card,DSL,1,0,93.0,27,182,3,25,1,10,West,0,Yes,System,Not Offered,0
C1240,53,Male,34,663.0,20318.0,Two Year,UPI,Fiber,0,0,147.0,0,278,2,10,1,10,East,0,No,Dark,Not Offered,0
C1241,38,Female,4,769.0,2484.0,Two Year,NetBanking,Fiber,1,0,34.0,0,69,2,20,1,9,West,2,No,Light,Not Offered,0
C1242,47,Female,10,592.0,5911.0,Two Year,Credit Card,Fiber,0,0,201.0,1,341,3,0,0,10,North,0,No,Dark,Not Offered,0
C1243,37,Male,23,619.0,12142.0,Monthly,UPI,Fiber,6,0,125.0,14,231,4,15,0,5,North,0,No,Light,Not Offered,0
C1244,57,Male,24,948.0,19354.0,Monthly,Debit Card,DSL,7,4,151.0,18,275,1,10,0,1,North,2,No,Dark,Rejected,1
C1245,56,Male,8,924.0,7025.0,Two Year,NetBanking,DSL,2,1,94.0,0,173,4,5,2,7,West,1,No,System,Not Offered,0
C1246,45,Male,36,599.0,20492.0,Annual,Debit Card,DSL,3,2,100.0,0,176,2,5,0,5,South,1,Yes,Light,Not Offered,0
C1247,27,Female,46,950.0,43682.0,Monthly,NetBanking,DSL,1,1,97.0,2,162,2,0,0,7,West,1,No,System,Not Offered,0
C1248,34,Male,53,654.0,31201.0,Annual,Credit Card,DSL,5,0,149.0,0,285,2,10,1,9,North,0,No,Light,Not Offered,0
C1249,34,Female,56,619.0,25988.0,Monthly,Credit Card,DSL,1,0,123.0,32,219,5,25,0,10,North,0,Yes,Dark,Not Offered,0
C1250,51,Male,32,570.0,18221.0,Monthly,NetBanking,Fiber,3,0,141.0,11,236,3,0,1,7,West,1,Yes,Light,Not Offered,0
C1251,43,Male,13,454.0,5902.0,Monthly,Debit Card,DSL,5,3,94.0,23,179,5,0,0,2,South,0,No,System,Accepted,1
C1252,48,Male,8,717.0,5726.0,Monthly,UPI,Fiber,4,2,86.0,37,164,2,0,0,8,South,0,Yes,Dark,Rejected,1
C1253,42,Female,41,717.0,29246.0,Monthly,UPI,DSL,3,1,117.0,11,226,4,10,0,6,North,0,No,Light,Not Offered,0
C1254,42,Male,29,709.0,18509.0,Monthly,Credit Card,Fiber,3,1,97.0,0,186,3,10,0,6,East,1,No,Dark,Not Offered,0
C1255,20,Male,20,761.0,12948.0,Monthly,Credit Card,Fiber,2,1,20.0,5,60,3,15,0,5,West,0,No,Light,Not Offered,0
C1256,62,Male,14,997.0,13260.0,Monthly,Credit Card,Fiber,2,1,169.0,3,318,3,5,0,6,South,1,Yes,System,Not Offered,0
C1257,60,Male,29,603.0,17481.0,Annual,NetBanking,Fiber,1,0,91.0,10,165,4,0,0,9,North,2,No,Light,Not Offered,0
C1258,67,Female,34,549.0,17747.0,Two Year,UPI,DSL,0,0,157.0,0,258,1,5,2,10,East,0,Yes,Dark,Not Offered,0
C1259,38,Female,66,815.0,53784.0,Monthly,UPI,Fiber,1,0,139.0,12,259,2,0,1,8,West,1,Yes,Light,Not Offered,0
C1260,46,Male,7,479.0,3365.0,Two Year,Credit Card,Fiber,2,1,102.0,1,153,3,0,0,8,South,0,No,Light,Not Offered,0
C1261,49,Male,18,831.0,14239.0,Two Year,NetBanking,DSL,2,0,99.0,3,204,3,5,4,9,East,0,Yes,Dark,Accepted,0
C1262,50,Male,29,740.0,20408.0,Two Year,UPI,DSL,1,0,167.0,8,310,5,5,0,10,West,3,Yes,Light,Not Offered,0
C1263,27,Male,21,840.0,17646.0,Annual,Debit Card,Fiber,3,0,124.0,2,229,2,0,0,8,East,0,Yes,System,Not Offered,0
C1264,61,Male,20,589.0,11828.0,Monthly,Credit Card,DSL,5,2,167.0,22,280,3,0,0,3,East,1,No,System,Rejected,1
C1265,63,Male,29,437.0,11386.0,Monthly,Credit Card,Fiber,0,0,137.0,5,248,3,10,0,9,West,0,No,Dark,Not Offered,0
C1266,46,Male,17,744.0,11386.0,Annual,Debit Card,DSL,1,0,183.0,0,333,2,10,2,10,North,2,Yes,Dark,Not Offered,0
C1267,39,Male,10,866.0,8667.0,Monthly,Credit Card,Fiber,6,2,67.0,33,116,2,0,0,2,North,0,Yes,Light,Rejected,1
C1268,26,Male,30,343.0,10293.0,Two Year,UPI,DSL,5,3,120.0,15,208,2,0,0,3,West,0,Yes,Dark,Rejected,1
C1269,44,Female,49,624.0,29031.0,Monthly,Credit Card,Fiber,2,1,82.0,0,137,1,5,0,7,South,0,No,Dark,Accepted,0
C1270,49,Female,14,946.0,12604.0,Monthly,Credit Card,DSL,1,0,68.0,3,114,2,5,0,8,East,1,No,Dark,Accepted,0
C1271,47,Male,72,602.0,36831.0,Annual,UPI,Fiber,3,1,79.0,5,164,1,15,1,8,West,1,No,Light,Not Offered,0
C1272,43,Female,20,576.0,11499.0,Two Year,UPI,DSL,0,0,189.0,12,339,2,0,0,10,East,0,Yes,System,Not Offered,0
C1273,50,Male,20,420.0,7940.0,Monthly,NetBanking,Fiber,1,0,142.0,3,261,3,5,0,9,East,0,No,Dark,Not Offered,0
C1274,41,Female,25,1047.0,26186.0,Two Year,UPI,DSL,1,1,149.0,7,265,1,0,0,8,South,0,No,Light,Not Offered,0
C1275,39,Female,35,1026.0,32344.0,Two Year,NetBanking,Fiber,0,0,170.0,0,279,3,10,0,10,South,1,Yes,Dark,Not Offered,0
C1276,62,Female,26,655.0,16177.0,Two Year,UPI,Fiber,0,0,164.0,0,278,2,5,0,10,North,1,No,System,Not Offered,0
C1277,28,Female,39,429.0,15028.0,Monthly,Credit Card,DSL,0,0,99.0,4,174,3,10,0,10,South,2,Yes,System,Not Offered,0
C1278,47,Female,10,426.0,4260.0,Monthly,Credit Card,DSL,3,0,154.0,2,318,2,0,0,6,North,1,Yes,Light,Not Offered,0
C1279,18,Male,44,728.0,28832.0,Monthly,NetBanking,Fiber,0,0,20.0,11,54,1,10,3,9,East,0,No,Light,Not Offered,0
C1280,43,Male,18,929.0,16770.0,Monthly,UPI,DSL,6,1,127.0,9,209,2,0,0,4,East,1,No,Light,Rejected,1
C1281,41,Male,36,952.0,34286.0,Monthly,Debit Card,Fiber,1,1,89.0,1,160,4,0,1,6,West,0,No,Light,Not Offered,0
C1282,52,Female,5,500.0,2368.0,Two Year,UPI,Fiber,2,1,95.0,4,185,3,5,0,7,North,1,Yes,System,Not Offered,0
C1283,41,Male,15,734.0,8822.0,Monthly,UPI,Fiber,3,2,121.0,10,228,5,20,2,4,East,0,No,Light,Accepted,1
C1284,19,Female,39,746.0,29092.0,Annual,Debit Card,DSL,0,0,139.0,5,231,2,0,2,10,South,1,Yes,System,Not Offered,0
C1285,50,Female,24,831.0,17964.0,Two Year,UPI,Fiber,2,1,80.0,19,137,3,10,0,7,West,0,No,Light,Not Offered,0
C1286,29,Female,27,848.0,19482.0,Annual,Credit Card,Fiber,0,0,175.0,1,315,1,15,0,10,North,1,No,System,Not Offered,0
C1287,20,Female,20,622.0,11814.0,Monthly,Credit Card,Fiber,3,1,174.0,19,325,3,5,1,6,West,0,Yes,Dark,Rejected,1
C1288,45,Female,24,946.0,22732.0,Annual,Credit Card,Fiber,5,3,88.0,30,180,3,0,0,2,North,0,Yes,Light,Accepted,1
C1289,23,Male,14,780.0,10375.0,Annual,UPI,DSL,2,1,109.0,1,208,3,5,0,7,South,1,No,Dark,Not Offered,0
C1290,39,Female,15,620.0,8818.0,Two Year,UPI,Fiber,2,0,105.0,3,173,2,5,3,8,West,1,Yes,Dark,Accepted,0
C1291,49,Female,39,540.0,18922.0,Annual,NetBanking,Fiber,0,0,131.0,8,224,4,10,2,10,South,0,No,System,Not Offered,0
C1292,60,Male,22,611.0,10750.0,Monthly,NetBanking,DSL,7,4,93.0,17,162,3,20,0,1,North,2,Yes,Dark,Rejected,1
C1293,46,Male,13,988.0,11566.0,Annual,NetBanking,None,1,0,74.0,20,152,5,10,0,9,North,2,No,Light,Not Offered,0
C1294,43,Male,24,717.0,17239.0,Annual,NetBanking,Fiber,0,0,74.0,2,150,2,0,0,9,West,0,No,Light,Not Offered,0
C1295,33,Female,6,441.0,2372.0,Annual,Credit Card,Fiber,2,0,118.0,5,240,2,10,0,8,North,1,No,Light,Not Offered,0
C1296,39,Female,15,918.0,12360.0,Annual,UPI,Fiber,0,0,129.0,19,236,3,10,2,10,West,0,No,Light,Not Offered,0
C1297,57,Male,12,877.0,9974.0,Annual,UPI,DSL,4,0,168.0,0,330,3,5,1,8,South,1,No,Light,Not Offered,0
C1298,24,Female,7,701.0,3945.0,Monthly,Credit Card,Fiber,3,2,85.0,17,142,4,20,0,3,South,3,No,System,Rejected,1
C1299,59,Female,35,711.0,24876.0,Monthly,Debit Card,Fiber,0,0,153.0,0,283,3,0,0,9,East,0,No,Dark,Not Offered,0
C1300,53,Male,19,549.0,10388.0,Monthly,NetBanking,Fiber,0,0,108.0,12,195,2,0,2,7,North,2,No,Light,Not Offered,0
C1301,19,Male,26,681.0,17053.0,Monthly,Credit Card,Fiber,0,0,219.0,0,402,3,0,0,8,South,2,No,System,Not Offered,0
C1302,50,Male,23,912.0,20989.0,Monthly,UPI,DSL,6,3,79.0,18,160,3,0,0,2,West,0,No,Dark,Rejected,1
C1303,18,Male,24,722.0,17339.0,Two Year,Credit Card,DSL,3,2,98.0,0,212,3,0,0,6,North,0,No,Light,Not Offered,0
C1304,32,Female,15,821.0,11722.0,Monthly,NetBanking,Fiber,4,2,150.0,15,268,3,5,1,3,South,2,Yes,Light,Rejected,1
C1305,41,Male,56,915.0,43557.0,Monthly,UPI,Fiber,0,0,129.0,1,199,4,15,0,10,West,0,Yes,Dark,Not Offered,0
C1306,31,Female,21,612.0,12861.0,Annual,UPI,DSL,1,1,20.0,3,69,2,0,1,8,East,2,No,System,Not Offered,0
C1307,66,Male,5,604.0,3021.0,Annual,UPI,Fiber,0,0,48.0,1,100,4,0,4,9,North,0,No,Dark,Not Offered,0
C1308,43,Female,52,872.0,43085.0,Monthly,UPI,Fiber,2,1,85.0,14,160,2,5,1,7,South,2,Yes,Dark,Not Offered,0
C1309,44,Female,34,532.0,17189.0,Two Year,UPI,Fiber,5,2,85.0,10,175,4,5,0,5,West,1,Yes,Light,Not Offered,0
C1310,33,Female,29,745.0,21589.0,Annual,UPI,Fiber,1,0,116.0,3,193,2,0,5,9,East,0,Yes,Light,Not Offered,0
C1311,40,Female,24,1069.0,30819.0,Monthly,UPI,DSL,1,0,38.0,0,90,2,20,1,9,South,0,Yes,Dark,Not Offered,0
C1312,59,Male,27,1013.0,23260.0,Annual,UPI,Fiber,1,0,123.0,4,217,1,15,5,10,East,0,Yes,Light,Not Offered,0
C1313,39,Female,49,717.0,21922.0,Annual,UPI,Fiber,0,0,94.0,9,165,2,15,1,10,West,0,Yes,System,Not Offered,0
C1314,26,Male,32,717.0,15271.0,Annual,UPI,Fiber,3,0,114.0,11,65,1,25,1,9,South,0,Yes,Light,Not Offered,0
C1315,44,Female,27,585.0,15023.0,Two Year,Credit Card,Fiber,3,2,68.0,1,130,2,5,0,5,North,1,No,System,Not Offered,0
C1316,29,Male,15,537.0,8049.0,Monthly,UPI,Fiber,3,2,94.0,14,185,3,0,1,3,East,1,Yes,Dark,Rejected,1
C1317,52,Male,37,984.0,34574.0,Annual,UPI,DSL,1,1,70.0,0,135,2,5,1,8,South,0,No,System,Not Offered,0
C1318,37,Female,14,638.0,8950.0,Annual,UPI,Fiber,0,0,93.0,2,204,2,0,0,9,North,0,No,Light,Not Offered,0
C1319,55,Female,35,628.0,21971.0,Annual,NetBanking,DSL,0,0,90.0,0,175,4,0,2,9,West,1,No,Dark,Not Offered,0
C1320,27,Female,17,529.0,8970.0,Annual,Credit Card,Fiber,0,0,155.0,11,256,4,0,4,10,North,0,No,System,Not Offered,0
C1321,33,Male,16,633.0,10147.0,Two Year,NetBanking,Fiber,1,0,91.0,22,202,3,0,0,9,East,0,No,System,Not Offered,0
C1322,44,Male,33,852.0,25298.0,Two Year,UPI,Fiber,0,0,39.0,4,78,4,10,0,10,West,2,No,Light,Not Offered,0
C1323,51,Male,14,641.0,8097.0,Monthly,UPI,Fiber,0,0,134.0,4,255,2,10,0,8,North,1,No,Light,Not Offered,0
C1324,26,Female,8,495.0,3572.0,Annual,Credit Card,DSL,5,0,188.0,0,344,3,10,1,8,South,2,No,System,Not Offered,0
C1325,37,Female,9,809.0,6195.0,Annual,UPI,Fiber,3,2,32.0,1,71,2,15,0,5,East,1,No,System,Not Offered,0
C1326,53,Female,8,885.0,7091.0,Annual,Credit Card,Fiber,1,0,81.0,6,145,3,0,0,8,West,0,No,Dark,Not Offered,0
C1327,42,Female,11,793.0,8246.0,Two Year,Credit Card,Fiber,3,1,93.0,0,173,4,5,1,7,East,0,No,System,Not Offered,0
C1328,32,Female,33,717.0,24697.0,Two Year,Credit Card,DSL,0,0,137.0,17,258,3,10,3,10,South,0,Yes,Light,Not Offered,0
C1329,19,Male,12,511.0,6130.0,Monthly,Credit Card,DSL,0,0,122.0,25,241,3,0,3,8,North,3,No,Light,Not Offered,0
C1330,49,Male,22,622.0,13690.0,Annual,UPI,Fiber,0,0,114.0,1,244,2,0,0,9,North,1,No,System,Not Offered,0
C1331,36,Female,69,845.0,52501.0,Two Year,Credit Card,Fiber,3,1,168.0,3,310,3,10,2,9,East,0,No,Dark,Not Offered,0
C1332,46,Male,25,838.0,20916.0,Monthly,Credit Card,DSL,8,5,146.0,20,288,2,0,1,1,South,0,Yes,System,Rejected,1
C1333,29,Male,46,597.0,27450.0,Annual,UPI,DSL,0,0,124.0,9,263,1,0,1,10,North,1,No,Dark,Not Offered,0
C1334,18,Male,25,506.0,11356.0,Monthly,Credit Card,Fiber,1,0,129.0,3,236,1,10,0,7,South,0,No,Dark,Not Offered,0
C1335,18,Female,16,866.0,13871.0,Monthly,Credit Card,DSL,3,2,110.0,16,216,4,0,0,3,North,0,No,Dark,Rejected,1
C1336,32,Male,39,779.0,28866.0,Monthly,Credit Card,None,3,0,132.0,1,249,2,5,0,8,West,0,Yes,Dark,Not Offered,0
C1337,22,Male,23,890.0,20455.0,Annual,Debit Card,Fiber,2,0,170.0,12,302,3,0,2,9,North,1,No,System,Not Offered,0
C1338,48,Male,37,532.0,16700.0,Two Year,Credit Card,Fiber,0,0,109.0,31,195,2,15,0,10,South,2,No,Dark,Accepted,0
C1339,19,Female,7,752.0,5271.0,Annual,Credit Card,Fiber,0,0,123.0,0,263,4,0,0,9,West,0,No,Dark,Not Offered,0
C1340,29,Female,24,738.0,17701.0,Monthly,Credit Card,DSL,4,1,133.0,0,239,2,0,0,5,East,1,No,Light,Rejected,1
C1341,50,Male,15,862.0,12923.0,Monthly,NetBanking,Fiber,1,0,103.0,1,198,2,0,0,8,North,0,Yes,System,Not Offered,0
C1342,52,Male,59,429.0,20227.0,Monthly,NetBanking,DSL,4,1,133.0,4,225,2,20,0,7,North,1,No,Light,Not Offered,0
C1343,38,Female,11,509.0,5627.0,Annual,Credit Card,DSL,0,0,158.0,11,293,3,0,2,9,East,0,No,Dark,Not Offered,0
C1344,42,Male,22,864.0,19034.0,Annual,UPI,Fiber,2,1,168.0,0,299,3,0,1,7,South,1,Yes,Dark,Not Offered,0
C1345,44,Female,24,702.0,16830.0,Monthly,UPI,DSL,2,1,219.0,8,394,2,0,0,5,East,0,Yes,System,Rejected,1
C1346,43,Female,18,937.0,12643.0,Monthly,Credit Card,DSL,4,2,30.0,0,52,3,25,4,4,South,1,No,Dark,Rejected,1
C1347,43,Male,45,299.0,10757.0,Two Year,UPI,Fiber,5,1,62.0,5,133,2,20,4,8,East,0,Yes,Light,Not Offered,0
C1348,51,Female,18,759.0,12980.0,Two Year,Credit Card,Fiber,0,0,125.0,2,239,3,5,0,10,North,1,Yes,Dark,Not Offered,0
C1349,34,Female,21,299.0,4682.0,Two Year,Credit Card,DSL,0,0,139.0,15,260,3,25,1,10,South,1,Yes,Light,Not Offered,0
C1350,49,Male,18,719.0,12959.0,Monthly,Credit Card,DSL,0,0,105.0,4,196,3,0,0,8,South,0,No,Dark,Not Offered,0
C1351,44,Female,17,607.0,9313.0,Two Year,Debit Card,DSL,0,0,106.0,1,200,4,10,1,8,North,0,Yes,System,Not Offered,0
C1352,48,Female,70,947.0,66273.0,Monthly,Credit Card,Fiber,0,0,116.0,7,220,2,0,2,9,West,0,No,Dark,Not Offered,0
C1353,45,Female,36,640.0,20753.0,Monthly,Credit Card,DSL,3,2,107.0,10,189,2,10,0,4,East,1,Yes,System,Not Offered,0
C1354,23,Female,21,716.0,14238.0,Monthly,Debit Card,Fiber,4,2,69.0,21,140,3,5,1,3,East,1,Yes,Light,Rejected,1
C1355,27,Female,50,913.0,45635.0,Annual,UPI,Fiber,0,0,131.0,17,215,3,0,0,10,North,1,No,Light,Not Offered,0
C1356,29,Male,30,665.0,19949.0,Two Year,Debit Card,DSL,2,0,145.0,2,257,3,0,1,9,West,0,Yes,Dark,Not Offered,0
C1357,75,Female,25,710.0,17768.0,Annual,UPI,DSL,2,1,181.0,1,338,1,0,0,6,North,2,No,Light,Not Offered,0
C1358,28,Male,38,671.0,22959.0,Monthly,NetBanking,Fiber,3,2,154.0,3,283,2,10,0,5,North,1,Yes,Light,Not Offered,0
C1359,71,Female,24,688.0,11716.0,Monthly,NetBanking,Fiber,2,1,71.0,7,145,3,0,1,6,East,0,Yes,System,Not Offered,0
C1360,26,Male,5,942.0,4219.0,Two Year,Credit Card,Fiber,0,0,149.0,0,250,4,10,1,9,North,1,Yes,Dark,Not Offered,0
C1361,19,Male,20,636.0,10140.0,Annual,UPI,DSL,1,1,100.0,16,210,2,20,1,8,West,1,No,System,Not Offered,0
C1362,46,Male,34,738.0,20075.0,Monthly,Credit Card,DSL,0,0,56.0,1,109,2,20,0,8,North,0,No,System,Not Offered,0
C1363,34,Female,22,779.0,16307.0,Annual,Debit Card,Fiber,0,0,121.0,31,227,3,5,1,10,East,0,Yes,Dark,Not Offered,0
C1364,41,Female,33,798.0,23673.0,Two Year,Credit Card,Fiber,9,5,130.0,17,249,3,10,0,1,West,1,Yes,Light,Rejected,1
C1365,45,Male,5,369.0,1676.0,Two Year,Credit Card,DSL,1,1,149.0,11,271,3,10,0,9,North,1,No,Light,Not Offered,0
C1366,43,Male,21,366.0,7733.0,Monthly,NetBanking,DSL,1,0,120.0,0,233,2,0,2,8,North,0,No,System,Not Offered,0
C1367,55,Male,39,602.0,22313.0,Two Year,Credit Card,DSL,1,0,143.0,0,270,2,5,1,10,South,2,Yes,Light,Not Offered,0
C1368,44,Female,12,886.0,10620.0,Two Year,Debit Card,DSL,1,0,162.0,6,283,1,0,0,10,East,0,No,Light,Not Offered,0
C1369,24,Female,6,606.0,3076.0,Annual,Credit Card,Fiber,4,0,45.0,0,70,4,15,0,8,North,0,No,Dark,Not Offered,0
C1370,47,Female,7,761.0,5328.0,Monthly,NetBanking,Fiber,10,4,186.0,16,327,1,0,0,1,South,2,No,Light,Rejected,1
C1371,52,Male,27,538.0,13055.0,Two Year,NetBanking,DSL,0,0,128.0,1,202,3,10,0,10,North,0,Yes,Dark,Not Offered,0
C1372,21,Male,46,848.0,37025.0,Annual,UPI,Fiber,1,0,84.0,4,158,4,5,0,10,North,0,Yes,System,Not Offered,0
C1373,65,Female,6,682.0,3714.0,Two Year,UPI,Fiber,8,5,86.0,18,159,2,10,1,1,West,1,Yes,Light,Rejected,1
C1374,42,Male,21,658.0,13124.0,Annual,NetBanking,DSL,3,2,156.0,12,311,4,5,1,5,North,0,No,Light,Not Offered,0
C1375,44,Male,9,518.0,4682.0,Monthly,NetBanking,Fiber,1,1,114.0,5,173,1,0,0,6,North,1,No,Dark,Not Offered,0
C1376,37,Male,39,554.0,18367.0,Monthly,Credit Card,DSL,1,0,99.0,14,198,1,15,0,10,South,0,No,System,Not Offered,0
C1377,53,Male,27,605.0,15543.0,Annual,UPI,Fiber,1,0,108.0,0,227,1,5,0,9,North,0,No,Light,Not Offered,0
C1378,31,Female,52,874.0,43157.0,Annual,NetBanking,Fiber,0,0,136.0,6,262,2,5,1,8,West,1,Yes,Dark,Not Offered,0
C1379,38,Female,8,520.0,3709.0,Monthly,Debit Card,Fiber,2,1,105.0,6,209,3,10,1,6,South,1,No,Dark,Rejected,1
C1380,49,Male,23,650.0,11206.0,Monthly,UPI,Fiber,2,0,120.0,14,243,4,25,0,8,North,2,No,Light,Not Offered,0
C1381,48,Male,19,680.0,12929.0,Monthly,Credit Card,Fiber,2,1,137.0,22,257,1,0,3,5,South,1,Yes,System,Rejected,1
C1382,18,Male,20,639.0,12163.0,Monthly,Credit Card,Fiber,2,1,46.0,1,111,1,5,0,6,North,1,Yes,System,Not Offered,0
C1383,57,Male,33,969.0,30402.0,Annual,UPI,Fiber,5,1,71.0,4,127,1,5,0,6,North,0,Yes,Light,Not Offered,0
C1384,64,Male,41,463.0,17058.0,Two Year,Credit Card,Fiber,2,1,156.0,12,301,1,10,2,10,South,0,No,Dark,Not Offered,0
C1385,24,Female,11,799.0,8356.0,Annual,Debit Card,DSL,0,0,62.0,1,144,3,5,0,8,North,0,Yes,Light,Not Offered,0
C1386,18,Male,12,490.0,5581.0,Monthly,UPI,DSL,1,0,92.0,5,162,5,5,2,8,North,1,Yes,Light,Not Offered,0
C1387,29,Male,4,488.0,1974.0,Monthly,Credit Card,DSL,3,1,64.0,16,104,2,0,0,4,South,0,No,System,Rejected,1
C1388,29,Female,61,735.0,35913.0,Annual,Credit Card,Fiber,3,0,117.0,3,228,3,20,0,9,East,0,Yes,System,Not Offered,0
C1389,49,Male,45,815.0,31170.0,Annual,NetBanking,Fiber,1,0,64.0,6,157,4,15,0,10,North,0,Yes,Light,Not Offered,0
C1390,19,Male,25,299.0,5623.0,Two Year,UPI,None,1,0,86.0,21,163,2,25,2,10,West,0,Yes,Light,Not Offered,0
C1391,24,Female,14,856.0,11991.0,Two Year,Credit Card,Fiber,2,0,100.0,5,162,3,0,1,9,West,0,Yes,System,Not Offered,0
C1392,22,Male,34,495.0,13464.0,Two Year,UPI,Fiber,3,2,136.0,1,271,3,20,2,6,North,2,Yes,Dark,Not Offered,0
C1393,75,Female,69,833.0,57473.0,Monthly,Credit Card,Fiber,4,0,82.0,1,163,1,0,1,7,East,0,No,Light,Not Offered,0
C1394,48,Male,47,900.0,40209.0,Monthly,UPI,DSL,5,0,91.0,11,173,2,5,0,8,South,0,No,Light,Not Offered,0
C1395,54,Male,30,461.0,13123.0,Monthly,NetBanking,Fiber,1,0,105.0,15,207,4,5,0,8,East,1,No,System,Not Offered,0
C1396,46,Male,34,972.0,31418.0,Monthly,Debit Card,Fiber,0,0,119.0,6,241,3,5,0,8,North,1,Yes,Light,Not Offered,0
C1397,58,Female,24,717.0,27395.0,Monthly,Credit Card,DSL,0,0,106.0,5,199,3,10,0,8,West,2,No,System,Not Offered,0
C1398,37,Female,7,1341.0,8468.0,Annual,UPI,Fiber,6,3,150.0,22,260,2,10,1,1,East,0,No,Light,Rejected,1
C1399,54,Female,20,821.0,13926.0,Monthly,Credit Card,DSL,2,1,135.0,3,281,3,15,1,7,East,0,Yes,System,Not Offered,0
C1400,43,Female,25,650.0,16245.0,Annual,Credit Card,Fiber,0,0,169.0,4,285,5,0,0,10,East,1,No,System,Not Offered,0
C1401,35,Male,17,825.0,13355.0,Monthly,Credit Card,DSL,1,1,66.0,2,105,2,5,1,7,West,1,Yes,System,Not Offered,0
C1402,40,Male,5,717.0,1233.0,Annual,NetBanking,DSL,2,1,154.0,7,284,2,25,0,7,North,1,Yes,Dark,Not Offered,0
C1403,43,Male,10,728.0,6539.0,Monthly,UPI,Fiber,1,1,140.0,0,253,3,10,0,5,South,1,No,Light,Rejected,1
C1404,42,Female,20,730.0,14574.0,Two Year,Credit Card,Fiber,1,0,171.0,4,329,2,0,0,9,North,1,Yes,Dark,Not Offered,0
C1405,51,Female,57,714.0,40673.0,Two Year,UPI,Fiber,1,0,91.0,0,196,2,0,0,8,West,3,No,Dark,Not Offered,0
C1406,68,Male,16,743.0,11907.0,Annual,UPI,DSL,0,0,119.0,1,216,2,0,1,8,North,0,Yes,System,Not Offered,0
C1407,50,Male,20,596.0,11947.0,Annual,Debit Card,Fiber,1,1,146.0,8,278,1,0,0,7,East,3,Yes,Light,Not Offered,0
C1408,39,Male,25,895.0,22380.0,Annual,UPI,Fiber,1,0,21.0,0,61,4,0,0,9,West,0,No,Dark,Not Offered,0
C1409,43,Female,24,1029.0,5149.0,Monthly,NetBanking,Fiber,2,1,92.0,0,190,3,0,0,5,East,0,Yes,System,Rejected,1
C1410,32,Female,35,516.0,16278.0,Monthly,NetBanking,Fiber,1,1,124.0,1,217,3,10,4,7,North,0,Yes,Dark,Not Offered,0
C1411,42,Male,29,803.0,19814.0,Annual,NetBanking,Fiber,0,0,92.0,2,180,2,15,0,10,West,1,No,Dark,Not Offered,0
C1412,27,Female,25,799.0,17984.0,Monthly,Credit Card,Fiber,5,2,170.0,20,274,2,10,1,3,East,0,Yes,Dark,Rejected,1
C1413,44,Female,24,803.0,23100.0,Two Year,UPI,Fiber,1,0,58.0,0,133,2,20,0,10,East,1,No,Light,Not Offered,0
C1414,44,Male,69,717.0,40961.0,Annual,Credit Card,DSL,0,0,95.0,9,181,6,20,2,10,North,0,Yes,System,Not Offered,0
C1415,62,Female,30,744.0,21184.0,Annual,Debit Card,DSL,1,0,132.0,16,237,2,5,0,9,North,1,No,Light,Not Offered,0
C1416,33,Female,18,571.0,9752.0,Annual,NetBanking,Fiber,0,0,100.0,25,184,1,5,0,10,South,1,No,Dark,Not Offered,0
C1417,50,Male,34,865.0,26448.0,Monthly,UPI,DSL,5,3,139.0,25,267,2,10,0,1,West,0,No,Dark,Rejected,1
C1418,40,Female,17,687.0,11678.0,Annual,UPI,DSL,1,1,36.0,1,86,2,0,1,8,South,0,No,Dark,Not Offered,0
C1419,41,Male,45,345.0,13959.0,Monthly,UPI,None,2,0,108.0,1,220,1,10,5,8,West,0,No,Light,Not Offered,0
C1420,56,Male,30,762.0,22846.0,Monthly,UPI,None,3,2,115.0,18,199,1,0,0,3,East,0,No,System,Rejected,1
C1421,47,Male,9,831.0,6702.0,Two Year,NetBanking,Fiber,3,0,70.0,0,101,3,10,1,8,North,3,No,System,Not Offered,0
C1422,61,Male,16,857.0,13033.0,Monthly,Credit Card,Fiber,1,0,156.0,0,305,2,5,0,8,East,0,Yes,Dark,Not Offered,0
C1423,44,Female,7,498.0,3458.0,Two Year,NetBanking,Fiber,1,0,87.0,2,167,4,0,1,10,South,0,No,System,Not Offered,0
C1424,39,Female,13,965.0,11940.0,Annual,UPI,Fiber,4,1,144.0,1,258,2,5,0,7,West,0,No,Light,Not Offered,0
C1425,63,Male,36,717.0,25462.0,Annual,Credit Card,Fiber,0,0,97.0,2,200,1,10,0,10,West,2,Yes,Light,Not Offered,0
C1426,53,Female,18,684.0,11083.0,Annual,NetBanking,DSL,3,2,109.0,2,180,2,10,0,6,North,1,Yes,Light,Not Offered,0
C1427,47,Male,9,913.0,7383.0,Monthly,Credit Card,Fiber,1,1,131.0,28,232,3,10,0,6,South,2,Yes,Light,Rejected,1
C1428,38,Female,25,640.0,14436.0,Annual,NetBanking,Fiber,2,0,109.0,3,199,2,10,1,9,East,0,Yes,Dark,Not Offered,0
C1429,38,Male,20,582.0,10470.0,Annual,UPI,Fiber,1,0,104.0,34,204,3,10,1,10,North,2,No,System,Not Offered,0
C1430,37,Female,15,811.0,12199.0,Monthly,NetBanking,Fiber,2,1,120.0,0,216,1,0,0,5,West,0,No,Light,Not Offered,0
C1431,47,Male,20,588.0,9967.0,Annual,UPI,Fiber,0,0,110.0,4,209,3,15,0,8,East,0,Yes,System,Accepted,0
C1432,30,Female,27,686.0,16684.0,Annual,UPI,Fiber,2,1,86.0,7,190,2,10,0,8,North,0,Yes,System,Not Offered,0
C1433,70,Male,32,786.0,20123.0,Annual,Credit Card,Fiber,0,0,38.0,3,67,1,20,0,10,North,0,No,System,Not Offered,0
C1434,24,Female,15,527.0,7940.0,Annual,UPI,DSL,0,0,70.0,9,137,2,0,0,10,West,0,Yes,System,Not Offered,0
C1435,37,Female,9,717.0,5511.0,Two Year,UPI,DSL,0,0,94.0,7,181,3,15,0,10,West,0,No,Dark,Not Offered,0
C1436,33,Female,72,948.0,64827.0,Two Year,Credit Card,Fiber,0,0,104.0,3,219,1,5,2,10,North,0,No,System,Not Offered,0
C1437,55,Male,25,836.0,16705.0,Annual,Credit Card,DSL,2,1,96.0,8,146,2,20,0,8,East,0,No,Light,Not Offered,0
C1438,67,Female,17,643.0,9806.0,Monthly,Credit Card,Fiber,2,1,39.0,8,85,5,10,0,6,South,1,Yes,Light,Not Offered,0
C1439,29,Male,44,957.0,37921.0,Two Year,UPI,DSL,2,1,93.0,0,163,3,10,1,9,South,0,Yes,System,Not Offered,0
C1440,50,Female,22,868.0,19074.0,Annual,Credit Card,DSL,0,0,78.0,22,147,1,0,2,9,East,0,No,System,Not Offered,0
C1441,45,Female,8,456.0,3625.0,Monthly,Credit Card,Fiber,5,3,72.0,21,151,2,0,0,1,West,0,Yes,Dark,Rejected,1
C1442,61,Male,31,1023.0,31697.0,Monthly,Credit Card,Fiber,2,1,175.0,5,313,2,0,2,5,North,2,No,System,Not Offered,0
C1443,41,Male,26,481.0,11247.0,Monthly,UPI,Fiber,8,2,120.0,17,237,2,10,0,2,South,0,Yes,Dark,Rejected,1
C1444,51,Male,23,692.0,15929.0,Annual,UPI,Fiber,2,0,139.0,0,269,1,0,1,8,South,3,Yes,Light,Not Offered,0
C1445,26,Female,23,703.0,13743.0,Monthly,UPI,Fiber,1,0,114.0,0,210,3,15,0,7,North,1,No,System,Not Offered,0
C1446,38,Female,15,569.0,6417.0,Monthly,UPI,DSL,3,1,49.0,6,100,2,25,1,5,West,2,Yes,System,Accepted,0
C1447,36,Male,20,1069.0,17086.0,Annual,Credit Card,Fiber,0,0,118.0,9,203,3,20,1,10,North,1,Yes,Light,Not Offered,0
C1448,54,Female,19,586.0,8375.0,Monthly,Credit Card,DSL,0,0,212.0,0,370,1,25,1,9,West,0,No,Dark,Not Offered,0
C1449,54,Female,24,436.0,9932.0,Annual,UPI,DSL,1,0,121.0,2,214,2,5,1,10,West,0,Yes,System,Not Offered,0
C1450,18,Male,49,1055.0,49089.0,Annual,Debit Card,Fiber,0,0,111.0,3,223,4,5,1,10,South,0,Yes,Dark,Not Offered,0
C1451,25,Male,24,856.0,42807.0,Annual,Debit Card,Fiber,3,1,69.0,4,129,2,0,0,8,East,2,Yes,System,Not Offered,0
C1452,39,Male,24,552.0,13239.0,Monthly,NetBanking,DSL,1,1,36.0,9,93,3,0,1,7,South,0,Yes,Light,Not Offered,0
C1453,45,Female,18,544.0,9802.0,Monthly,Credit Card,Fiber,2,0,102.0,7,176,5,0,0,7,West,1,Yes,System,Not Offered,0
C1454,18,Male,22,1124.0,18525.0,Two Year,Credit Card,Fiber,0,0,147.0,3,272,1,25,2,10,East,0,No,Dark,Not Offered,0
C1455,65,Male,26,698.0,13628.0,Monthly,UPI,Fiber,2,1,73.0,9,132,3,25,3,6,East,2,Yes,Dark,Not Offered,0
C1456,35,Female,20,770.0,15400.0,Monthly,UPI,Fiber,0,0,102.0,0,175,3,0,0,8,West,0,Yes,Dark,Not Offered,0
C1457,38,Male,24,845.0,19255.0,Monthly,Credit Card,DSL,2,1,99.0,6,216,3,5,0,6,North,3,Yes,Dark,Not Offered,0
C1458,32,Male,4,928.0,3314.0,Two Year,UPI,Fiber,0,0,107.0,6,229,4,10,0,9,North,0,No,System,Not Offered,0
C1459,54,Female,37,863.0,28754.0,Annual,Debit Card,Fiber,6,0,20.0,1,74,2,10,0,8,East,1,No,System,Not Offered,0
C1460,47,Male,25,672.0,15150.0,Annual,Credit Card,Fiber,3,1,158.0,1,289,1,10,0,7,North,2,No,System,Not Offered,0
C1461,36,Female,19,757.0,10792.0,Two Year,UPI,Fiber,2,1,45.0,10,105,1,25,1,9,North,1,No,Light,Accepted,0
C1462,50,Male,17,676.0,11500.0,Annual,UPI,Fiber,1,0,99.0,2,171,3,0,0,8,West,2,No,Light,Not Offered,0
C1463,36,Female,23,694.0,14332.0,Annual,UPI,Fiber,0,0,133.0,1,260,2,10,2,10,East,2,Yes,System,Accepted,0
C1464,36,Male,24,883.0,8410.0,Two Year,NetBanking,Fiber,0,0,152.0,13,271,3,5,1,9,South,1,Yes,System,Accepted,0
C1465,34,Female,15,687.0,10294.0,Annual,UPI,None,0,0,95.0,25,205,2,0,0,10,East,0,Yes,Light,Not Offered,0
C1466,59,Female,62,829.0,51404.0,Two Year,UPI,Fiber,2,0,114.0,5,184,2,0,0,10,West,0,No,System,Not Offered,0
C1467,28,Male,23,1302.0,25457.0,Annual,UPI,DSL,1,0,97.0,17,175,1,15,3,9,West,0,Yes,System,Not Offered,0
C1468,75,Female,12,622.0,7473.0,Monthly,UPI,Fiber,0,0,114.0,5,98,2,0,0,9,West,1,Yes,Dark,Not Offered,0
C1469,49,Male,2,648.0,983.0,Monthly,Credit Card,Fiber,6,2,135.0,14,270,3,25,0,2,North,1,Yes,Dark,Rejected,1
C1470,49,Female,42,537.0,22557.0,Annual,UPI,Fiber,5,1,156.0,3,289,4,0,0,6,North,1,No,Light,Not Offered,0
C1471,67,Male,15,732.0,8790.0,Monthly,UPI,Fiber,2,1,51.0,11,126,2,20,0,6,South,1,Yes,Light,Not Offered,0
C1472,54,Male,16,717.0,7063.0,Annual,Debit Card,Fiber,5,0,70.0,2,145,2,5,0,8,West,1,No,Light,Not Offered,0
C1473,64,Male,72,717.0,63877.0,Monthly,Credit Card,Fiber,0,0,99.0,15,187,1,5,2,10,East,0,No,Dark,Not Offered,0
C1474,24,Female,34,944.0,30528.0,Two Year,UPI,Fiber,7,3,163.0,18,278,3,5,2,2,South,0,No,Dark,Rejected,1
C1475,59,Male,46,555.0,24253.0,Two Year,UPI,Fiber,1,0,110.0,7,204,2,5,5,10,West,0,No,Dark,Not Offered,0
C1476,54,Female,35,384.0,12090.0,Annual,UPI,DSL,1,0,135.0,1,267,3,10,1,9,West,1,Yes,Light,Not Offered,0
C1477,26,Female,14,887.0,12439.0,Monthly,NetBanking,Fiber,0,0,165.0,30,319,2,0,1,8,West,0,No,Dark,Not Offered,0
C1478,62,Female,51,939.0,45469.0,Monthly,UPI,Fiber,0,0,114.0,13,269,5,5,3,10,North,1,No,Dark,Not Offered,0
C1479,20,Male,31,685.0,20169.0,Annual,UPI,Fiber,1,0,61.0,11,120,3,5,0,9,East,0,No,System,Not Offered,0
C1480,48,Female,31,772.0,23936.0,Monthly,UPI,Fiber,0,0,133.0,13,256,3,0,3,8,North,1,No,Light,Not Offered,0
C1481,73,Female,37,648.0,22768.0,Monthly,NetBanking,Fiber,0,0,124.0,15,210,1,5,0,10,South,0,Yes,Dark,Not Offered,0
C1482,45,Female,32,735.0,22346.0,Monthly,UPI,Fiber,3,1,97.0,17,185,4,5,0,8,South,0,Yes,Dark,Rejected,1
C1483,42,Female,10,654.0,5846.0,Monthly,NetBanking,DSL,3,1,115.0,1,226,2,10,0,5,East,2,No,Dark,Rejected,1
C1484,50,Male,29,379.0,9370.0,Monthly,UPI,DSL,2,1,47.0,14,109,3,15,0,6,South,0,No,System,Not Offered,0
C1485,43,Female,6,656.0,3168.0,Monthly,Debit Card,Fiber,3,2,73.0,1,146,2,20,0,4,West,1,Yes,System,Rejected,1
C1486,18,Female,5,588.0,2625.0,Annual,Credit Card,Fiber,1,0,116.0,11,220,4,10,1,8,West,0,Yes,Light,Not Offered,0
C1487,64,Female,25,725.0,18114.0,Monthly,Credit Card,Fiber,0,0,114.0,12,357,1,0,0,9,South,0,Yes,Light,Not Offered,0
C1488,48,Male,33,688.0,20424.0,Annual,Credit Card,Fiber,9,5,103.0,14,187,2,10,1,1,East,0,No,Dark,Rejected,1
C1489,41,Female,19,756.0,14378.0,Two Year,NetBanking,DSL,1,1,113.0,3,235,3,0,1,8,North,0,No,Light,Not Offered,0
C1490,49,Male,6,756.0,4109.0,Annual,UPI,DSL,4,2,147.0,12,262,2,10,0,4,West,0,No,Dark,Accepted,1
C1491,19,Female,34,601.0,18422.0,Monthly,Debit Card,Fiber,5,3,157.0,31,280,4,10,1,1,West,2,Yes,Light,Not Offered,1
C1492,35,Female,31,541.0,16762.0,Annual,UPI,Fiber,0,0,115.0,0,216,2,0,3,10,East,0,Yes,Light,Not Offered,0
C1493,60,Male,56,901.0,47955.0,Monthly,Debit Card,DSL,0,0,62.0,2,114,2,5,1,9,East,1,Yes,System,Not Offered,0
C1494,39,Male,24,719.0,17470.0,Annual,Debit Card,Fiber,3,2,73.0,5,147,2,10,0,5,South,0,No,Dark,Not Offered,0
C1495,18,Male,7,903.0,5676.0,Annual,Credit Card,Fiber,2,1,172.0,2,315,4,10,0,7,South,0,Yes,Dark,Not Offered,0
C1496,31,Female,37,382.0,14147.0,Annual,UPI,Fiber,1,0,142.0,1,263,4,0,0,10,West,1,No,Dark,Accepted,0
C1497,35,Male,36,819.0,28016.0,Two Year,Debit Card,Fiber,0,0,125.0,12,242,3,5,0,10,South,2,No,System,Not Offered,0
C1498,32,Female,24,782.0,18977.0,Two Year,Credit Card,DSL,1,0,89.0,7,170,3,10,0,10,South,0,No,System,Not Offered,0
C1499,43,Female,22,889.0,15654.0,Monthly,UPI,Fiber,2,1,144.0,6,229,3,20,0,6,North,0,No,Light,Not Offered,0
C1500,41,Male,20,1045.0,20879.0,Annual,UPI,Fiber,3,0,83.0,1,155,3,0,0,8,West,0,No,Light,Not Offered,0
C1501,41,Male,37,803.0,28193.0,Annual,UPI,DSL,0,0,158.0,21,297,2,5,1,10,North,2,Yes,Dark,Not Offered,0
C1502,42,Male,27,621.0,16769.0,Two Year,UPI,Fiber,4,3,176.0,22,293,1,0,0,3,West,1,Yes,System,Not Offered,1
C1503,39,Female,7,837.0,5851.0,Two Year,NetBanking,DSL,0,0,138.0,1,256,3,0,0,10,East,0,No,Light,Not Offered,0
C1504,32,Male,11,641.0,6327.0,Annual,UPI,Fiber,1,1,152.0,13,252,3,10,1,8,West,2,Yes,Dark,Not Offered,0
C1505,29,Female,9,714.0,5154.0,Two Year,Credit Card,Fiber,0,0,143.0,3,273,1,20,0,10,North,1,No,Light,Not Offered,0
C1506,54,Female,22,765.0,16826.0,Annual,UPI,DSL,9,4,162.0,16,298,1,0,0,1,East,3,Yes,System,Rejected,1
C1507,27,Female,21,757.0,13530.0,Monthly,UPI,DSL,0,0,86.0,2,138,3,15,1,9,West,0,Yes,System,Not Offered,0
C1508,46,Female,24,913.0,21948.0,Monthly,NetBanking,Fiber,0,0,149.0,1,265,3,0,0,8,North,1,No,Light,Not Offered,0
C1509,18,Male,25,715.0,17860.0,Monthly,Debit Card,Fiber,3,2,114.0,21,249,2,0,1,3,East,0,Yes,Light,Rejected,1
C1510,39,Male,64,660.0,40125.0,Annual,UPI,Fiber,0,0,114.0,7,194,1,5,0,10,North,1,No,System,Not Offered,0
C1511,53,Male,43,930.0,35983.0,Monthly,Credit Card,Fiber,1,0,115.0,9,232,2,10,1,8,East,1,Yes,Dark,Not Offered,0
C1512,40,Female,31,630.0,18530.0,Monthly,Credit Card,DSL,0,0,150.0,0,263,3,5,0,8,South,0,No,Light,Not Offered,0
C1513,38,Female,16,717.0,7099.0,Monthly,Credit Card,Fiber,1,2,94.0,10,205,4,10,2,4,West,0,No,Dark,Rejected,1
C1514,38,Female,31,978.0,24229.0,Two Year,UPI,DSL,0,0,93.0,2,221,4,20,0,10,West,0,No,System,Not Offered,0
C1515,32,Female,8,440.0,3157.0,Monthly,NetBanking,Fiber,3,1,122.0,8,246,2,10,0,5,East,3,Yes,Dark,Rejected,1
C1516,54,Female,25,881.0,19826.0,Annual,Debit Card,Fiber,0,0,158.0,14,290,1,10,0,9,East,0,Yes,Dark,Not Offered,0
C1517,41,Male,24,540.0,5143.0,Monthly,UPI,Fiber,3,1,100.0,7,201,2,5,0,5,West,1,Yes,System,Rejected,1
C1518,53,Female,26,299.0,7779.0,Monthly,NetBanking,DSL,3,1,181.0,0,314,2,0,5,6,North,1,No,Dark,Rejected,1
C1519,71,Female,15,835.0,11300.0,Monthly,Credit Card,DSL,3,1,95.0,4,165,3,10,0,6,North,0,No,System,Rejected,1
C1520,56,Male,1,797.0,797.0,Monthly,Debit Card,Fiber,2,1,82.0,4,202,1,5,1,6,North,0,Yes,Light,Rejected,1
C1521,41,Male,16,401.0,5783.0,Annual,UPI,Fiber,0,0,143.0,3,295,3,10,1,10,North,2,Yes,System,Not Offered,0
C1522,22,Female,27,992.0,26763.0,Monthly,UPI,DSL,1,0,75.0,7,147,1,0,1,7,North,1,No,Dark,Not Offered,0
C1523,31,Male,39,460.0,16137.0,Annual,Credit Card,DSL,3,0,22.0,0,86,3,10,1,10,West,0,Yes,Light,Not Offered,0
C1524,24,Male,27,563.0,13683.0,Annual,NetBanking,DSL,3,0,172.0,11,291,3,10,0,8,West,0,No,Light,Not Offered,0
C1525,58,Male,38,650.0,19769.0,Annual,Credit Card,Fiber,1,1,85.0,4,132,1,20,1,9,South,0,Yes,Dark,Not Offered,0
C1526,41,Male,22,748.0,15631.0,Annual,UPI,DSL,1,0,114.0,7,234,2,5,0,10,West,0,No,Light,Not Offered,0
C1527,35,Male,25,852.0,21261.0,Annual,UPI,Fiber,1,0,158.0,10,273,2,0,1,10,East,3,Yes,Light,Not Offered,0
C1528,58,Male,29,617.0,14314.0,Annual,UPI,Fiber,2,0,152.0,2,270,2,20,1,9,West,0,Yes,Dark,Not Offered,0
C1529,27,Female,29,634.0,18359.0,Monthly,UPI,DSL,0,0,152.0,5,245,3,0,0,7,East,0,No,Light,Not Offered,0
C1530,49,Female,24,434.0,9379.0,Monthly,UPI,DSL,0,0,58.0,26,121,2,10,0,9,North,0,Yes,Dark,Not Offered,0
C1531,42,Female,33,842.0,27804.0,Monthly,UPI,Fiber,0,0,207.0,6,383,3,0,0,8,West,1,No,Light,Not Offered,0
C1532,29,Female,26,531.0,13096.0,Two Year,Credit Card,DSL,0,0,149.0,5,294,4,5,0,10,West,1,No,System,Not Offered,0
C1533,24,Female,25,794.0,18852.0,Monthly,UPI,DSL,2,1,84.0,1,153,3,5,0,6,West,0,No,Light,Not Offered,0
C1534,42,Female,58,665.0,28923.0,Two Year,UPI,Fiber,1,0,43.0,6,105,2,25,0,10,South,0,Yes,Light,Not Offered,0
C1535,46,Male,19,997.0,18963.0,Monthly,UPI,None,1,1,110.0,0,214,1,0,2,5,North,0,Yes,System,Rejected,1
C1536,46,Male,29,696.0,18154.0,Two Year,Credit Card,Fiber,1,0,135.0,29,230,2,10,1,9,South,0,Yes,Dark,Not Offered,0
C1537,29,Female,25,586.0,14646.0,Monthly,NetBanking,Fiber,2,0,64.0,7,119,4,0,0,8,East,0,No,Dark,Not Offered,0
C1538,40,Male,68,883.0,60058.0,Two Year,Debit Card,DSL,0,0,57.0,2,111,1,0,0,10,West,0,No,Dark,Not Offered,0
C1539,34,Female,24,435.0,8865.0,Annual,UPI,DSL,0,0,108.0,0,209,4,15,0,10,North,0,Yes,Light,Not Offered,0
C1540,33,Female,22,853.0,18768.0,Annual,UPI,Fiber,1,0,125.0,0,231,2,0,0,9,North,0,No,Dark,Not Offered,0
C1541,40,Male,14,563.0,7463.0,Monthly,UPI,None,4,2,111.0,12,199,4,5,0,4,West,0,Yes,Light,Rejected,1
C1542,50,Female,44,680.0,28468.0,Monthly,UPI,Fiber,0,0,155.0,2,299,2,5,1,9,East,2,No,Light,Not Offered,0
C1543,49,Male,12,690.0,7893.0,Annual,UPI,Fiber,0,0,100.0,5,202,2,5,0,8,West,0,No,Dark,Not Offered,0
C1544,42,Male,42,1061.0,44577.0,Monthly,Credit Card,Fiber,4,0,153.0,2,282,1,0,1,8,West,1,Yes,Dark,Not Offered,0
C1545,45,Male,19,964.0,17386.0,Annual,Credit Card,Fiber,0,0,149.0,3,259,2,5,0,9,West,1,Yes,System,Not Offered,0
C1546,49,Female,30,369.0,9990.0,Annual,NetBanking,Fiber,1,0,91.0,2,178,3,10,0,9,South,0,No,Light,Not Offered,0
C1547,36,Female,21,929.0,17584.0,Monthly,Credit Card,Fiber,5,1,101.0,4,203,2,10,0,4,East,0,No,System,Not Offered,0
C1548,34,Male,10,740.0,7410.0,Monthly,Credit Card,Fiber,8,1,92.0,17,171,3,0,0,2,West,0,No,System,Rejected,1
C1549,60,Female,22,874.0,18268.0,Two Year,Debit Card,DSL,1,0,56.0,4,87,2,5,0,10,South,1,Yes,Light,Not Offered,0
C1550,63,Female,18,842.0,15150.0,Two Year,Credit Card,DSL,0,0,150.0,7,260,4,0,0,10,North,0,No,System,Not Offered,0
C1551,22,Male,17,886.0,15091.0,Monthly,Debit Card,DSL,5,2,87.0,20,163,1,0,0,3,West,1,No,System,Rejected,1
C1552,52,Female,39,599.0,23357.0,Annual,UPI,Fiber,0,0,143.0,9,259,2,0,3,10,South,0,No,Dark,Not Offered,0
C1553,43,Male,21,979.0,16448.0,Monthly,NetBanking,Fiber,2,0,125.0,5,202,2,20,1,8,West,1,No,Dark,Not Offered,0
C1554,45,Male,6,745.0,4459.0,Annual,NetBanking,Fiber,0,0,160.0,15,284,3,0,0,9,North,0,Yes,System,Not Offered,0
C1555,38,Female,18,965.0,17370.0,Annual,Credit Card,Fiber,0,0,88.0,12,164,1,0,4,9,East,0,Yes,System,Not Offered,0
C1556,19,Male,23,542.0,12471.0,Monthly,UPI,Fiber,1,1,114.0,8,233,2,0,0,6,South,0,No,System,Not Offered,0
C1557,50,Male,41,860.0,33509.0,Annual,UPI,Fiber,4,2,40.0,1,80,3,5,0,5,West,1,No,System,Not Offered,0
C1558,52,Male,21,809.0,14470.0,Two Year,UPI,Fiber,0,0,76.0,32,133,3,15,0,10,West,0,No,System,Not Offered,0
C1559,40,Male,12,799.0,9560.0,Annual,NetBanking,DSL,0,0,131.0,2,241,3,0,0,9,East,0,Yes,Light,Not Offered,0
C1560,56,Female,33,750.0,23487.0,Monthly,UPI,Fiber,1,0,114.0,19,198,2,5,1,8,North,3,Yes,Light,Not Offered,0
C1561,50,Male,7,340.0,2188.0,Annual,UPI,Fiber,1,0,132.0,7,239,3,10,0,9,West,1,No,System,Not Offered,0
C1562,46,Female,28,681.0,18103.0,Annual,UPI,Fiber,1,0,139.0,2,251,3,5,1,9,South,2,Yes,System,Not Offered,0
C1563,41,Female,45,727.0,31086.0,Annual,UPI,Fiber,0,0,102.0,31,191,3,5,0,10,East,1,No,System,Not Offered,0
C1564,38,Female,54,608.0,32838.0,Monthly,NetBanking,Fiber,1,0,115.0,6,211,2,0,0,9,North,0,Yes,Dark,Not Offered,0
C1565,37,Male,44,600.0,26424.0,Monthly,UPI,Fiber,3,2,158.0,25,273,5,0,0,8,North,0,No,Dark,Rejected,1
C1566,34,Male,22,717.0,17505.0,Monthly,UPI,Fiber,0,0,136.0,6,228,3,0,1,8,East,1,Yes,System,Not Offered,0
C1567,30,Male,4,727.0,2606.0,Annual,Credit Card,Fiber,0,0,91.0,0,180,2,10,1,9,West,0,No,Light,Not Offered,0
C1568,52,Male,7,415.0,2905.0,Annual,Debit Card,Fiber,0,0,119.0,4,206,3,0,0,9,West,0,No,System,Not Offered,0
C1569,40,Male,45,871.0,31361.0,Annual,Credit Card,DSL,1,0,114.0,2,228,4,20,0,10,West,0,No,Light,Not Offered,0
C1570,54,Female,72,577.0,39460.0,Monthly,UPI,DSL,4,2,95.0,1,196,3,5,1,4,North,0,Yes,Light,Rejected,1
C1571,37,Female,22,781.0,16331.0,Annual,UPI,Fiber,0,0,194.0,3,369,2,5,0,9,South,0,No,Light,Not Offered,0
C1572,53,Male,47,604.0,28387.0,Annual,NetBanking,Fiber,1,0,80.0,15,145,3,0,0,10,West,1,No,Light,Not Offered,0
C1573,47,Female,11,890.0,9310.0,Two Year,UPI,Fiber,0,0,190.0,2,359,3,5,1,10,North,2,Yes,Dark,Not Offered,0
C1574,42,Female,26,833.0,21645.0,Monthly,NetBanking,Fiber,3,2,87.0,32,168,2,0,4,3,West,0,No,System,Rejected,1
C1575,36,Male,10,926.0,9246.0,Two Year,Credit Card,Fiber,1,1,63.0,0,116,2,0,0,8,South,1,No,Light,Not Offered,0
C1576,66,Female,16,499.0,7577.0,Monthly,UPI,DSL,3,0,108.0,8,197,3,5,1,8,West,1,No,Dark,Not Offered,0
C1577,35,Female,19,548.0,9886.0,Annual,UPI,Fiber,0,0,106.0,1,178,2,5,0,10,West,1,Yes,Light,Not Offered,0
C1578,34,Female,32,753.0,24103.0,Monthly,UPI,Fiber,9,5,58.0,24,99,1,0,0,1,North,3,Yes,Light,Rejected,1
C1579,34,Male,20,433.0,7766.0,Two Year,UPI,Fiber,0,0,94.0,4,195,3,10,1,10,West,2,No,Dark,Not Offered,0
C1580,45,Female,48,842.0,40421.0,Annual,UPI,Fiber,1,1,138.0,16,253,5,0,1,8,North,2,No,Dark,Not Offered,0
C1581,50,Male,33,1049.0,34581.0,Monthly,Credit Card,DSL,3,1,69.0,5,169,4,0,1,5,East,1,No,System,Not Offered,0
C1582,51,Male,24,731.0,18994.0,Monthly,Credit Card,DSL,1,0,152.0,0,284,2,0,0,7,West,0,Yes,Dark,Not Offered,0
C1583,35,Male,23,1037.0,22690.0,Two Year,UPI,Fiber,0,0,111.0,11,199,4,5,1,10,West,1,Yes,System,Not Offered,0
C1584,58,Female,10,828.0,6641.0,Two Year,Debit Card,Fiber,3,1,107.0,0,196,2,20,0,8,West,0,No,Dark,Not Offered,0
C1585,47,Male,33,511.0,16861.0,Monthly,Credit Card,Fiber,0,0,43.0,2,60,1,0,0,8,South,0,Yes,Light,Not Offered,0
C1586,32,Male,19,825.0,15661.0,Monthly,NetBanking,None,3,1,78.0,2,146,2,0,0,5,West,1,No,Light,Not Offered,0
C1587,47,Male,42,872.0,34802.0,Annual,UPI,DSL,1,1,140.0,8,254,4,5,2,8,South,0,Yes,System,Not Offered,0
C1588,31,Male,10,1089.0,10889.0,Two Year,UPI,Fiber,1,0,169.0,4,303,1,0,4,9,South,0,No,Dark,Not Offered,0
C1589,35,Male,31,834.0,25858.0,Two Year,UPI,Fiber,3,0,134.0,3,253,2,0,0,10,West,0,Yes,System,Not Offered,0
C1590,52,Male,5,570.0,2541.0,Monthly,UPI,DSL,2,1,30.0,2,103,2,10,2,5,East,0,Yes,System,Not Offered,0
C1591,55,Female,49,422.0,19641.0,Two Year,UPI,Fiber,1,1,154.0,0,276,4,5,6,9,East,0,Yes,Light,Not Offered,0
C1592,38,Male,36,774.0,25079.0,Annual,UPI,DSL,3,0,163.0,7,280,1,10,0,9,West,1,Yes,Light,Not Offered,0
C1593,38,Male,17,717.0,12666.0,Annual,Debit Card,Fiber,0,0,123.0,9,226,2,15,0,10,East,0,No,System,Not Offered,0
C1594,36,Male,12,678.0,7300.0,Monthly,Debit Card,Fiber,1,1,151.0,1,270,1,10,0,7,East,0,Yes,Light,Not Offered,0
C1595,61,Male,32,1041.0,28319.0,Monthly,NetBanking,Fiber,4,1,76.0,12,132,1,15,1,5,North,3,Yes,System,Not Offered,0
C1596,20,Male,31,749.0,22050.0,Monthly,Credit Card,Fiber,5,3,189.0,14,337,4,5,1,1,North,0,Yes,Dark,Rejected,1
C1597,34,Female,48,626.0,26998.0,Annual,NetBanking,Fiber,2,0,65.0,2,117,3,10,2,9,West,3,Yes,System,Not Offered,0
C1598,41,Male,22,645.0,13484.0,Two Year,Credit Card,Fiber,4,2,153.0,4,278,1,5,1,5,East,0,No,Dark,Not Offered,0
C1599,32,Female,7,820.0,5418.0,Annual,UPI,Fiber,0,0,74.0,6,141,1,5,1,9,South,1,Yes,Light,Not Offered,0
C1600,52,Male,35,499.0,16577.0,Monthly,Credit Card,Fiber,1,0,81.0,6,157,1,5,2,8,East,0,No,Dark,Accepted,0
C1601,44,Male,58,521.0,22662.0,Two Year,UPI,Fiber,3,1,44.0,23,103,3,25,0,9,East,3,No,Light,Not Offered,0
C1602,18,Female,12,862.0,9289.0,Annual,Debit Card,Fiber,2,0,120.0,2,208,4,10,0,9,West,1,No,Dark,Not Offered,0
C1603,22,Female,69,770.0,50484.0,Monthly,UPI,DSL,1,0,107.0,2,194,2,5,0,9,West,1,No,Dark,Accepted,0
C1604,43,Female,72,681.0,39243.0,Annual,Credit Card,DSL,7,1,91.0,4,173,3,20,0,6,North,1,No,Light,Not Offered,0
C1605,32,Male,27,717.0,17008.0,Monthly,Credit Card,Fiber,4,2,165.0,3,299,1,5,1,4,North,0,No,System,Rejected,1
C1606,60,Male,8,762.0,5183.0,Monthly,Credit Card,Fiber,5,1,133.0,4,246,1,15,1,4,South,1,No,System,Rejected,1
C1607,53,Male,29,553.0,16019.0,Monthly,UPI,DSL,0,0,86.0,0,160,3,0,1,8,South,0,Yes,Dark,Accepted,0
C1608,75,Female,53,785.0,41576.0,Two Year,Debit Card,DSL,0,0,101.0,14,184,2,0,0,10,West,2,Yes,System,Accepted,0
C1609,43,Female,22,571.0,12531.0,Annual,UPI,Fiber,7,4,139.0,17,234,3,0,1,1,South,1,No,Light,Rejected,1
C1610,34,Male,12,1052.0,11344.0,Annual,Credit Card,Fiber,3,1,114.0,14,342,2,10,3,8,East,0,No,Light,Rejected,1
C1611,29,Male,26,761.0,17799.0,Annual,UPI,Fiber,2,0,94.0,9,151,3,10,0,9,North,1,No,Dark,Not Offered,0
C1612,43,Male,50,726.0,34488.0,Monthly,Credit Card,None,0,0,84.0,3,168,4,5,0,9,North,0,Yes,Dark,Not Offered,0
C1613,45,Male,27,602.0,16239.0,Two Year,Credit Card,DSL,2,1,105.0,0,175,4,0,0,7,East,0,No,Dark,Not Offered,0
C1614,39,Male,16,720.0,11553.0,Two Year,UPI,DSL,5,3,101.0,22,189,3,0,3,3,South,2,No,Dark,Not Offered,1
C1615,29,Male,22,654.0,14393.0,Monthly,Debit Card,Fiber,1,1,5000.0,13,370,3,0,0,7,North,0,No,System,Not Offered,0
C1616,20,Female,8,718.0,5741.0,Two Year,UPI,Fiber,3,1,61.0,4,103,3,0,0,7,North,2,No,Light,Not Offered,0
C1617,50,Female,25,703.0,17593.0,Monthly,UPI,Fiber,3,1,155.0,9,268,2,0,2,5,North,1,Yes,Light,Rejected,1
C1618,28,Male,9,975.0,7029.0,Annual,Credit Card,Fiber,1,0,188.0,9,338,2,20,4,9,North,2,Yes,System,Not Offered,0
C1619,38,Male,29,757.0,18638.0,Two Year,Credit Card,Fiber,0,0,58.0,3,131,3,15,0,10,South,2,Yes,Light,Not Offered,0
C1620,57,Female,36,639.0,22973.0,Annual,UPI,Fiber,2,1,127.0,0,213,3,0,0,7,West,1,Yes,Dark,Not Offered,0
C1621,29,Male,24,815.0,19580.0,Annual,NetBanking,Fiber,0,0,196.0,7,354,4,0,0,9,West,0,Yes,System,Not Offered,0
C1622,42,Male,41,624.0,25566.0,Monthly,UPI,Fiber,4,2,83.0,21,143,1,0,0,4,North,0,Yes,System,Not Offered,1
C1623,46,Female,10,945.0,8990.0,Two Year,Credit Card,DSL,0,0,122.0,11,207,4,5,1,9,East,0,Yes,Dark,Not Offered,0
C1624,37,Female,8,765.0,6135.0,Annual,NetBanking,Fiber,1,1,54.0,0,113,4,0,0,8,South,0,No,Light,Not Offered,0
C1625,65,Female,22,841.0,18529.0,Monthly,UPI,DSL,0,0,90.0,20,172,3,0,0,8,East,0,No,Dark,Not Offered,0
C1626,62,Male,72,749.0,53922.0,Annual,Credit Card,Fiber,0,0,156.0,1,288,3,0,3,9,West,0,Yes,Dark,Not Offered,0
C1627,31,Female,17,717.0,11449.0,Annual,UPI,Fiber,0,0,84.0,0,127,2,0,1,9,East,2,No,System,Not Offered,0
C1628,26,Male,16,1075.0,17195.0,Monthly,UPI,Fiber,2,1,118.0,16,220,3,0,3,6,East,1,No,Light,Not Offered,1
C1629,25,Female,15,753.0,11318.0,Monthly,UPI,Fiber,1,1,132.0,0,255,3,0,0,6,South,0,No,Light,Rejected,1
C1630,43,Male,49,406.0,17909.0,Annual,NetBanking,Fiber,0,0,49.0,0,124,2,10,1,10,North,2,Yes,Light,Not Offered,0
C1631,29,Male,72,704.0,48161.0,Monthly,UPI,DSL,0,0,56.0,12,119,4,5,0,10,North,2,Yes,System,Not Offered,0
C1632,56,Male,24,936.0,13124.0,Monthly,UPI,Fiber,6,4,172.0,28,324,1,0,0,1,North,0,No,Light,Rejected,1
C1633,22,Female,14,1094.0,11459.0,Annual,UPI,Fiber,0,0,117.0,27,204,3,25,2,10,East,2,Yes,Dark,Not Offered,0
C1634,43,Female,15,668.0,9050.0,Annual,UPI,Fiber,0,0,170.0,4,332,3,10,0,9,West,0,No,Dark,Not Offered,0
C1635,27,Female,35,705.0,23456.0,Annual,Debit Card,Fiber,6,1,79.0,1,153,4,5,0,5,West,2,Yes,Light,Not Offered,0
C1636,18,Male,7,541.0,3398.0,Monthly,UPI,DSL,3,2,102.0,21,177,1,10,0,2,South,2,No,Dark,Rejected,1
C1637,29,Male,46,845.0,36914.0,Two Year,NetBanking,Fiber,3,0,87.0,10,161,3,5,0,9,North,0,No,System,Not Offered,0
C1638,45,Male,15,508.0,7607.0,Monthly,UPI,Fiber,2,1,162.0,20,281,4,0,0,8,South,1,No,System,Rejected,1
C1639,32,Male,38,605.0,22990.0,Monthly,UPI,Fiber,2,0,99.0,8,173,1,0,0,8,South,0,Yes,Light,Not Offered,0
C1640,52,Female,24,758.0,15146.0,Monthly,UPI,Fiber,1,1,139.0,12,279,4,0,0,6,South,1,No,System,Not Offered,0
C1641,32,Female,32,697.0,21157.0,Two Year,Debit Card,Fiber,0,0,114.0,17,259,1,5,0,10,South,0,Yes,Light,Not Offered,0
C1642,25,Female,18,683.0,11074.0,Monthly,NetBanking,Fiber,1,0,80.0,6,178,4,10,1,8,South,0,Yes,System,Not Offered,0
C1643,36,Female,33,679.0,21286.0,Two Year,UPI,Fiber,0,0,35.0,5,92,3,5,0,10,North,0,No,Light,Not Offered,0
C1644,36,Male,42,506.0,20153.0,Monthly,UPI,Fiber,3,0,121.0,3,223,4,5,0,8,East,0,Yes,System,Not Offered,0
C1645,54,Female,52,681.0,35400.0,Two Year,UPI,DSL,2,1,195.0,2,358,3,0,0,8,South,0,No,Light,Not Offered,0
C1646,43,Male,42,979.0,36971.0,Monthly,Debit Card,Fiber,2,0,56.0,10,118,2,10,0,8,North,1,No,Light,Not Offered,0
C1647,47,Male,10,921.0,8762.0,Annual,NetBanking,DSL,0,0,162.0,36,307,3,5,4,10,West,3,No,System,Not Offered,0
C1648,26,Male,12,646.0,7743.0,Annual,UPI,DSL,0,0,172.0,28,306,2,0,1,9,South,0,No,Light,Not Offered,0
C1649,34,Male,34,919.0,28135.0,Annual,UPI,Fiber,0,0,96.0,0,194,5,10,1,9,South,2,Yes,System,Not Offered,0
C1650,38,Female,12,655.0,7844.0,Annual,UPI,DSL,3,0,168.0,15,325,2,0,1,8,West,1,No,Light,Accepted,0
C1651,18,Male,34,645.0,19747.0,Annual,Credit Card,Fiber,1,0,109.0,2,204,1,10,0,10,North,0,No,System,Not Offered,0
C1652,18,Female,11,904.0,9948.0,Monthly,Debit Card,Fiber,1,0,111.0,10,231,2,0,0,7,North,1,Yes,Light,Not Offered,0
C1653,37,Male,20,966.0,17375.0,Two Year,UPI,Fiber,0,0,105.0,6,222,2,10,1,10,East,0,No,Light,Not Offered,0
C1654,45,Male,42,626.0,23696.0,Annual,UPI,Fiber,0,0,95.0,5,195,3,10,4,10,East,0,No,Dark,Not Offered,0
C1655,43,Male,21,886.0,18634.0,Annual,Credit Card,Fiber,7,1,95.0,2,188,2,0,0,5,South,1,No,System,Not Offered,0
C1656,47,Female,24,1080.0,25268.0,Annual,Credit Card,Fiber,1,1,91.0,3,168,1,10,2,7,South,1,Yes,System,Not Offered,0
C1657,35,Male,25,525.0,12519.0,Monthly,NetBanking,Fiber,3,2,40.0,12,104,4,5,1,4,West,0,Yes,Dark,Rejected,1
C1658,42,Male,8,703.0,5643.0,Annual,Credit Card,DSL,4,1,100.0,11,182,4,0,0,5,West,2,Yes,Light,Not Offered,0
C1659,31,Female,19,382.0,6566.0,Two Year,UPI,Fiber,1,1,129.0,0,244,2,10,1,9,South,2,Yes,Dark,Not Offered,0
C1660,54,Female,25,505.0,12011.0,Two Year,UPI,DSL,0,0,181.0,7,320,3,5,0,10,North,1,No,Dark,Not Offered,0
C1661,29,Female,5,492.0,2221.0,Monthly,UPI,DSL,6,1,139.0,21,231,1,10,1,3,West,0,Yes,Light,Rejected,1
C1662,59,Female,36,842.0,30315.0,Annual,Credit Card,Fiber,1,0,88.0,7,157,3,0,0,9,South,1,Yes,Light,Not Offered,0
C1663,28,Male,24,710.0,6409.0,Two Year,Credit Card,Fiber,0,0,107.0,0,179,3,10,0,8,South,0,No,Light,Not Offered,0
C1664,25,Male,56,706.0,39512.0,Two Year,NetBanking,DSL,0,0,153.0,1,239,3,0,1,10,South,0,No,Light,Not Offered,0
C1665,42,Male,14,682.0,8139.0,Monthly,NetBanking,None,1,0,77.0,5,176,3,15,0,8,East,0,No,Dark,Not Offered,0
C1666,61,Female,8,720.0,5190.0,Annual,UPI,DSL,2,1,164.0,4,291,3,10,0,7,East,0,No,Light,Not Offered,0
C1667,37,Female,37,592.0,19705.0,Monthly,Credit Card,Fiber,0,0,109.0,5,220,3,10,1,9,East,2,Yes,Light,Not Offered,0
C1668,41,Female,25,902.0,18030.0,Two Year,Debit Card,Fiber,5,1,67.0,2,133,4,20,2,7,East,0,No,Dark,Not Offered,0
C1669,37,Female,25,684.0,13683.0,Monthly,NetBanking,Fiber,5,1,114.0,12,226,3,20,1,5,North,1,No,Dark,Rejected,1
C1670,43,Female,36,638.0,22967.0,Two Year,Credit Card,Fiber,1,0,132.0,11,218,2,0,0,10,East,1,No,System,Not Offered,0
C1671,39,Male,24,669.0,13612.0,Monthly,UPI,DSL,6,1,119.0,8,233,3,15,1,5,North,3,No,System,Rejected,1
C1672,52,Male,23,855.0,19717.0,Monthly,Credit Card,DSL,3,1,107.0,14,212,2,0,0,5,North,1,No,System,Not Offered,1
C1673,60,Female,18,712.0,12784.0,Annual,NetBanking,Fiber,1,1,124.0,5,230,3,0,0,7,South,1,No,Light,Not Offered,0
C1674,49,Female,31,839.0,22058.0,Two Year,UPI,DSL,3,0,105.0,9,205,3,15,0,8,North,0,No,System,Not Offered,0
C1675,57,Female,37,833.0,30863.0,Annual,UPI,Fiber,0,0,112.0,2,236,4,0,0,10,South,0,No,Light,Not Offered,0
C1676,32,Male,16,986.0,13424.0,Monthly,Credit Card,Fiber,5,3,149.0,23,242,3,15,0,2,West,0,No,System,Accepted,1
C1677,37,Female,19,527.0,10028.0,Two Year,UPI,Fiber,1,1,111.0,0,231,3,0,2,7,West,2,No,System,Not Offered,0
C1678,20,Male,14,549.0,7708.0,Annual,Credit Card,Fiber,0,0,134.0,10,231,3,0,0,10,South,0,No,Light,Not Offered,0
C1679,34,Male,14,990.0,11087.0,Two Year,NetBanking,DSL,2,1,114.0,3,251,4,20,1,8,South,1,No,Dark,Accepted,0
C1680,42,Male,59,644.0,28506.0,Two Year,NetBanking,DSL,2,0,7200.0,10,241,1,25,2,10,South,2,No,Light,Not Offered,0
C1681,62,Male,13,411.0,5090.0,Monthly,NetBanking,DSL,0,0,142.0,5,241,3,5,0,8,South,1,Yes,System,Not Offered,0
C1682,47,Male,20,605.0,9073.0,Monthly,Credit Card,Fiber,0,0,94.0,0,191,4,25,1,8,East,0,Yes,System,Not Offered,0
C1683,35,Female,21,717.0,19947.0,Two Year,Credit Card,DSL,1,0,91.0,24,183,3,5,0,10,North,1,Yes,System,Not Offered,0
C1684,61,Male,10,656.0,6546.0,Monthly,UPI,Fiber,1,1,99.0,1,170,3,0,1,6,North,1,No,System,Rejected,1
C1685,35,Male,15,1009.0,15099.0,Monthly,Credit Card,Fiber,5,1,123.0,10,218,4,0,0,4,North,1,Yes,Dark,Rejected,1
C1686,25,Male,57,695.0,37644.0,Annual,UPI,Fiber,0,0,80.0,0,140,4,5,0,8,West,0,Yes,System,Not Offered,0
C1687,39,Female,12,501.0,5999.0,Two Year,Credit Card,Fiber,1,1,107.0,0,203,3,0,2,8,North,0,Yes,Light,Not Offered,0
C1688,27,Male,55,663.0,29157.0,Monthly,UPI,DSL,2,1,147.0,2,289,3,20,1,7,East,0,No,Light,Not Offered,0
C1689,38,Male,9,739.0,5312.0,Annual,Debit Card,Fiber,4,1,94.0,15,170,4,20,1,6,East,0,No,System,Not Offered,0
C1690,51,Female,12,824.0,8909.0,Monthly,Debit Card,Fiber,4,3,73.0,18,175,3,10,0,2,North,2,Yes,Light,Accepted,1
C1691,32,Female,26,807.0,19935.0,Annual,Credit Card,Fiber,0,0,90.0,6,168,1,5,1,10,West,3,No,Dark,Not Offered,0
C1692,38,Male,37,695.0,23139.0,Monthly,Credit Card,Fiber,1,0,75.0,9,122,5,10,0,8,South,0,No,System,Not Offered,0
C1693,53,Male,13,918.0,10792.0,Annual,UPI,Fiber,1,0,90.0,10,182,1,10,2,9,South,0,Yes,Light,Accepted,0
C1694,40,Female,25,813.0,18301.0,Two Year,Credit Card,DSL,1,0,131.0,14,227,1,10,2,10,West,0,No,Dark,Not Offered,0
C1695,30,Male,26,801.0,18739.0,Annual,UPI,Fiber,2,0,106.0,19,211,3,10,3,8,North,1,No,Dark,Not Offered,0
C1696,39,Female,34,774.0,22364.0,Two Year,UPI,Fiber,0,0,80.0,0,165,2,15,1,8,West,1,No,Dark,Not Offered,0
C1697,29,Male,11,623.0,6509.0,Monthly,Credit Card,Fiber,3,2,125.0,15,235,2,5,1,3,East,0,Yes,System,Rejected,1
C1698,56,Male,17,528.0,8499.0,Monthly,UPI,Fiber,2,0,109.0,0,187,2,5,2,8,South,1,Yes,System,Not Offered,0
C1699,39,Female,36,810.0,27730.0,Monthly,UPI,Fiber,2,0,38.0,18,104,2,5,0,7,South,0,No,Dark,Accepted,0
C1700,25,Male,53,814.0,43128.0,Annual,Credit Card,Fiber,0,0,176.0,0,327,3,0,0,10,West,2,No,Light,Not Offered,0
C1701,59,Male,11,960.0,8969.0,Annual,NetBanking,Fiber,0,0,157.0,0,265,3,15,0,9,West,0,No,Dark,Not Offered,0
C1702,25,Male,24,610.0,12462.0,Annual,Credit Card,DSL,0,0,82.0,10,158,2,15,3,10,North,2,Yes,Light,Not Offered,0
C1703,28,Female,19,779.0,14050.0,Annual,UPI,DSL,1,2,144.0,1,258,3,5,0,4,East,0,No,Dark,Rejected,1
C1704,58,Male,7,776.0,5471.0,Annual,UPI,Fiber,0,0,141.0,7,247,4,0,0,9,South,2,No,Light,Not Offered,0
C1705,38,Male,29,719.0,18767.0,Monthly,Credit Card,Fiber,1,1,172.0,0,313,3,10,0,7,West,0,Yes,Dark,Not Offered,0
C1706,41,Male,37,787.0,24755.0,Two Year,UPI,DSL,0,0,93.0,3,174,4,15,0,10,South,0,No,Light,Not Offered,0
C1707,19,Male,23,1154.0,23891.0,Monthly,NetBanking,Fiber,4,2,104.0,15,205,2,10,2,3,West,0,Yes,Light,Rejected,1
C1708,59,Female,24,804.0,17388.0,Two Year,Debit Card,Fiber,5,2,72.0,0,124,1,10,0,5,South,0,Yes,System,Not Offered,0
C1709,51,Male,45,760.0,30747.0,Monthly,Credit Card,Fiber,1,0,169.0,16,293,2,10,0,9,South,0,Yes,Light,Not Offered,0
C1710,48,Female,23,675.0,14716.0,Annual,Credit Card,Fiber,1,0,170.0,0,333,1,5,0,9,South,0,Yes,Light,Not Offered,0
C1711,49,Female,28,773.0,20535.0,Annual,UPI,Fiber,0,0,100.0,4,189,2,5,5,9,East,0,Yes,Light,Not Offered,0
C1712,56,Male,16,858.0,10940.0,Annual,Credit Card,DSL,9,2,136.0,25,236,2,20,3,3,East,1,Yes,Light,Rejected,1
C1713,64,Male,20,729.0,13853.0,Annual,UPI,Fiber,0,0,133.0,12,260,1,5,2,9,South,2,No,Light,Not Offered,0
C1714,47,Male,8,618.0,4695.0,Monthly,NetBanking,DSL,3,2,118.0,2,232,3,5,0,4,East,3,No,Dark,Rejected,1
C1715,35,Male,24,464.0,9985.0,Annual,NetBanking,Fiber,0,0,114.0,1,65,4,10,0,8,North,1,No,Light,Not Offered,0
C1716,55,Male,23,597.0,12376.0,Annual,Credit Card,Fiber,0,0,104.0,15,204,2,10,1,9,North,2,No,Light,Not Offered,0
C1717,20,Male,23,587.0,10139.0,Two Year,Credit Card,Fiber,0,0,173.0,3,291,3,25,0,10,South,0,No,System,Not Offered,0
C1718,66,Male,20,552.0,9934.0,Annual,NetBanking,Fiber,2,0,114.0,2,126,3,10,3,8,North,1,Yes,Light,Not Offered,0
C1719,41,Male,52,550.0,28609.0,Monthly,UPI,Fiber,2,1,146.0,1,251,1,0,1,6,East,0,No,Light,Not Offered,0
C1720,53,Female,14,764.0,10696.0,Monthly,UPI,Fiber,2,0,114.0,2,181,2,0,0,7,East,0,No,Light,Not Offered,0
C1721,36,Male,40,765.0,27544.0,Annual,NetBanking,DSL,5,0,179.0,3,312,1,10,0,9,North,0,No,System,Not Offered,0
C1722,32,Female,27,621.0,15122.0,Monthly,NetBanking,None,2,1,42.0,0,85,3,10,0,6,East,0,Yes,System,Not Offered,0
C1723,35,Male,39,575.0,22431.0,Monthly,Credit Card,DSL,4,2,104.0,0,196,4,0,0,4,South,3,No,System,Not Offered,0
C1724,42,Female,13,555.0,6469.0,Two Year,UPI,Fiber,1,1,122.0,18,235,3,10,1,8,North,0,No,System,Not Offered,0
C1725,63,Female,34,517.0,16683.0,Two Year,Credit Card,DSL,10,2,47.0,25,128,3,5,1,3,South,0,Yes,Light,Rejected,1
C1726,32,Female,22,510.0,11180.0,Monthly,Credit Card,Fiber,0,0,130.0,2,260,4,0,0,8,West,0,Yes,Light,Not Offered,0
C1727,39,Female,24,843.0,17206.0,Monthly,UPI,Fiber,2,1,74.0,0,153,4,15,0,6,West,1,Yes,System,Not Offered,0
C1728,44,Female,33,694.0,22892.0,Annual,UPI,Fiber,0,0,86.0,1,174,3,0,1,9,East,0,No,Light,Not Offered,0
C1729,32,Male,11,758.0,7915.0,Annual,UPI,Fiber,0,0,164.0,9,292,4,5,0,10,West,1,Yes,System,Not Offered,0
C1730,45,Female,72,784.0,56409.0,Annual,NetBanking,Fiber,1,0,50.0,3,130,2,0,0,10,East,0,No,Dark,Not Offered,0
C1731,47,Female,14,594.0,7921.0,Two Year,UPI,DSL,0,0,85.0,11,172,3,5,3,10,West,1,Yes,Dark,Not Offered,0
C1732,47,Male,22,305.0,6713.0,Annual,NetBanking,DSL,1,0,117.0,3,245,1,0,0,9,East,0,No,System,Not Offered,0
C1733,34,Male,24,932.0,21412.0,Two Year,UPI,Fiber,0,0,136.0,11,260,5,0,0,10,South,0,Yes,Light,Not Offered,0
C1734,55,Male,72,769.0,44312.0,Annual,UPI,Fiber,0,0,59.0,3,139,2,20,0,10,South,0,Yes,System,Not Offered,0
C1735,46,Male,72,891.0,57707.0,Monthly,UPI,Fiber,0,0,56.0,50,88,5,10,0,9,West,1,Yes,Dark,Not Offered,0
C1736,34,Female,44,990.0,39178.0,Two Year,UPI,Fiber,2,1,121.0,12,250,1,10,1,8,West,1,No,Dark,Not Offered,0
C1737,68,Female,40,1079.0,38845.0,Annual,NetBanking,DSL,1,0,20.0,13,54,4,10,2,10,South,3,No,System,Not Offered,0
C1738,48,Female,21,1017.0,21349.0,Two Year,Credit Card,Fiber,1,0,137.0,10,250,4,0,1,9,North,0,Yes,System,Not Offered,0
C1739,53,Female,19,737.0,14001.0,Monthly,UPI,DSL,1,1,121.0,10,214,3,0,5,6,South,0,Yes,Light,Not Offered,1
C1740,43,Male,16,600.0,7682.0,Monthly,UPI,Fiber,0,0,123.0,8,226,1,20,0,9,East,1,No,Dark,Not Offered,0
C1741,49,Male,18,599.0,10758.0,Two Year,NetBanking,DSL,0,0,72.0,10,131,3,0,0,10,West,1,Yes,System,Not Offered,0
C1742,24,Male,20,657.0,11166.0,Two Year,UPI,DSL,1,0,111.0,8,190,2,15,1,10,West,1,No,Light,Not Offered,0
C1743,23,Male,13,714.0,8776.0,Monthly,Debit Card,Fiber,2,1,178.0,1,312,2,5,0,6,West,0,No,Light,Not Offered,0
C1744,37,Female,31,752.0,23354.0,Annual,NetBanking,Fiber,1,0,163.0,8,296,6,0,0,9,West,0,No,Dark,Not Offered,0
C1745,42,Male,35,785.0,24748.0,Monthly,NetBanking,Fiber,5,2,139.0,21,276,2,10,0,3,West,1,Yes,Light,Rejected,1
C1746,18,Male,15,699.0,9455.0,Monthly,Credit Card,Fiber,1,0,199.0,0,345,1,10,0,9,East,0,Yes,Dark,Not Offered,0
C1747,18,Female,26,693.0,18014.0,Annual,UPI,Fiber,0,0,65.0,3,149,4,0,5,10,West,0,Yes,Light,Not Offered,0
C1748,26,Male,25,299.0,7441.0,Annual,UPI,Fiber,0,0,128.0,0,241,3,0,0,9,North,1,Yes,System,Not Offered,0
C1749,31,Female,22,846.0,16723.0,Monthly,Credit Card,Fiber,1,0,48.0,2,84,3,10,1,8,South,2,Yes,System,Accepted,0
C1750,35,Male,26,736.0,16269.0,Annual,Credit Card,Fiber,0,0,128.0,0,242,2,15,0,10,West,0,No,Light,Not Offered,0
C1751,28,Male,20,750.0,12700.0,Monthly,Debit Card,Fiber,2,0,124.0,1,235,1,15,0,8,North,1,Yes,Dark,Not Offered,0
C1752,40,Male,72,789.0,56846.0,Annual,Credit Card,DSL,0,0,203.0,28,358,1,0,0,10,East,0,No,Dark,Not Offered,0
C1753,45,Male,12,651.0,6242.0,Annual,Debit Card,DSL,3,0,214.0,12,342,5,20,0,8,North,0,No,System,Not Offered,0
C1754,44,Female,35,740.0,24616.0,Two Year,Debit Card,Fiber,120,0,99.0,18,178,2,5,0,10,South,0,No,System,Not Offered,0
C1755,39,Female,43,652.0,28055.0,Annual,UPI,DSL,4,1,169.0,7,303,2,0,0,6,South,0,Yes,System,Not Offered,0
C1756,44,Female,22,791.0,17399.0,Annual,Credit Card,Fiber,1,0,125.0,13,222,4,0,1,9,East,0,No,Dark,Not Offered,0
C1757,23,Male,72,717.0,56611.0,Two Year,Credit Card,Fiber,1,1,116.0,6,210,2,5,3,8,South,1,Yes,Light,Not Offered,0
C1758,75,Female,15,717.0,12998.0,Monthly,Credit Card,DSL,1,2,162.0,25,296,1,0,0,3,West,0,Yes,System,Rejected,1
C1759,36,Female,27,658.0,16882.0,Annual,Credit Card,Fiber,1,1,104.0,2,175,2,5,0,7,South,0,Yes,Dark,Not Offered,0
C1760,44,Female,14,554.0,7745.0,Monthly,UPI,Fiber,3,2,42.0,1,90,3,0,0,4,West,0,No,System,Rejected,1
C1761,52,Male,31,586.0,18188.0,Monthly,Credit Card,Fiber,2,1,112.0,8,226,2,0,1,5,West,0,No,Dark,Not Offered,0
C1762,57,Male,36,663.0,20255.0,Annual,UPI,DSL,0,0,128.0,0,216,2,15,0,10,North,0,No,Dark,Not Offered,0
C1763,52,Male,26,612.0,15083.0,Two Year,UPI,DSL,1,0,109.0,1,202,4,5,0,10,South,0,No,Light,Not Offered,0
C1764,69,Male,24,569.0,4841.0,Monthly,Debit Card,Fiber,3,2,114.0,34,82,3,15,0,3,East,1,Yes,Dark,Rejected,1
C1765,40,Male,32,671.0,21495.0,Monthly,Credit Card,DSL,2,0,86.0,5,188,4,0,1,7,West,0,No,Light,Not Offered,0
C1766,56,Male,31,674.0,19821.0,Two Year,UPI,Fiber,5,2,65.0,7,164,3,5,1,5,South,0,Yes,Dark,Not Offered,0
C1767,50,Male,24,994.0,7931.0,Annual,Debit Card,Fiber,4,0,114.0,6,178,4,0,0,7,South,0,Yes,Light,Not Offered,0
C1768,21,Male,33,648.0,21371.0,Two Year,Credit Card,Fiber,2,1,73.0,5,131,4,0,1,7,East,1,No,Light,Not Offered,0
C1769,32,Female,7,738.0,5163.0,Monthly,NetBanking,Fiber,3,1,20.0,4,64,4,0,0,4,East,1,No,Light,Accepted,1
C1770,39,Male,39,685.0,26719.0,Monthly,Debit Card,DSL,1,0,164.0,10,320,1,0,0,9,North,0,Yes,Light,Not Offered,0
C1771,26,Male,17,802.0,13654.0,Annual,Credit Card,Fiber,2,1,102.0,1,219,2,0,0,7,South,0,Yes,Light,Not Offered,0
C1772,43,Female,30,608.0,18253.0,Monthly,UPI,Fiber,2,0,100.0,8,191,1,0,1,7,East,0,Yes,System,Not Offered,0
C1773,41,Male,17,718.0,9177.0,Monthly,UPI,Fiber,1,1,133.0,17,236,3,25,0,8,East,0,Yes,Light,Not Offered,0
C1774,38,Female,25,899.0,20198.0,Monthly,Credit Card,Fiber,2,1,157.0,10,290,2,10,0,5,East,0,No,Dark,Rejected,1
C1775,28,Male,25,625.0,15625.0,Two Year,UPI,Fiber,6,3,126.0,24,246,3,0,5,2,North,0,No,Light,Rejected,1
C1776,36,Female,20,315.0,4708.0,Monthly,UPI,Fiber,0,0,148.0,0,272,2,25,0,10,East,0,No,Light,Not Offered,0
C1777,59,Female,20,665.0,11996.0,Monthly,Credit Card,Fiber,1,0,105.0,1,214,2,10,0,8,East,0,Yes,System,Not Offered,0
C1778,18,Female,22,779.0,17164.0,Annual,UPI,Fiber,2,1,143.0,13,271,4,0,1,7,North,0,Yes,System,Not Offered,0
C1779,50,Male,10,434.0,3833.0,Monthly,UPI,DSL,8,5,20.0,24,42,3,10,0,1,North,0,No,Light,Rejected,1
C1780,30,Male,27,839.0,22660.0,Annual,NetBanking,Fiber,1,0,133.0,7,229,3,0,1,9,East,1,No,System,Not Offered,0
C1781,59,Female,34,608.0,18624.0,Monthly,UPI,Fiber,0,0,133.0,10,235,4,10,0,9,East,1,Yes,System,Not Offered,0
C1782,43,Male,27,655.0,17711.0,Annual,NetBanking,DSL,1,0,191.0,1,345,4,0,0,9,North,0,Yes,Light,Not Offered,0
C1783,60,Male,24,836.0,7964.0,Monthly,UPI,Fiber,2,1,110.0,22,214,3,5,1,5,South,0,No,Light,Rejected,1
C1784,34,Female,18,930.0,16719.0,Monthly,Debit Card,Fiber,2,0,127.0,2,233,2,0,1,7,North,0,Yes,Light,Not Offered,0
C1785,44,Female,20,469.0,8448.0,Annual,UPI,DSL,7,1,124.0,7,218,2,10,0,6,East,1,No,Dark,Not Offered,0
C1786,42,Female,23,807.0,15781.0,Monthly,UPI,Fiber,0,0,121.0,16,212,2,15,0,9,North,0,No,Light,Not Offered,0
C1787,39,Female,22,666.0,14675.0,Annual,UPI,DSL,2,1,120.0,12,211,3,0,3,8,West,2,Yes,Light,Rejected,1
C1788,41,Female,1,398.0,398.0,Monthly,UPI,Fiber,4,2,193.0,21,342,4,10,1,3,East,0,No,System,Not Offered,1
C1789,45,Male,12,707.0,8086.0,Monthly,UPI,DSL,1,1,46.0,2,84,4,5,1,6,East,2,Yes,Dark,Not Offered,0
C1790,46,Female,13,843.0,9874.0,Monthly,Credit Card,Fiber,0,0,132.0,1,245,2,10,1,9,West,0,Yes,System,Not Offered,0
C1791,51,Male,5,329.0,1380.0,Monthly,UPI,Fiber,4,2,161.0,14,301,2,20,4,3,North,0,No,Light,Rejected,1
C1792,18,Female,49,501.0,24537.0,Two Year,Credit Card,Fiber,0,0,91.0,1,175,3,0,2,10,East,1,Yes,Dark,Not Offered,0
C1793,28,Male,20,690.0,12431.0,Annual,Credit Card,DSL,1,0,97.0,2,211,2,10,0,9,East,2,Yes,Dark,Not Offered,0
C1794,19,Male,13,686.0,8922.0,Monthly,Credit Card,Fiber,2,1,105.0,17,202,3,0,1,8,North,3,Yes,Light,Not Offered,0
C1795,56,Female,24,844.0,11001.0,Monthly,UPI,DSL,1,1,114.0,1,90,1,0,0,6,South,2,No,Dark,Not Offered,0
C1796,37,Male,14,662.0,8793.0,Two Year,UPI,Fiber,3,1,28.0,6,31,2,5,1,7,South,1,No,Light,Not Offered,0
C1797,63,Male,8,846.0,5731.0,Annual,UPI,DSL,0,0,116.0,3,218,4,15,1,9,East,1,Yes,Light,Not Offered,0
C1798,31,Female,42,773.0,27618.0,Monthly,Credit Card,DSL,2,1,151.0,7,295,4,15,1,8,East,1,Yes,Dark,Not Offered,0
C1799,57,Female,8,526.0,3785.0,Monthly,Debit Card,Fiber,6,2,92.0,20,162,4,10,1,8,East,2,Yes,Light,Accepted,1
C1800,53,Male,19,764.0,14478.0,Annual,UPI,Fiber,2,0,119.0,3,263,4,0,0,8,West,0,Yes,Dark,Not Offered,0
C1801,35,Male,8,918.0,7339.0,Annual,Credit Card,DSL,2,0,74.0,6,163,4,0,0,8,North,3,No,Light,Not Offered,0
C1802,75,Male,27,936.0,25271.0,Two Year,Credit Card,Fiber,10,5,139.0,21,261,3,0,0,1,South,0,No,Light,Rejected,1
C1803,53,Female,17,1154.0,14719.0,Annual,UPI,Fiber,0,0,180.0,2,338,2,25,4,10,East,0,No,System,Not Offered,0
C1804,47,Female,9,672.0,5759.0,Monthly,Credit Card,Fiber,1,1,115.0,2,193,4,5,3,6,West,2,No,System,Rejected,1
C1805,51,Female,25,809.0,18211.0,Monthly,UPI,None,1,0,126.0,2,238,2,10,1,8,North,2,Yes,System,Accepted,0
C1806,38,Male,38,738.0,26676.0,Two Year,Credit Card,Fiber,1,0,130.0,2,248,3,5,1,10,North,0,Yes,System,Not Offered,0
C1807,32,Male,37,732.0,27118.0,Monthly,UPI,Fiber,8,3,114.0,16,300,2,0,1,1,East,2,Yes,System,Rejected,1
C1808,25,Male,25,835.0,20860.0,Two Year,Credit Card,Fiber,2,1,85.0,8,184,2,0,0,8,West,1,No,Light,Not Offered,0
C1809,24,Female,26,658.0,16250.0,Two Year,Debit Card,Fiber,2,1,122.0,1,224,4,5,1,8,East,1,No,Light,Not Offered,0
C1810,49,Male,8,717.0,3714.0,Annual,Credit Card,DSL,1,0,96.0,5,179,2,10,0,9,South,2,No,Dark,Not Offered,0
C1811,54,Female,22,1004.0,21008.0,Two Year,NetBanking,DSL,1,2,61.0,0,143,1,5,0,6,West,2,Yes,System,Rejected,1
C1812,30,Female,36,670.0,24139.0,Two Year,UPI,Fiber,0,0,142.0,4,265,5,0,1,10,East,1,No,Dark,Not Offered,0
C1813,46,Male,32,956.0,26012.0,Monthly,Credit Card,DSL,0,0,104.0,2,196,5,15,0,9,South,2,Yes,Light,Not Offered,0
C1814,39,Female,14,757.0,9008.0,Two Year,UPI,Fiber,1,1,107.0,1,196,2,15,0,8,North,0,No,System,Not Offered,0
C1815,28,Male,24,739.0,23896.0,Monthly,Debit Card,Fiber,2,0,122.0,20,215,3,15,0,8,West,1,Yes,System,Not Offered,0
C1816,32,Female,72,434.0,26574.0,Monthly,Credit Card,Fiber,1,0,129.0,27,210,4,15,1,10,South,1,Yes,Light,Not Offered,0
C1817,35,Male,10,485.0,4327.0,Annual,Credit Card,Fiber,2,0,117.0,3,218,1,0,1,8,North,0,No,Dark,Not Offered,0
C1818,33,Male,22,581.0,10888.0,Annual,UPI,DSL,3,0,134.0,8,242,4,15,4,9,West,0,Yes,Dark,Not Offered,0
C1819,39,Male,46,820.0,37739.0,Monthly,Credit Card,Fiber,0,0,124.0,16,217,2,0,1,9,South,1,No,Light,Not Offered,0
C1820,49,Female,63,545.0,30890.0,Annual,Credit Card,DSL,1,0,157.0,0,283,3,10,1,10,South,2,No,Light,Not Offered,0
C1821,54,Male,46,659.0,27290.0,Monthly,Credit Card,Fiber,1,1,109.0,3,204,2,10,0,8,South,1,Yes,Dark,Accepted,0
C1822,24,Male,23,698.0,15281.0,Monthly,UPI,Fiber,1,1,107.0,3,225,1,5,2,6,East,1,No,Light,Rejected,1
C1823,58,Female,18,581.0,9438.0,Two Year,UPI,DSL,0,0,124.0,3,241,6,10,1,8,East,0,Yes,Dark,Not Offered,0
C1824,37,Female,39,717.0,30577.0,Monthly,UPI,DSL,0,0,93.0,5,180,2,0,0,9,East,0,Yes,Light,Not Offered,0
C1825,74,Female,8,1041.0,7507.0,Annual,UPI,Fiber,1,1,131.0,4,267,2,10,0,7,West,1,Yes,System,Not Offered,0
C1826,29,Female,37,656.0,18176.0,Two Year,NetBanking,Fiber,3,1,129.0,7,252,3,25,1,8,South,0,Yes,Light,Not Offered,0
C1827,75,Male,14,610.0,8540.0,Annual,NetBanking,DSL,3,1,134.0,2,258,2,0,3,6,North,2,Yes,System,Not Offered,0
C1828,42,Female,21,868.0,17305.0,Monthly,UPI,Fiber,1,1,100.0,5,189,3,5,0,6,South,0,No,System,Not Offered,0
C1829,39,Female,23,476.0,9857.0,Two Year,Credit Card,Fiber,1,0,113.0,15,220,1,10,0,10,East,0,No,System,Not Offered,0
C1830,31,Female,15,508.0,7260.0,Annual,UPI,DSL,5,1,141.0,2,285,3,5,1,6,East,3,Yes,Dark,Not Offered,0
C1831,67,Male,6,698.0,3784.0,Monthly,Credit Card,None,2,1,89.0,0,133,4,10,2,6,East,0,No,Dark,Rejected,1
C1832,31,Female,20,556.0,10555.0,Monthly,UPI,Fiber,2,1,70.0,1,119,2,5,0,6,West,1,Yes,Light,Not Offered,0
C1833,23,Male,27,680.0,17454.0,Annual,Credit Card,Fiber,1,1,140.0,5,288,3,5,0,8,East,0,No,Dark,Not Offered,0
C1834,31,Male,22,1006.0,22122.0,Annual,UPI,Fiber,0,0,144.0,14,259,3,0,0,9,West,1,No,System,Not Offered,0
C1835,39,Female,22,492.0,10301.0,Annual,NetBanking,Fiber,0,0,128.0,26,235,3,5,0,10,East,1,Yes,Light,Not Offered,0
C1836,30,Female,10,640.0,4787.0,Annual,Credit Card,Fiber,7,0,155.0,1,301,5,25,1,8,West,1,No,Dark,Not Offered,0
C1837,18,Female,26,737.0,19141.0,Monthly,Credit Card,Fiber,1,1,120.0,4,229,4,0,1,6,West,0,Yes,Dark,Not Offered,0
C1838,42,Female,56,752.0,42059.0,Monthly,Debit Card,Fiber,3,0,140.0,0,257,3,0,1,8,North,0,No,System,Not Offered,0
C1839,49,Female,19,928.0,16791.0,Annual,NetBanking,DSL,1,0,116.0,1,200,3,5,0,10,South,0,No,Light,Not Offered,0
C1840,27,Male,22,815.0,17929.0,Annual,Credit Card,Fiber,4,1,20.0,19,28,4,0,1,6,South,1,No,Light,Not Offered,0
C1841,56,Male,30,522.0,14082.0,Monthly,NetBanking,DSL,5,1,146.0,11,284,3,10,1,5,East,0,Yes,Dark,Not Offered,0
C1842,47,Male,42,876.0,34957.0,Monthly,UPI,Fiber,2,0,129.0,7,224,2,5,0,9,East,2,No,Light,Accepted,0
C1843,41,Female,23,781.0,13468.0,Annual,Credit Card,Fiber,2,0,174.0,0,321,3,25,0,9,South,1,Yes,Dark,Not Offered,0
C1844,69,Female,14,608.0,8506.0,Two Year,Credit Card,DSL,1,0,190.0,35,341,1,0,2,10,South,0,Yes,Dark,Not Offered,0
C1845,60,Female,8,609.0,4841.0,Monthly,Debit Card,Fiber,3,1,70.0,10,119,4,0,0,5,South,2,No,Dark,Not Offered,1
C1846,46,Female,18,1138.0,19486.0,Monthly,Debit Card,Fiber,0,0,94.0,0,180,3,5,5,8,East,0,No,Light,Not Offered,0
C1847,18,Female,59,546.0,30620.0,Monthly,Debit Card,Fiber,1,0,112.0,9,222,3,5,0,9,East,3,No,Dark,Not Offered,0
C1848,42,Male,34,751.0,25529.0,Monthly,Credit Card,DSL,6,4,116.0,19,204,3,0,0,1,North,2,Yes,Light,Rejected,1
C1849,40,Male,14,681.0,8582.0,Annual,UPI,None,0,0,62.0,4,120,1,10,0,10,East,2,No,System,Accepted,0
C1850,26,Male,19,789.0,13466.0,Annual,NetBanking,Fiber,0,0,127.0,13,255,3,10,0,10,East,0,Yes,Dark,Not Offered,0
C1851,59,Male,17,634.0,9711.0,Annual,Credit Card,DSL,0,0,97.0,1,184,4,10,0,9,North,0,Yes,System,Not Offered,0
C1852,37,Male,45,564.0,25368.0,Two Year,Credit Card,DSL,0,0,111.0,1,214,3,0,3,10,West,0,No,System,Not Offered,0
C1853,44,Female,44,660.0,29022.0,Monthly,Debit Card,DSL,4,0,30.0,3,67,3,0,0,7,South,0,No,System,Not Offered,0
C1854,53,Female,16,637.0,8690.0,Annual,Credit Card,Fiber,1,0,20.0,28,54,3,15,0,9,South,0,Yes,Light,Accepted,0
C1855,30,Male,21,952.0,18017.0,Monthly,Credit Card,Fiber,5,1,169.0,0,337,2,10,0,5,East,0,No,System,Not Offered,0
C1856,33,Female,55,632.0,34772.0,Monthly,NetBanking,DSL,0,0,156.0,5,293,4,0,0,9,South,0,Yes,System,Not Offered,0
C1857,30,Female,67,599.0,34114.0,Monthly,NetBanking,DSL,5,0,116.0,3,228,4,15,0,7,North,1,Yes,Dark,Not Offered,0
C1858,48,Female,18,549.0,9383.0,Monthly,Credit Card,Fiber,3,1,132.0,6,249,3,5,1,6,West,0,No,Dark,Not Offered,0
C1859,55,Female,11,652.0,6800.0,Annual,Credit Card,DSL,0,0,73.0,13,142,3,5,0,9,West,1,Yes,System,Not Offered,0
C1860,45,Male,22,433.0,8579.0,Monthly,Debit Card,DSL,1,1,116.0,12,214,4,10,2,7,South,1,No,Dark,Accepted,0
C1861,32,Male,39,699.0,21789.0,Annual,UPI,DSL,2,0,124.0,4,220,4,20,2,10,North,0,No,Dark,Not Offered,0
C1862,53,Female,31,373.0,11578.0,Annual,UPI,DSL,3,2,144.0,14,279,2,0,0,8,North,0,No,System,Not Offered,0
C1863,46,Female,31,717.0,26318.0,Annual,UPI,Fiber,2,1,97.0,2,172,2,0,1,6,South,3,No,Dark,Not Offered,0
C1864,52,Female,53,825.0,43730.0,Monthly,NetBanking,DSL,0,0,125.0,4,246,4,0,1,9,North,0,No,Light,Not Offered,0
C1865,40,Male,25,970.0,21846.0,Annual,UPI,Fiber,1,0,126.0,7,228,3,10,1,10,East,2,No,System,Not Offered,0
C1866,51,Male,19,756.0,13671.0,Monthly,Credit Card,Fiber,1,1,228.0,4,413,2,5,0,6,North,3,No,Light,Not Offered,0
C1867,51,Female,24,625.0,14055.0,Two Year,UPI,Fiber,0,0,136.0,0,243,2,10,0,10,West,1,No,Dark,Not Offered,0
C1868,54,Male,10,924.0,9366.0,Annual,Credit Card,Fiber,0,0,126.0,0,244,3,0,1,9,East,0,No,Dark,Not Offered,0
C1869,55,Female,30,931.0,22329.0,Two Year,UPI,Fiber,2,0,120.0,5,235,3,20,0,10,South,0,No,Dark,Not Offered,0
C1870,56,Male,24,845.0,11229.0,Monthly,Credit Card,Fiber,1,1,105.0,16,206,1,5,0,7,North,0,Yes,Light,Not Offered,0
C1871,53,Female,25,841.0,19988.0,Annual,Debit Card,DSL,1,1,110.0,4,189,2,5,1,6,North,0,Yes,Dark,Not Offered,0
C1872,57,Female,20,577.0,11516.0,Annual,Debit Card,Fiber,0,0,99.0,5,192,4,0,0,9,North,0,No,Dark,Not Offered,0
C1873,47,Female,11,759.0,8365.0,Annual,UPI,Fiber,2,1,86.0,3,168,2,0,0,6,North,0,Yes,Dark,Not Offered,0
C1874,34,Female,33,461.0,14462.0,Annual,UPI,DSL,1,0,85.0,1,165,2,5,0,9,North,2,Yes,Dark,Not Offered,0
C1875,61,Female,51,680.0,34657.0,Annual,UPI,Fiber,3,1,143.0,1,254,4,0,0,8,West,0,No,System,Not Offered,0
C1876,19,Male,14,855.0,10199.0,Monthly,Credit Card,Fiber,3,2,134.0,14,253,3,15,0,4,South,1,No,Light,Rejected,1
C1877,70,Male,26,699.0,17294.0,Monthly,Credit Card,Fiber,2,1,92.0,13,171,3,5,0,6,South,1,No,System,Not Offered,0
C1878,64,Female,21,934.0,16666.0,Monthly,Debit Card,Fiber,4,2,136.0,25,255,4,15,0,8,South,0,Yes,Light,Rejected,1
C1879,34,Female,52,511.0,22565.0,Annual,Debit Card,DSL,0,0,59.0,2,99,2,15,1,10,North,1,No,Dark,Not Offered,0
C1880,66,Male,13,859.0,11160.0,Monthly,UPI,DSL,3,2,111.0,21,228,2,0,0,3,East,1,No,Dark,Rejected,1
C1881,52,Male,46,860.0,33648.0,Annual,UPI,Fiber,0,0,154.0,0,299,2,15,0,10,West,0,Yes,System,Not Offered,0
C1882,35,Male,24,858.0,17492.0,Monthly,Credit Card,Fiber,3,2,85.0,21,182,5,15,1,4,West,1,No,Dark,Accepted,1
C1883,33,Male,23,886.0,19381.0,Two Year,Credit Card,Fiber,0,0,159.0,18,276,2,5,0,10,East,1,No,Dark,Not Offered,0
C1884,50,Male,25,487.0,11583.0,Monthly,Debit Card,DSL,0,0,89.0,11,186,3,5,1,9,West,0,No,Dark,Not Offered,0
C1885,35,Female,13,780.0,10086.0,Monthly,Credit Card,DSL,4,3,107.0,20,190,3,0,1,2,South,0,Yes,Dark,Rejected,1
C1886,32,Female,15,780.0,11748.0,Monthly,Credit Card,DSL,0,0,71.0,1,132,4,0,0,8,North,0,No,Dark,Not Offered,0
C1887,25,Female,24,605.0,12350.0,Monthly,UPI,DSL,3,0,116.0,20,205,1,15,1,7,North,2,Yes,System,Not Offered,0
C1888,58,Female,6,848.0,4056.0,Monthly,UPI,DSL,2,1,98.0,5,219,3,20,0,5,East,0,No,System,Accepted,0
C1889,60,Male,14,595.0,7076.0,Monthly,UPI,Fiber,2,0,53.0,1,120,1,15,0,8,North,0,Yes,Light,Not Offered,0
C1890,23,Female,11,730.0,7602.0,Annual,Debit Card,DSL,0,0,146.0,31,275,4,5,0,9,South,1,Yes,Light,Accepted,0
C1891,50,Female,24,989.0,22561.0,Monthly,Debit Card,DSL,999,3,146.0,14,257,2,5,1,1,North,0,No,Light,Accepted,1
C1892,21,Female,10,494.0,4673.0,Annual,UPI,DSL,2,0,99.0,0,159,3,5,0,8,South,0,No,Light,Not Offered,0
C1893,40,Male,37,468.0,14711.0,Monthly,UPI,Fiber,0,0,146.0,7,284,1,15,1,10,North,2,No,Light,Not Offered,0
C1894,37,Female,21,663.0,13243.0,Annual,NetBanking,DSL,0,0,97.0,4,182,4,5,3,8,North,0,No,System,Accepted,0
C1895,54,Female,20,699.0,12601.0,Monthly,Credit Card,DSL,2,1,78.0,7,140,3,10,0,7,East,1,No,Dark,Not Offered,0
C1896,52,Female,69,879.0,51546.0,Monthly,NetBanking,Fiber,4,2,96.0,0,198,3,15,0,5,North,0,No,System,Not Offered,0
C1897,45,Male,15,553.0,8312.0,Two Year,UPI,Fiber,0,0,114.0,3,337,1,0,1,10,East,1,No,Dark,Not Offered,0
C1898,45,Male,41,369.0,15119.0,Annual,Credit Card,Fiber,0,0,119.0,9,198,2,0,0,10,West,1,No,Dark,Not Offered,0
C1899,46,Male,7,657.0,4610.0,Annual,Credit Card,Fiber,0,0,51.0,1,84,2,0,1,9,East,0,No,System,Not Offered,0
C1900,38,Male,20,1126.0,20255.0,Monthly,Credit Card,Fiber,1,1,114.0,1,135,3,10,2,7,West,0,No,Dark,Not Offered,0
C1901,35,Male,37,638.0,23622.0,Monthly,Debit Card,DSL,4,0,176.0,5,325,4,0,1,6,West,1,Yes,System,Rejected,1
C1902,61,Male,15,813.0,9752.0,Monthly,Credit Card,DSL,3,2,111.0,6,217,1,20,0,4,North,0,Yes,System,Rejected,1
C1903,54,Male,24,730.0,17531.0,Monthly,Debit Card,DSL,2,1,100.0,2,177,4,0,0,5,West,0,Yes,Dark,Not Offered,0
C1904,34,Male,24,730.0,18017.0,Monthly,Credit Card,DSL,0,0,161.0,12,282,4,5,3,8,North,0,No,Dark,Not Offered,0
C1905,18,Male,22,901.0,19867.0,Monthly,NetBanking,DSL,3,1,81.0,0,150,1,0,1,5,North,1,No,System,Not Offered,0
C1906,41,Female,46,724.0,28336.0,Monthly,UPI,Fiber,6,3,113.0,16,208,1,15,0,2,South,0,No,System,Rejected,1
C1907,47,Male,32,723.0,20801.0,Two Year,UPI,DSL,1,0,124.0,1,233,2,10,1,10,West,0,Yes,Dark,Not Offered,0
C1908,24,Male,25,997.0,23717.0,Annual,UPI,Fiber,2,1,74.0,3,151,4,5,0,8,South,0,No,Light,Not Offered,0
C1909,18,Female,40,447.0,17871.0,Two Year,UPI,Fiber,2,0,164.0,2,293,2,0,0,10,East,2,No,System,Not Offered,0
C1910,36,Female,45,809.0,32762.0,Monthly,Credit Card,DSL,2,0,156.0,9,277,4,10,0,9,West,0,No,Dark,Not Offered,0
C1911,30,Female,33,819.0,24343.0,Annual,NetBanking,Fiber,3,1,77.0,0,165,2,10,0,7,North,0,Yes,System,Not Offered,0
C1912,41,Male,40,668.0,26705.0,Monthly,UPI,DSL,0,0,115.0,8,219,3,0,0,8,South,1,Yes,Light,Accepted,0
C1913,34,Female,19,830.0,14207.0,Annual,Credit Card,Fiber,5,0,161.0,16,306,3,10,0,8,South,1,Yes,Light,Not Offered,0
C1914,29,Male,15,712.0,10695.0,Annual,UPI,DSL,0,0,66.0,4,124,2,0,1,10,East,0,No,System,Not Offered,0
C1915,34,Male,15,499.0,6354.0,Monthly,UPI,Fiber,1,0,114.0,0,142,2,15,0,8,South,1,No,System,Not Offered,0
C1916,52,Male,21,487.0,10210.0,Monthly,Credit Card,Fiber,3,2,114.0,15,232,1,0,0,3,West,1,No,Dark,Rejected,1
C1917,35,Female,65,546.0,28417.0,Two Year,Debit Card,Fiber,0,0,158.0,6,266,2,20,1,10,South,3,No,System,Not Offered,0
C1918,34,Female,46,912.0,35677.0,Two Year,NetBanking,DSL,1,1,109.0,2,180,2,15,1,9,North,0,Yes,Light,Not Offered,0
C1919,39,Female,15,697.0,10443.0,Annual,UPI,DSL,0,0,123.0,7,209,2,0,0,10,South,0,No,System,Not Offered,0
C1920,37,Male,16,774.0,10500.0,Annual,UPI,Fiber,0,0,72.0,19,127,1,15,2,10,East,1,Yes,Dark,Not Offered,0
C1921,18,Male,34,545.0,15753.0,Annual,UPI,Fiber,3,1,92.0,21,169,3,15,0,6,North,1,Yes,Light,Not Offered,0
C1922,34,Male,18,769.0,12481.0,Monthly,Credit Card,Fiber,6,3,162.0,22,290,3,10,0,1,South,2,No,Dark,Rejected,1
C1923,26,Male,45,661.0,29727.0,Annual,NetBanking,DSL,0,0,118.0,6,238,2,0,1,10,North,2,Yes,Light,Not Offered,0
C1924,59,Female,16,996.0,15166.0,Annual,NetBanking,DSL,0,0,130.0,0,256,2,5,0,10,South,0,Yes,Dark,Not Offered,0
C1925,49,Female,25,617.0,13091.0,Annual,Credit Card,Fiber,0,0,143.0,2,279,4,15,0,10,North,0,No,Dark,Accepted,0
C1926,38,Female,72,585.0,42103.0,Monthly,NetBanking,Fiber,0,0,197.0,0,344,4,0,0,9,East,2,No,System,Not Offered,0
C1927,48,Female,17,835.0,14166.0,Monthly,Credit Card,Fiber,2,1,109.0,3,210,2,0,1,6,North,1,Yes,Light,Not Offered,0
C1928,69,Male,9,961.0,8656.0,Monthly,UPI,Fiber,2,1,156.0,40,256,1,0,1,4,North,1,No,Dark,Not Offered,1
C1929,34,Male,11,1233.0,13548.0,Monthly,NetBanking,DSL,1,1,112.0,17,217,2,0,1,5,North,2,Yes,Light,Rejected,1
C1930,33,Female,16,625.0,7485.0,Annual,Debit Card,Fiber,3,2,73.0,5,152,2,25,1,6,North,1,No,Dark,Not Offered,0
C1931,20,Male,9,813.0,5484.0,Monthly,NetBanking,DSL,4,1,89.0,6,185,2,25,1,5,North,1,Yes,Light,Accepted,1
C1932,32,Female,35,942.0,29661.0,Monthly,UPI,DSL,2,1,72.0,14,146,3,10,1,6,North,1,No,Dark,Not Offered,0
C1933,18,Male,14,767.0,9656.0,Two Year,Credit Card,Fiber,1,0,97.0,23,186,3,10,0,10,North,0,Yes,Light,Not Offered,0
C1934,41,Female,12,907.0,10886.0,Monthly,Debit Card,Fiber,4,2,116.0,21,229,3,0,0,3,North,3,No,Light,Not Offered,1
C1935,64,Male,34,956.0,27661.0,Monthly,UPI,DSL,0,0,65.0,2,131,3,15,0,9,East,0,Yes,System,Not Offered,0
C1936,36,Male,15,671.0,9566.0,Monthly,UPI,Fiber,1,1,117.0,13,203,3,5,0,4,West,0,Yes,System,Rejected,1
C1937,41,Male,17,369.0,4699.0,Monthly,Debit Card,Fiber,2,0,102.0,6,190,3,25,0,9,East,0,Yes,Dark,Not Offered,0
C1938,31,Female,13,717.0,6944.0,Monthly,Credit Card,Fiber,2,0,142.0,8,257,2,25,1,8,North,1,Yes,Light,Not Offered,0
C1939,27,Female,18,441.0,7555.0,Monthly,UPI,Fiber,0,0,186.0,9,321,4,5,2,9,East,3,No,Light,Not Offered,0
C1940,42,Male,31,847.0,23616.0,Monthly,UPI,DSL,6,4,24.0,15,55,2,10,0,1,East,0,No,Dark,Accepted,1
C1941,24,Male,14,800.0,10633.0,Two Year,UPI,Fiber,3,2,141.0,9,269,1,5,1,6,East,0,No,Dark,Not Offered,0
C1942,46,Female,17,590.0,9489.0,Annual,NetBanking,Fiber,6,1,114.0,2,214,2,5,0,5,East,1,No,System,Not Offered,0
C1943,57,Male,44,910.0,38054.0,Two Year,NetBanking,DSL,1,0,125.0,11,250,3,5,0,10,East,1,No,Dark,Not Offered,0
C1944,26,Female,16,597.0,9534.0,Monthly,Debit Card,Fiber,6,2,106.0,25,205,1,0,2,3,East,0,Yes,Light,Rejected,1
C1945,42,Female,15,742.0,10600.0,Monthly,NetBanking,DSL,0,0,120.0,2,229,3,5,0,8,South,0,No,Light,Not Offered,0
C1946,18,Female,10,842.0,6702.0,Monthly,UPI,Fiber,3,2,75.0,15,135,3,20,1,4,West,0,Yes,Light,Rejected,1
C1947,62,Female,14,722.0,9108.0,Monthly,UPI,Fiber,4,3,140.0,20,240,1,10,0,2,North,0,Yes,Dark,Rejected,1
C1948,58,Female,72,846.0,54821.0,Annual,UPI,Fiber,1,1,131.0,2,256,4,10,0,9,North,0,Yes,Light,Not Offered,0
C1949,34,Male,12,703.0,6332.0,Monthly,NetBanking,Fiber,4,2,131.0,3,244,3,25,0,4,North,0,No,Light,Rejected,1
C1950,45,Female,28,850.0,23812.0,Monthly,UPI,Fiber,0,0,99.0,17,231,1,0,1,8,South,0,No,Dark,Not Offered,0
C1951,40,Female,12,744.0,8047.0,Annual,UPI,Fiber,1,0,129.0,7,225,1,10,2,8,South,2,Yes,Light,Not Offered,0
C1952,44,Female,12,344.0,3526.0,Two Year,Credit Card,Fiber,0,0,131.0,7,209,4,15,1,10,East,3,No,Light,Not Offered,0
C1953,57,Female,41,680.0,25093.0,Monthly,Credit Card,Fiber,3,0,119.0,14,227,5,10,0,8,South,0,Yes,System,Not Offered,0
C1954,18,Male,24,532.0,10847.0,Two Year,UPI,DSL,7,1,67.0,9,145,3,15,2,6,East,1,No,System,Not Offered,0
C1955,37,Male,16,717.0,9562.0,Monthly,Credit Card,DSL,1,1,132.0,3,272,1,10,0,6,West,0,Yes,Light,Not Offered,0
C1956,32,Female,45,687.0,30949.0,Monthly,Credit Card,Fiber,0,0,129.0,2,236,1,0,3,8,West,0,Yes,Dark,Not Offered,0
C1957,50,Female,16,654.0,9913.0,Monthly,Credit Card,Fiber,2,1,158.0,7,307,1,5,1,5,North,0,Yes,Dark,Not Offered,0
C1958,43,Female,50,315.0,13382.0,Monthly,Credit Card,Fiber,1,0,100.0,1,223,3,15,2,9,North,0,Yes,System,Not Offered,0
C1959,28,Male,21,689.0,12344.0,Monthly,UPI,DSL,1,1,63.0,3,133,5,15,2,7,North,1,Yes,System,Not Offered,0
C1960,33,Male,17,717.0,12512.0,Monthly,Credit Card,Fiber,1,1,121.0,1,217,2,10,0,5,East,1,Yes,System,Rejected,1
C1961,27,Female,9,715.0,6427.0,Monthly,Debit Card,Fiber,2,1,104.0,2,237,3,0,5,6,East,1,Yes,System,Rejected,1
C1962,38,Female,43,777.0,31732.0,Monthly,Debit Card,DSL,2,1,57.0,6,109,3,5,0,7,South,0,No,Light,Not Offered,0
C1963,36,Female,25,924.0,23075.0,Monthly,UPI,DSL,2,1,169.0,12,310,2,0,0,6,West,0,Yes,System,Not Offered,0
C1964,56,Male,39,755.0,23548.0,Monthly,NetBanking,Fiber,1,0,160.0,3,267,2,20,0,9,South,1,Yes,System,Not Offered,0
C1965,24,Male,38,834.0,31682.0,Monthly,NetBanking,Fiber,1,1,75.0,4,165,2,0,0,7,South,0,No,System,Not Offered,0
C1966,38,Female,11,575.0,6302.0,Monthly,Debit Card,Fiber,2,1,139.0,17,250,3,0,0,5,East,1,No,System,Not Offered,0
C1967,50,Female,46,464.0,21336.0,Annual,NetBanking,Fiber,0,0,128.0,7,208,1,0,1,10,West,1,No,Light,Not Offered,0
C1968,58,Female,15,505.0,6044.0,Annual,UPI,Fiber,2,1,129.0,14,234,2,20,0,8,North,0,Yes,Dark,Not Offered,0
C1969,39,Female,22,573.0,11307.0,Monthly,NetBanking,Fiber,1,1,114.0,9,149,2,10,1,6,North,1,No,Light,Not Offered,0
C1970,41,Female,14,611.0,6846.0,Two Year,UPI,DSL,1,1,86.0,8,143,2,20,0,8,South,0,No,Light,Not Offered,0
C1971,27,Female,11,981.0,10788.0,Annual,NetBanking,Fiber,3,1,138.0,2,261,3,0,0,5,West,1,Yes,Light,Not Offered,0
C1972,18,Female,14,525.0,7343.0,Monthly,Credit Card,Fiber,2,1,145.0,3,246,2,0,1,6,West,2,Yes,Light,Not Offered,0
C1973,54,Female,17,934.0,15871.0,Monthly,UPI,DSL,1,1,111.0,0,228,1,0,0,6,East,1,No,System,Not Offered,0
C1974,45,Male,15,717.0,9520.0,Annual,Credit Card,DSL,1,0,127.0,5,241,5,0,0,9,North,1,No,Light,Not Offered,0
C1975,31,Female,28,657.0,17518.0,Monthly,UPI,DSL,7,4,132.0,25,248,2,5,0,1,East,2,No,Light,Rejected,1
C1976,46,Female,11,926.0,8147.0,Annual,UPI,DSL,0,0,72.0,14,130,4,20,0,9,East,0,No,Dark,Not Offered,0
C1977,32,Female,25,734.0,18325.0,Annual,UPI,Fiber,0,0,108.0,34,167,2,0,0,10,East,0,No,System,Not Offered,0
C1978,35,Female,24,845.0,20281.0,Annual,UPI,Fiber,0,0,110.0,16,203,2,0,1,9,East,0,Yes,Light,Not Offered,0
C1979,53,Female,19,551.0,10756.0,Annual,Credit Card,DSL,0,0,165.0,2,289,3,0,0,10,North,0,Yes,Light,Not Offered,0
C1980,45,Female,9,1033.0,8371.0,Annual,Credit Card,Fiber,0,0,96.0,1,175,3,10,1,9,North,0,No,Light,Not Offered,0
C1981,38,Male,42,610.0,23071.0,Annual,NetBanking,DSL,1,0,20.0,10,48,3,10,0,10,North,2,Yes,System,Not Offered,0
C1982,43,Female,12,980.0,9408.0,Monthly,UPI,None,3,1,114.0,5,216,2,20,1,5,East,2,No,System,Rejected,1
C1983,42,Male,21,640.0,10754.0,Two Year,Credit Card,Fiber,1,1,136.0,9,238,2,20,0,8,East,1,Yes,Dark,Not Offered,0
C1984,52,Female,36,645.0,19747.0,Monthly,UPI,Fiber,1,0,77.0,2,156,4,15,0,9,East,0,No,Light,Not Offered,0
C1985,54,Male,24,685.0,13732.0,Monthly,NetBanking,DSL,2,1,46.0,6,85,3,0,1,6,West,3,No,Light,Not Offered,0
C1986,37,Male,38,819.0,31149.0,Monthly,UPI,DSL,2,1,128.0,1,232,3,0,0,7,North,0,No,Dark,Not Offered,0
C1987,40,Male,8,757.0,6058.0,Annual,UPI,Fiber,2,0,138.0,9,256,4,0,1,8,West,0,Yes,Light,Not Offered,0
C1988,18,Male,24,835.0,16983.0,Annual,NetBanking,Fiber,5,1,122.0,1,230,1,15,1,6,West,1,Yes,Light,Not Offered,0
C1989,18,Female,29,624.0,18080.0,Two Year,Debit Card,DSL,1,1,65.0,12,131,3,0,0,7,West,0,Yes,System,Not Offered,0
C1990,54,Female,13,593.0,7732.0,Monthly,NetBanking,Fiber,2,1,127.0,1,253,1,0,0,6,South,1,Yes,System,Not Offered,0
C1991,56,Female,32,510.0,14740.0,Monthly,Credit Card,Fiber,0,0,134.0,21,261,4,10,2,8,East,0,Yes,Light,Not Offered,0
C1992,50,Female,19,720.0,13701.0,Annual,Credit Card,Fiber,1,0,83.0,4,154,1,0,2,9,West,0,No,Light,Not Offered,0
C1993,56,Female,28,673.0,18851.0,Annual,Debit Card,Fiber,0,0,89.0,4,165,3,0,0,9,South,1,Yes,System,Not Offered,0
C1994,40,Male,18,728.0,12454.0,Monthly,UPI,DSL,2,1,60.0,11,144,5,5,0,6,West,0,Yes,Dark,Not Offered,0
C1995,28,Female,17,841.0,12868.0,Annual,UPI,Fiber,3,1,71.0,11,130,3,10,0,6,North,1,No,Light,Not Offered,0
C1996,28,Female,15,589.0,8403.0,Monthly,Credit Card,Fiber,3,2,92.0,4,183,5,5,0,4,East,1,Yes,Light,Rejected,1
C1997,46,Male,26,665.0,17268.0,Annual,UPI,Fiber,2,0,160.0,3,282,3,0,1,8,East,0,No,Dark,Not Offered,0
C1998,45,Female,24,670.0,12076.0,Monthly,Credit Card,Fiber,1,0,41.0,11,84,2,25,0,8,South,3,Yes,Light,Not Offered,0
C1999,58,Male,26,299.0,7368.0,Monthly,UPI,Fiber,3,1,178.0,5,357,2,5,0,5,North,0,Yes,Light,Not Offered,0
C2000,34,Female,21,814.0,17056.0,Monthly,Credit Card,Fiber,3,0,129.0,8,220,4,0,0,7,North,0,Yes,Dark,Not Offered,0
C2001,54,Male,51,381.0,19415.0,Two Year,NetBanking,Fiber,0,0,67.0,9,109,3,0,1,10,East,2,No,Light,Not Offered,0
C2002,45,Female,22,918.0,20216.0,Annual,UPI,DSL,2,0,122.0,2,216,2,0,1,8,North,0,Yes,Dark,Not Offered,0
C2003,18,Female,12,703.0,8408.0,Annual,NetBanking,Fiber,0,0,65.0,1,114,2,0,0,9,South,1,No,System,Not Offered,0
C2004,18,Male,8,635.0,5073.0,Two Year,UPI,DSL,3,0,115.0,7,218,1,0,0,8,West,0,No,Light,Not Offered,0
C2005,47,Female,24,717.0,14427.0,Annual,UPI,Fiber,0,0,67.0,5,115,1,20,0,10,South,0,Yes,Light,Not Offered,0
C2006,64,Male,37,931.0,32718.0,Monthly,Credit Card,Fiber,2,0,143.0,28,269,1,5,1,8,East,0,Yes,System,Not Offered,0
C2007,59,Female,17,299.0,5113.0,Annual,UPI,DSL,0,0,119.0,0,221,2,0,0,9,North,0,No,Dark,Not Offered,0
C2008,31,Male,41,606.0,24853.0,Two Year,UPI,Fiber,2,1,101.0,16,211,2,0,1,8,North,2,No,Light,Not Offered,0
C2009,52,Male,19,631.0,10193.0,Monthly,NetBanking,Fiber,3,2,169.0,10,308,2,15,2,5,South,0,No,Light,Rejected,1
C2010,59,Female,8,598.0,4061.0,Monthly,Credit Card,DSL,4,2,109.0,2,189,3,15,2,4,South,0,Yes,System,Rejected,1
C2011,18,Male,48,674.0,29142.0,Two Year,Credit Card,Fiber,1,0,35.0,0,88,3,10,0,10,North,2,No,System,Not Offered,0
C2012,20,Male,24,831.0,21602.0,Annual,UPI,Fiber,0,0,93.0,1,171,2,0,0,9,North,3,No,Light,Not Offered,0
C2013,57,Female,49,412.0,18152.0,Annual,NetBanking,Fiber,0,0,96.0,10,171,2,10,2,10,East,2,Yes,Dark,Not Offered,0
C2014,41,Female,17,676.0,10333.0,Two Year,Credit Card,DSL,2,1,20.0,5,70,3,10,0,8,West,2,No,System,Not Offered,0
C2015,49,Male,34,830.0,23971.0,Monthly,Debit Card,DSL,1,1,105.0,3,204,3,15,0,7,East,2,Yes,System,Not Offered,0
C2016,25,Female,15,672.0,8076.0,Annual,Credit Card,Fiber,2,0,114.0,4,243,2,20,0,10,East,1,Yes,System,Not Offered,0
C2017,55,Female,10,832.0,7486.0,Monthly,UPI,Fiber,6,4,96.0,14,190,3,10,0,1,East,0,Yes,Light,Rejected,1
C2018,45,Male,14,725.0,9683.0,Monthly,Credit Card,Fiber,0,0,35.0,19,48,1,5,5,8,South,0,Yes,System,Not Offered,0
C2019,42,Female,24,689.0,11764.0,Monthly,UPI,DSL,0,0,129.0,13,255,2,10,0,8,East,0,Yes,Light,Not Offered,0
C2020,35,Male,27,857.0,23131.0,Monthly,UPI,Fiber,4,0,161.0,15,319,5,0,0,6,North,1,Yes,Light,Not Offered,0
C2021,30,Male,15,659.0,7923.0,Monthly,NetBanking,Fiber,0,0,148.0,3,280,2,20,0,9,South,3,No,Dark,Not Offered,0
C2022,51,Male,27,695.0,17857.0,Monthly,Credit Card,Fiber,4,2,138.0,27,247,3,5,0,3,East,0,No,Dark,Rejected,1
C2023,38,Male,23,757.0,15666.0,Monthly,UPI,Fiber,1,1,41.0,11,84,2,10,2,5,East,0,Yes,System,Rejected,1
C2024,54,Male,37,549.0,20311.0,Annual,Credit Card,Fiber,1,1,151.0,1,266,3,0,0,9,North,0,No,System,Not Offered,0
C2025,56,Female,8,873.0,6288.0,Two Year,UPI,Fiber,1,0,117.0,11,229,3,10,0,9,West,1,Yes,Light,Not Offered,0
C2026,31,Male,10,373.0,3336.0,Monthly,Credit Card,DSL,2,1,88.0,7,180,1,10,0,6,West,1,No,Light,Not Offered,0
C2027,46,Female,8,819.0,5574.0,Monthly,NetBanking,Fiber,1,1,136.0,6,249,2,15,1,6,North,0,No,System,Rejected,1
C2028,30,Male,14,717.0,11532.0,Monthly,UPI,Fiber,2,1,98.0,13,156,3,0,0,5,West,1,No,Light,Not Offered,0
C2029,52,Male,14,453.0,5715.0,Monthly,NetBanking,Fiber,0,0,125.0,10,236,3,10,1,10,North,1,No,Light,Not Offered,0
C2030,27,Male,44,853.0,37522.0,Annual,Credit Card,DSL,1,1,96.0,2,202,2,0,0,8,East,0,Yes,Light,Not Offered,0
C2031,28,Female,14,765.0,9645.0,Two Year,Debit Card,DSL,4,2,71.0,15,119,3,10,0,5,North,0,Yes,Dark,Not Offered,0
C2032,35,Male,66,725.0,47843.0,Monthly,UPI,DSL,3,2,145.0,1,257,2,0,0,5,North,1,Yes,Dark,Not Offered,0
C2033,53,Male,19,717.0,15691.0,Monthly,NetBanking,Fiber,2,1,75.0,0,143,1,10,1,6,South,3,No,Dark,Not Offered,0
C2034,47,Male,48,915.0,41738.0,Annual,UPI,DSL,0,0,173.0,24,323,2,5,0,10,South,0,No,System,Not Offered,0
C2035,43,Male,14,686.0,8618.0,Annual,UPI,DSL,0,0,84.0,33,152,2,10,3,10,East,0,Yes,System,Not Offered,0
C2036,19,Female,11,618.0,6465.0,Annual,UPI,Fiber,0,0,88.0,2,171,4,5,2,9,West,1,No,Dark,Not Offered,0
C2037,45,Female,15,717.0,11745.0,Two Year,Credit Card,Fiber,0,0,42.0,0,104,1,15,2,10,South,0,No,System,Not Offered,0
C2038,47,Male,33,563.0,14869.0,Monthly,UPI,Fiber,9,5,53.0,32,87,3,20,0,1,East,1,No,System,Rejected,1
C2039,55,Male,25,615.0,13865.0,Monthly,UPI,Fiber,1,1,109.0,24,218,3,10,0,8,South,3,No,Dark,Not Offered,0
C2040,37,Male,62,727.0,40582.0,Annual,NetBanking,Fiber,0,0,102.0,8,194,3,10,1,10,East,1,Yes,Light,Not Offered,0
C2041,51,Male,23,661.0,15205.0,Monthly,UPI,Fiber,3,1,149.0,3,266,3,0,0,5,North,3,No,System,Not Offered,0
C2042,55,Male,43,947.0,40704.0,Annual,UPI,Fiber,2,1,101.0,5,187,2,0,1,8,East,1,Yes,Dark,Not Offered,0
C2043,43,Male,55,906.0,49805.0,Monthly,UPI,DSL,0,0,104.0,4,192,2,0,0,9,East,0,Yes,Light,Not Offered,0
C2044,38,Male,14,755.0,8995.0,Annual,UPI,Fiber,3,0,115.0,16,225,3,15,0,8,East,0,Yes,Dark,Not Offered,0
C2045,18,Female,32,323.0,9815.0,Annual,UPI,Fiber,0,0,100.0,20,192,2,5,3,10,South,2,No,Dark,Not Offered,0
C2046,30,Male,39,638.0,23603.0,Monthly,UPI,DSL,2,0,138.0,2,251,3,5,0,8,West,1,No,System,Not Offered,0
C2047,61,Male,40,327.0,12432.0,Annual,Debit Card,Fiber,0,0,140.0,8,277,1,5,0,10,East,0,No,Light,Not Offered,0
C2048,43,Female,27,476.0,12868.0,Two Year,UPI,Fiber,0,0,110.0,3,216,3,0,1,10,West,0,No,Dark,Not Offered,0
C2049,34,Female,13,871.0,9041.0,Two Year,Debit Card,Fiber,0,0,69.0,1,138,4,20,2,10,South,0,Yes,System,Not Offered,0
C2050,39,Male,15,618.0,8823.0,Annual,NetBanking,DSL,1,0,24.0,0,82,3,5,0,10,North,2,No,Light,Not Offered,0
C2051,44,Female,11,835.0,6932.0,Monthly,Debit Card,Fiber,2,1,153.0,0,282,4,25,0,8,South,0,No,System,Not Offered,0
C2052,57,Female,20,746.0,12673.0,Annual,NetBanking,Fiber,1,0,128.0,23,228,2,15,1,10,North,2,Yes,Dark,Not Offered,0
C2053,49,Female,5,802.0,3610.0,Annual,Credit Card,DSL,0,0,94.0,11,153,2,10,0,8,South,3,No,Dark,Not Offered,0
C2054,30,Female,11,1005.0,11041.0,Annual,Debit Card,Fiber,4,0,84.0,0,170,2,0,0,8,North,1,Yes,System,Not Offered,0
C2055,32,Female,50,800.0,40010.0,Monthly,NetBanking,Fiber,1,0,90.0,7,175,3,0,2,8,East,1,No,Dark,Not Offered,0
C2056,43,Female,56,717.0,23585.0,Monthly,UPI,DSL,1,0,115.0,3,163,1,15,0,10,North,1,No,Dark,Not Offered,0
C2057,40,Male,43,775.0,30024.0,Monthly,NetBanking,Fiber,2,1,174.0,2,332,3,10,3,7,West,0,Yes,System,Not Offered,0
C2058,40,Male,50,580.0,27578.0,Monthly,Debit Card,DSL,2,0,50.0,0,97,3,5,0,8,West,0,Yes,Light,Not Offered,0
C2059,35,Male,20,702.0,14043.0,Two Year,Credit Card,Fiber,3,1,84.0,4,168,1,0,0,7,West,0,Yes,Dark,Not Offered,0
C2060,56,Female,66,642.0,33901.0,Annual,Credit Card,DSL,0,0,97.0,2,167,2,20,1,10,East,2,No,System,Not Offered,0
C2061,46,Male,31,712.0,22056.0,Monthly,Credit Card,Fiber,2,1,117.0,16,225,2,0,0,6,North,0,No,Dark,Not Offered,0
C2062,38,Female,27,672.0,18114.0,Annual,Credit Card,Fiber,3,2,5000.0,1,256,3,0,2,5,East,1,No,System,Not Offered,0
C2063,51,Female,17,575.0,8797.0,Annual,UPI,Fiber,0,0,87.0,6,174,4,10,1,9,North,2,No,Dark,Not Offered,0
C2064,46,Male,14,885.0,11127.0,Monthly,Credit Card,Fiber,0,0,40.0,11,101,2,10,2,9,North,1,No,Dark,Not Offered,0
C2065,31,Female,45,877.0,39429.0,Annual,Credit Card,Fiber,0,0,99.0,1,219,4,0,0,10,South,2,Yes,System,Not Offered,0
C2066,40,Male,36,717.0,20584.0,Annual,NetBanking,Fiber,2,0,132.0,0,240,2,0,0,9,West,2,Yes,Light,Not Offered,0
C2067,37,Female,16,720.0,9784.0,Two Year,UPI,DSL,3,2,114.0,2,180,4,15,2,5,South,0,No,Light,Not Offered,0
C2068,61,Male,72,581.0,39741.0,Two Year,UPI,DSL,2,1,7200.0,21,346,3,5,0,8,East,1,No,Dark,Not Offered,0
C2069,18,Male,23,626.0,12237.0,Two Year,UPI,DSL,1,0,73.0,7,130,2,15,1,8,South,0,No,Dark,Not Offered,0
C2070,37,Male,32,606.0,18428.0,Annual,Credit Card,Fiber,1,0,114.0,11,236,2,5,0,9,North,1,Yes,Dark,Not Offered,0
C2071,42,Female,7,717.0,4987.0,Two Year,UPI,Fiber,1,0,110.0,3,180,4,0,0,9,West,1,Yes,System,Not Offered,0
C2072,42,Male,45,932.0,41958.0,Monthly,Credit Card,Fiber,0,0,90.0,1,159,3,0,0,10,East,3,No,System,Not Offered,0
C2073,50,Female,38,632.0,23962.0,Annual,Debit Card,Fiber,2,0,161.0,0,304,3,0,0,9,West,0,No,Light,Not Offered,0
C2074,40,Female,24,621.0,11176.0,Monthly,Credit Card,None,1,0,47.0,12,93,1,0,2,8,North,2,Yes,Dark,Not Offered,0
C2075,18,Male,54,805.0,43470.0,Monthly,Credit Card,DSL,0,0,187.0,4,352,4,0,0,9,North,1,Yes,Dark,Not Offered,0
C2076,36,Male,19,598.0,8506.0,Monthly,Debit Card,Fiber,2,1,89.0,4,194,3,25,0,6,North,2,No,System,Not Offered,0
C2077,29,Female,30,876.0,26273.0,Annual,UPI,Fiber,1,0,64.0,4,133,2,0,0,9,West,1,Yes,Dark,Not Offered,0
C2078,53,Male,20,759.0,15228.0,Two Year,UPI,Fiber,2,1,109.0,4,204,3,0,0,8,South,2,Yes,Dark,Not Offered,0
C2079,31,Male,11,424.0,4210.0,Annual,UPI,Fiber,0,0,135.0,1,256,2,10,1,10,North,3,Yes,Dark,Not Offered,0
C2080,40,Female,21,630.0,12567.0,Annual,UPI,Fiber,1,0,151.0,4,295,4,5,0,9,East,0,No,Light,Not Offered,0
C2081,46,Female,28,563.0,14968.0,Two Year,UPI,DSL,1,0,123.0,0,236,2,5,3,10,West,0,Yes,Light,Accepted,0
C2082,40,Female,29,811.0,22294.0,Monthly,UPI,Fiber,0,0,168.0,1,297,2,5,6,8,North,0,Yes,Light,Not Offered,0
C2083,46,Female,30,889.0,24007.0,Annual,UPI,DSL,2,1,97.0,3,217,4,10,3,7,South,1,No,Dark,Not Offered,0
C2084,42,Female,23,772.0,15972.0,Monthly,Debit Card,DSL,4,2,135.0,19,251,4,10,0,3,South,1,No,Light,Rejected,1
C2085,43,Female,50,743.0,35260.0,Annual,Credit Card,DSL,0,0,97.0,2,186,4,5,1,10,West,2,No,System,Not Offered,0
C2086,47,Male,25,967.0,22969.0,Two Year,UPI,Fiber,0,0,105.0,6,209,4,5,1,10,South,0,No,Light,Not Offered,0
C2087,57,Male,19,550.0,7865.0,Monthly,UPI,Fiber,3,2,125.0,11,228,4,25,0,5,West,1,Yes,System,Rejected,1
C2088,65,Female,24,708.0,21558.0,Annual,Debit Card,Fiber,0,0,196.0,6,353,1,5,0,10,North,2,Yes,System,Not Offered,0
C2089,35,Male,22,544.0,10159.0,Monthly,UPI,Fiber,1,1,132.0,2,234,2,15,4,6,North,2,No,Dark,Not Offered,0
C2090,25,Male,7,1083.0,7604.0,Annual,Credit Card,Fiber,0,0,85.0,1,171,3,0,1,9,East,1,No,Dark,Not Offered,0
C2091,43,Female,36,722.0,23394.0,Annual,Credit Card,Fiber,1,0,67.0,9,117,3,10,0,9,East,0,No,Light,Not Offered,0
C2092,45,Male,34,904.0,30769.0,Monthly,Debit Card,Fiber,4,1,90.0,5,165,2,0,0,5,North,0,No,Light,Rejected,1
C2093,48,Male,33,796.0,23644.0,Two Year,UPI,None,0,0,85.0,0,177,2,10,0,10,East,1,Yes,Light,Not Offered,0
C2094,31,Female,33,565.0,14939.0,Two Year,UPI,DSL,0,0,70.0,10,125,4,20,0,10,South,0,No,Dark,Not Offered,0
C2095,49,Female,7,608.0,3812.0,Annual,Debit Card,DSL,1,1,107.0,5,217,2,10,2,8,North,2,Yes,System,Not Offered,0
C2096,48,Female,20,948.0,18005.0,Annual,UPI,DSL,5,1,124.0,3,239,4,5,0,5,West,0,No,System,Not Offered,0
C2097,26,Male,7,823.0,5769.0,Annual,Credit Card,Fiber,0,0,94.0,0,171,2,0,0,7,West,0,Yes,System,Not Offered,0
C2098,45,Male,2,761.0,1366.0,Monthly,UPI,Fiber,4,2,124.0,27,220,2,10,0,2,North,0,Yes,Light,Accepted,1
C2099,44,Male,28,560.0,14133.0,Annual,NetBanking,Fiber,0,0,119.0,4,226,2,10,0,10,South,1,Yes,Dark,Not Offered,0
C2100,43,Male,20,767.0,13791.0,Monthly,UPI,Fiber,2,0,110.0,6,209,2,10,3,8,West,1,No,Light,Not Offered,0
C2101,46,Female,22,425.0,9337.0,Two Year,Credit Card,DSL,1,0,131.0,20,248,2,0,0,10,West,2,Yes,Dark,Not Offered,0
C2102,46,Male,16,759.0,10938.0,Monthly,UPI,Fiber,0,0,145.0,4,267,2,10,0,8,East,2,No,Light,Not Offered,0
C2103,61,Female,4,1162.0,4622.0,Annual,UPI,DSL,1,1,51.0,3,106,1,0,1,5,North,0,Yes,Light,Not Offered,0
C2104,32,Female,20,581.0,11604.0,Annual,Credit Card,Fiber,3,1,78.0,7,135,5,0,0,5,West,1,No,System,Not Offered,0
C2105,57,Female,19,790.0,15042.0,Monthly,NetBanking,Fiber,7,1,109.0,14,212,3,0,0,3,West,3,No,System,Rejected,1
C2106,28,Female,7,382.0,2544.0,Monthly,UPI,Fiber,1,0,170.0,9,311,4,5,1,7,North,2,Yes,Light,Not Offered,0
C2107,33,Female,18,590.0,10093.0,Annual,UPI,DSL,7,1,171.0,4,327,3,5,0,5,East,2,No,Dark,Not Offered,0
C2108,18,Male,38,940.0,32144.0,Two Year,Credit Card,DSL,1,0,64.0,7,135,3,10,2,10,West,0,No,System,Not Offered,0
C2109,27,Male,13,825.0,10203.0,Annual,UPI,Fiber,3,1,116.0,7,212,3,5,0,7,East,1,Yes,System,Not Offered,0
C2110,61,Male,30,681.0,17366.0,Two Year,Credit Card,Fiber,2,1,70.0,1,165,2,15,1,7,South,0,Yes,Light,Not Offered,0
C2111,43,Female,9,695.0,5803.0,Monthly,UPI,Fiber,2,1,181.0,4,312,1,0,1,5,East,1,Yes,Dark,Not Offered,0
C2112,40,Male,8,705.0,5662.0,Annual,UPI,Fiber,0,0,84.0,15,185,4,0,2,8,North,1,No,Dark,Not Offered,0
C2113,47,Female,16,593.0,9555.0,Monthly,Credit Card,DSL,6,3,181.0,18,346,1,0,0,1,North,2,No,System,Rejected,1
C2114,42,Male,11,888.0,9748.0,Annual,UPI,Fiber,1,0,114.0,1,101,4,0,2,8,West,0,Yes,Light,Not Offered,0
C2115,59,Female,30,872.0,24823.0,Annual,Credit Card,DSL,0,0,61.0,13,123,2,5,0,9,East,2,No,Light,Not Offered,0
C2116,38,Female,15,799.0,10801.0,Two Year,UPI,DSL,2,0,114.0,2,206,3,10,0,10,South,0,Yes,Light,Not Offered,0
C2117,46,Female,27,539.0,10923.0,Annual,UPI,Fiber,0,0,112.0,2,185,4,25,0,10,South,2,Yes,Dark,Not Offered,0
C2118,46,Female,46,467.0,21478.0,Annual,UPI,DSL,1,0,83.0,6,178,3,0,1,10,West,2,Yes,System,Not Offered,0
C2119,52,Female,9,743.0,6327.0,Annual,UPI,DSL,3,1,162.0,6,295,4,5,0,6,East,0,No,Light,Not Offered,0
C2120,37,Female,23,478.0,9878.0,Annual,UPI,Fiber,1,1,79.0,3,147,2,10,2,8,West,0,Yes,System,Not Offered,0
C2121,21,Male,24,782.0,17581.0,Annual,NetBanking,Fiber,0,0,145.0,6,235,4,10,5,9,South,0,Yes,System,Not Offered,0
C2122,50,Male,16,811.0,12968.0,Two Year,UPI,DSL,5,2,97.0,3,177,3,0,0,5,North,3,Yes,Light,Not Offered,0
C2123,50,Female,23,758.0,14820.0,Annual,Credit Card,Fiber,0,0,199.0,3,370,3,15,0,10,East,0,No,System,Not Offered,0
C2124,36,Male,50,854.0,36309.0,Annual,UPI,Fiber,1,0,114.0,17,207,3,15,0,10,South,1,Yes,Light,Not Offered,0
C2125,48,Male,9,1074.0,7688.0,Two Year,Credit Card,Fiber,1,0,110.0,14,192,3,20,2,10,East,0,Yes,System,Not Offered,0
C2126,61,Male,25,906.0,22698.0,Annual,UPI,Fiber,1,1,154.0,2,293,3,0,0,7,North,1,No,Light,Not Offered,0
C2127,51,Male,38,791.0,25558.0,Annual,UPI,DSL,0,0,137.0,7,247,3,15,2,10,South,1,No,Light,Not Offered,0
C2128,38,Female,37,865.0,25617.0,Monthly,UPI,Fiber,0,0,103.0,2,202,2,20,2,10,South,1,No,System,Not Offered,0
C2129,39,Male,19,737.0,13297.0,Monthly,Credit Card,Fiber,1,1,130.0,0,219,4,5,0,7,North,1,Yes,Light,Not Offered,0
C2130,30,Female,26,934.0,24295.0,Monthly,NetBanking,Fiber,0,0,72.0,3,140,2,0,1,7,North,0,No,Dark,Not Offered,0
C2131,38,Female,46,527.0,24242.0,Annual,UPI,Fiber,1,0,148.0,2,280,3,0,0,10,South,0,No,Light,Not Offered,0
C2132,30,Female,24,597.0,20383.0,Monthly,UPI,Fiber,4,2,150.0,21,252,2,5,1,3,West,0,Yes,Light,Rejected,1
C2133,38,Female,1,824.0,824.0,Monthly,UPI,Fiber,1,1,114.0,5,166,3,5,0,5,West,1,No,System,Rejected,1
C2134,39,Female,7,299.0,2101.0,Two Year,Credit Card,DSL,0,0,114.0,11,198,2,0,1,10,North,3,No,System,Not Offered,0
C2135,27,Male,30,694.0,16602.0,Annual,Credit Card,Fiber,3,0,147.0,3,270,5,20,0,9,North,0,Yes,Light,Not Offered,0
C2136,45,Male,38,828.0,26747.0,Monthly,UPI,DSL,0,0,154.0,11,275,4,15,0,9,West,0,No,Dark,Not Offered,0
C2137,41,Male,4,1032.0,3699.0,Monthly,Debit Card,Fiber,8,3,72.0,20,174,3,10,0,1,South,1,Yes,Dark,Rejected,1
C2138,43,Female,11,584.0,5770.0,Two Year,UPI,Fiber,0,0,146.0,1,255,4,10,0,9,East,0,No,System,Not Offered,0
C2139,72,Male,23,473.0,9233.0,Two Year,UPI,DSL,0,0,56.0,2,104,2,15,1,10,West,1,Yes,System,Not Offered,0
C2140,42,Female,42,495.0,16623.0,Two Year,NetBanking,Fiber,3,0,139.0,23,251,2,20,0,10,West,0,No,Light,Not Offered,0
C2141,26,Male,72,566.0,34661.0,Annual,UPI,Fiber,2,0,90.0,6,200,3,15,1,10,North,1,No,Dark,Not Offered,0
C2142,31,Male,16,569.0,8200.0,Monthly,UPI,Fiber,1,1,105.0,2,194,6,10,2,7,South,1,No,Dark,Not Offered,0
C2143,30,Male,20,1005.0,19128.0,Monthly,Credit Card,Fiber,3,2,95.0,11,170,1,5,0,5,North,0,No,System,Rejected,1
C2144,39,Male,15,486.0,6917.0,Monthly,UPI,Fiber,1,1,160.0,4,279,2,5,0,7,West,1,No,Light,Not Offered,0
C2145,42,Male,39,945.0,34982.0,Annual,Credit Card,Fiber,0,0,133.0,35,247,2,5,1,10,North,0,Yes,System,Not Offered,0
C2146,24,Male,31,517.0,14399.0,Monthly,UPI,DSL,1,1,104.0,1,195,2,10,0,7,South,0,Yes,Dark,Not Offered,0
C2147,41,Male,30,965.0,28940.0,Monthly,UPI,Fiber,4,0,96.0,2,175,1,0,0,6,South,1,Yes,Dark,Not Offered,0
C2148,44,Female,25,703.0,15860.0,Monthly,UPI,Fiber,1,0,120.0,15,198,3,10,1,9,East,0,No,Light,Not Offered,0
C2149,40,Female,20,945.0,18876.0,Two Year,UPI,Fiber,1,1,113.0,22,241,1,0,2,7,South,2,No,Dark,Not Offered,0
C2150,48,Male,11,1068.0,11123.0,Annual,NetBanking,Fiber,2,1,77.0,1,156,1,5,2,6,East,0,No,Light,Not Offered,0
C2151,28,Male,26,970.0,25242.0,Monthly,UPI,DSL,2,1,126.0,6,218,3,0,2,6,East,1,Yes,Dark,Not Offered,0
C2152,37,Female,32,709.0,19315.0,Monthly,UPI,Fiber,4,3,122.0,26,224,3,15,3,2,West,0,Yes,System,Accepted,1
C2153,26,Male,15,864.0,12308.0,Two Year,UPI,DSL,1,0,110.0,10,202,4,5,0,9,West,1,No,Light,Not Offered,0
C2154,71,Female,27,554.0,11981.0,Monthly,UPI,DSL,0,0,114.0,14,169,2,20,1,9,South,2,No,Dark,Not Offered,0
C2155,33,Male,14,696.0,9691.0,Monthly,Credit Card,Fiber,5,2,104.0,16,179,2,0,2,3,South,3,Yes,Light,Rejected,1
C2156,38,Male,10,750.0,5605.0,Two Year,Credit Card,DSL,2,0,85.0,10,153,2,25,2,10,North,1,No,Light,Not Offered,0
C2157,49,Female,10,802.0,6813.0,Two Year,Credit Card,Fiber,6,0,155.0,0,281,1,15,0,8,West,1,Yes,Light,Not Offered,0
C2158,50,Female,19,825.0,14100.0,Annual,Debit Card,DSL,0,0,178.0,13,310,2,10,0,10,West,2,Yes,System,Accepted,0
C2159,46,Male,51,717.0,36603.0,Two Year,NetBanking,Fiber,1,1,178.0,2,308,3,0,1,9,North,0,No,System,Not Offered,0
C2160,40,Male,22,792.0,17385.0,Two Year,Credit Card,DSL,2,1,99.0,0,193,4,0,1,8,South,0,No,Light,Not Offered,0
C2161,44,Female,29,299.0,6927.0,Annual,UPI,Fiber,0,0,88.0,1,177,1,20,1,10,North,1,No,System,Not Offered,0
C2162,18,Male,41,598.0,22051.0,Two Year,UPI,Fiber,1,0,89.0,3,166,1,10,0,10,East,1,No,Light,Not Offered,0
C2163,50,Male,9,843.0,7596.0,Monthly,UPI,Fiber,2,1,128.0,3,239,3,0,0,8,North,2,No,Light,Not Offered,0
C2164,38,Male,72,686.0,46901.0,Two Year,Credit Card,DSL,0,0,49.0,1,118,3,5,0,10,East,1,No,Light,Not Offered,0
C2165,68,Male,13,484.0,6307.0,Monthly,NetBanking,Fiber,1,1,85.0,1,146,4,0,2,6,East,2,No,System,Not Offered,0
C2166,37,Male,24,644.0,3678.0,Monthly,Credit Card,Fiber,6,3,87.0,22,134,4,5,0,1,East,0,Yes,Light,Accepted,1
C2167,41,Female,21,792.0,16625.0,Two Year,Credit Card,Fiber,0,0,117.0,0,222,2,0,1,10,North,1,No,System,Accepted,0
C2168,48,Male,9,640.0,5734.0,Two Year,UPI,DSL,4,1,94.0,17,199,5,0,0,7,North,0,No,System,Not Offered,0
C2169,51,Male,29,590.0,17108.0,Monthly,Credit Card,DSL,1,0,158.0,6,287,3,0,1,8,North,1,Yes,Dark,Not Offered,0
C2170,32,Female,20,624.0,9996.0,Two Year,Credit Card,Fiber,1,0,127.0,6,216,3,20,0,10,North,0,No,Dark,Not Offered,0
C2171,23,Female,22,697.0,14582.0,Annual,NetBanking,Fiber,0,0,152.0,4,278,3,5,0,9,North,0,Yes,System,Not Offered,0
C2172,39,Female,41,900.0,33206.0,Two Year,Credit Card,Fiber,3,1,55.0,1,125,3,10,0,8,North,2,No,Dark,Not Offered,0
C2173,51,Female,61,439.0,22752.0,Two Year,UPI,DSL,4,1,85.0,7,164,3,15,0,9,West,1,Yes,System,Not Offered,0
C2174,51,Female,25,1015.0,24081.0,Two Year,Credit Card,Fiber,1,1,123.0,2,229,2,5,1,8,West,0,Yes,Light,Not Offered,0
C2175,27,Female,27,761.0,19500.0,Two Year,NetBanking,Fiber,1,0,102.0,7,179,2,5,0,10,North,2,No,Light,Not Offered,0
C2176,52,Male,16,847.0,13493.0,Annual,UPI,Fiber,0,0,101.0,13,176,1,0,0,10,East,3,Yes,Light,Not Offered,0
C2177,38,Male,23,936.0,21511.0,Two Year,Credit Card,Fiber,1,0,103.0,15,209,2,0,0,9,North,0,No,Light,Not Offered,0
C2178,41,Male,19,1072.0,17342.0,Monthly,UPI,DSL,0,0,91.0,0,196,3,15,1,9,East,1,Yes,Dark,Not Offered,0
C2179,36,Female,51,696.0,33718.0,Monthly,Credit Card,Fiber,0,0,55.0,5,99,3,5,1,9,East,0,Yes,System,Not Offered,0
C2180,35,Male,31,1023.0,31693.0,Annual,Credit Card,Fiber,3,2,137.0,7,248,3,0,1,5,South,0,Yes,Dark,Not Offered,0
C2181,60,Male,39,901.0,35177.0,Annual,NetBanking,Fiber,1,0,107.0,6,203,5,0,0,8,South,2,Yes,System,Not Offered,0
C2182,51,Male,27,601.0,15409.0,Monthly,Credit Card,Fiber,0,0,79.0,16,162,2,5,0,9,North,0,No,Light,Not Offered,0
C2183,46,Male,17,831.0,11990.0,Annual,Credit Card,DSL,0,0,135.0,0,235,4,15,1,9,East,0,No,System,Not Offered,0
C2184,41,Male,12,542.0,6470.0,Monthly,UPI,Fiber,3,0,118.0,16,233,4,0,1,7,West,1,Yes,Light,Not Offered,0
C2185,51,Male,19,990.0,16939.0,Monthly,UPI,DSL,1,2,166.0,1,293,3,10,1,4,North,0,No,Light,Rejected,1
C2186,36,Female,31,694.0,21502.0,Monthly,UPI,Fiber,3,1,52.0,3,117,2,0,1,5,North,2,No,Dark,Not Offered,0
C2187,29,Female,17,516.0,8298.0,Annual,NetBanking,DSL,0,0,126.0,7,242,2,5,1,10,North,0,Yes,Dark,Not Offered,0
C2188,41,Male,43,717.0,26025.0,Two Year,UPI,Fiber,5,1,117.0,22,181,3,10,2,7,East,0,No,Light,Not Offered,0
C2189,50,Male,16,740.0,10677.0,Annual,UPI,Fiber,0,0,114.0,3,301,3,10,1,10,West,0,Yes,Dark,Not Offered,0
C2190,58,Female,34,867.0,28006.0,Annual,UPI,Fiber,4,1,68.0,9,146,3,5,0,6,East,2,Yes,Light,Not Offered,0
C2191,49,Female,20,379.0,6814.0,Annual,UPI,DSL,0,0,84.0,21,166,2,10,1,8,South,1,Yes,Dark,Not Offered,0
C2192,47,Male,13,717.0,5778.0,Annual,Debit Card,Fiber,6,3,93.0,25,180,4,15,0,2,North,0,Yes,System,Rejected,1
C2193,33,Male,21,781.0,13921.0,Annual,UPI,DSL,6,3,75.0,20,164,3,15,0,2,West,1,Yes,Dark,Rejected,1
C2194,24,Male,34,721.0,20839.0,Two Year,Debit Card,Fiber,1,1,106.0,4,207,1,15,0,9,East,0,Yes,Dark,Not Offered,0
C2195,28,Female,24,379.0,9360.0,Annual,Credit Card,Fiber,2,1,76.0,3,163,2,15,0,8,East,0,Yes,Light,Not Offered,0
C2196,37,Female,25,762.0,19028.0,Monthly,UPI,Fiber,6,1,114.0,3,218,3,0,2,4,South,1,Yes,Light,Rejected,1
C2197,33,Female,41,655.0,25498.0,Two Year,UPI,Fiber,2,1,42.0,4,116,3,5,0,9,East,1,Yes,System,Not Offered,0
C2198,42,Female,20,548.0,10380.0,Monthly,NetBanking,Fiber,1,1,114.0,1,184,1,5,0,6,West,1,No,Light,Not Offered,0
C2199,66,Male,22,737.0,13776.0,Monthly,UPI,Fiber,6,1,187.0,1,343,2,15,1,4,East,3,Yes,Dark,Rejected,1
C2200,35,Male,14,668.0,8840.0,Annual,UPI,Fiber,4,0,95.0,4,180,4,5,3,8,West,1,Yes,Light,Not Offered,0
C2201,18,Female,24,565.0,13548.0,Monthly,UPI,None,1,1,76.0,6,143,3,0,0,5,South,0,Yes,Light,Not Offered,0
C2202,55,Female,32,699.0,22408.0,Two Year,Credit Card,DSL,0,0,89.0,5,190,5,0,1,10,West,0,Yes,Dark,Not Offered,0
C2203,64,Male,22,569.0,11923.0,Monthly,UPI,Fiber,4,1,114.0,0,223,3,5,0,5,West,0,Yes,Dark,Rejected,1
C2204,54,Male,14,503.0,6698.0,Monthly,UPI,Fiber,1,1,168.0,9,289,2,5,0,6,North,1,No,Light,Rejected,1
C2205,18,Male,26,545.0,10624.0,Monthly,UPI,DSL,0,0,100.0,0,166,1,25,1,9,North,0,Yes,System,Not Offered,0
C2206,34,Male,21,582.0,11606.0,Monthly,Credit Card,Fiber,3,1,65.0,14,133,2,5,0,6,South,2,No,Dark,Not Offered,0
C2207,27,Male,13,971.0,10081.0,Annual,Debit Card,Fiber,0,0,111.0,5,220,3,20,0,9,North,1,Yes,System,Not Offered,0
C2208,53,Male,36,987.0,31960.0,Annual,Credit Card,Fiber,1,0,106.0,1,192,3,10,0,9,South,1,Yes,Light,Not Offered,0
C2209,49,Female,28,945.0,26443.0,Annual,UPI,DSL,0,0,121.0,0,231,4,0,0,9,South,1,No,System,Not Offered,0
C2210,69,Male,39,545.0,19111.0,Annual,Credit Card,DSL,3,0,102.0,23,226,1,10,0,9,South,0,No,Dark,Not Offered,0
C2211,38,Male,39,663.0,25851.0,Monthly,Debit Card,Fiber,1,0,101.0,10,181,1,0,0,9,South,2,No,Light,Not Offered,0
C2212,25,Male,27,746.0,20140.0,Two Year,Credit Card,Fiber,1,0,114.0,8,148,1,0,1,9,West,0,No,System,Not Offered,0
C2213,51,Female,27,660.0,16920.0,Annual,UPI,Fiber,0,0,123.0,9,202,2,5,0,9,South,0,No,Dark,Not Offered,0
C2214,50,Male,8,325.0,2460.0,Monthly,Debit Card,Fiber,2,1,148.0,31,285,2,5,0,5,West,2,No,Light,Rejected,1
C2215,31,Female,51,730.0,37234.0,Annual,UPI,Fiber,0,0,88.0,1,177,3,0,0,9,South,0,Yes,Light,Not Offered,0
C2216,18,Male,24,601.0,16221.0,Annual,NetBanking,Fiber,3,0,114.0,1,219,2,0,0,8,West,0,Yes,Dark,Not Offered,0
C2217,45,Female,13,655.0,6382.0,Annual,NetBanking,Fiber,1,0,73.0,1,127,3,25,0,10,North,3,Yes,Dark,Not Offered,0
C2218,44,Female,51,424.0,17307.0,Monthly,Debit Card,Fiber,0,0,139.0,9,265,4,20,0,10,North,0,Yes,System,Not Offered,0
C2219,45,Female,43,900.0,38745.0,Annual,UPI,Fiber,0,0,136.0,1,296,3,0,2,10,North,1,Yes,Light,Not Offered,0
C2220,44,Male,21,527.0,9943.0,Annual,Credit Card,Fiber,1,0,119.0,9,231,3,10,0,8,East,0,Yes,Light,Not Offered,0
C2221,59,Female,6,659.0,3949.0,Two Year,UPI,Fiber,3,1,163.0,8,286,3,0,0,7,South,1,No,System,Not Offered,0
C2222,30,Female,30,562.0,16867.0,Annual,Debit Card,Fiber,3,2,117.0,7,208,1,0,0,5,South,0,Yes,System,Rejected,1
C2223,47,Male,5,785.0,3912.0,Two Year,UPI,Fiber,0,0,72.0,20,143,3,0,0,9,East,0,Yes,Dark,Not Offered,0
C2224,52,Female,24,318.0,13515.0,Monthly,Credit Card,DSL,3,1,133.0,8,252,3,15,0,7,North,1,Yes,Light,Not Offered,0
C2225,33,Female,72,725.0,52200.0,Annual,UPI,DSL,3,0,106.0,4,196,2,0,0,9,East,0,No,System,Not Offered,0
C2226,42,Male,30,826.0,24771.0,Two Year,UPI,Fiber,3,1,92.0,2,179,2,0,0,7,South,0,No,Light,Not Offered,0
C2227,51,Female,8,652.0,4688.0,Two Year,Credit Card,Fiber,1,1,99.0,10,184,5,10,0,8,West,0,Yes,Light,Not Offered,0
C2228,38,Female,31,690.0,19259.0,Monthly,Credit Card,DSL,2,0,29.0,3,58,3,10,0,7,North,0,No,Light,Not Offered,0
C2229,46,Female,31,679.0,17882.0,Monthly,UPI,Fiber,2,1,66.0,1,139,3,15,2,6,West,0,Yes,System,Not Offered,0
C2230,34,Female,43,715.0,29219.0,Annual,Credit Card,Fiber,1,1,78.0,4,154,3,5,0,9,South,1,No,Dark,Not Offered,0
C2231,34,Female,24,648.0,46683.0,Two Year,UPI,Fiber,4,1,73.0,6,143,4,0,2,6,East,2,Yes,System,Not Offered,0
C2232,35,Male,16,828.0,13228.0,Annual,Debit Card,DSL,4,2,157.0,0,273,1,0,0,4,North,2,No,Light,Rejected,1
C2233,50,Male,46,887.0,38725.0,Monthly,Credit Card,Fiber,1,0,117.0,12,188,3,5,0,9,North,1,No,System,Not Offered,0
C2234,47,Female,11,511.0,5352.0,Monthly,UPI,DSL,2,1,97.0,13,210,2,5,1,5,North,1,Yes,System,Not Offered,0
C2235,41,Male,18,712.0,12871.0,Monthly,UPI,DSL,1,1,183.0,1,336,2,0,3,6,West,0,Yes,Light,Not Offered,0
C2236,51,Male,17,830.0,14137.0,Two Year,NetBanking,DSL,2,1,85.0,0,156,6,0,0,7,South,2,Yes,Light,Not Offered,0
C2237,48,Male,19,646.0,11643.0,Annual,Debit Card,Fiber,0,0,104.0,0,212,4,5,2,9,North,0,No,Light,Not Offered,0
C2238,34,Female,29,945.0,21895.0,Annual,Credit Card,Fiber,2,1,93.0,10,204,4,20,1,7,North,2,No,System,Not Offered,0
C2239,51,Male,36,649.0,22190.0,Monthly,Credit Card,Fiber,2,1,112.0,1,211,5,5,0,6,West,0,Yes,System,Not Offered,0
C2240,55,Male,6,400.0,2163.0,Monthly,NetBanking,Fiber,4,2,163.0,2,302,4,10,0,4,West,0,No,Dark,Not Offered,1
C2241,51,Male,25,753.0,16946.0,Two Year,Debit Card,None,0,0,68.0,13,145,1,10,0,10,West,2,No,Light,Accepted,0
C2242,26,Male,22,564.0,11817.0,Monthly,UPI,Fiber,2,1,114.0,15,225,3,5,2,6,North,1,Yes,Dark,Accepted,0
C2243,30,Female,36,1414.0,45795.0,Monthly,Credit Card,DSL,3,1,69.0,1,155,3,10,1,6,East,0,No,System,Not Offered,0
C2244,27,Female,33,877.0,28957.0,Monthly,NetBanking,Fiber,1,1,92.0,4,180,4,0,0,6,South,2,Yes,System,Not Offered,0
C2245,36,Female,27,673.0,18189.0,Two Year,UPI,Fiber,0,0,133.0,4,262,3,0,1,10,North,1,Yes,Dark,Not Offered,0
C2246,40,Female,24,725.0,3917.0,Monthly,UPI,Fiber,2,1,158.0,0,305,3,10,0,6,West,1,No,Light,Not Offered,0
C2247,32,Male,30,642.0,16369.0,Two Year,UPI,Fiber,0,0,167.0,3,334,3,15,0,10,North,0,No,System,Not Offered,0
C2248,41,Female,37,553.0,20436.0,Two Year,NetBanking,DSL,0,0,147.0,1,248,2,0,1,10,West,1,No,System,Not Offered,0
C2249,39,Female,13,787.0,9727.0,Annual,Credit Card,Fiber,4,1,86.0,0,169,3,5,0,8,East,3,No,Dark,Not Offered,0
C2250,19,Male,32,748.0,22742.0,Annual,NetBanking,Fiber,1,0,113.0,10,208,1,5,1,9,East,3,No,System,Not Offered,0
C2251,54,Male,56,678.0,34168.0,Monthly,Debit Card,Fiber,2,1,110.0,17,212,3,10,1,7,West,2,No,Light,Not Offered,0
C2252,44,Male,24,685.0,7692.0,Annual,UPI,Fiber,1,0,121.0,4,227,1,25,3,9,East,1,Yes,Dark,Not Offered,0
C2253,33,Male,29,794.0,20738.0,Annual,NetBanking,Fiber,0,0,95.0,1,162,4,10,1,10,East,2,No,Light,Not Offered,0
C2254,37,Female,24,538.0,18399.0,Two Year,UPI,Fiber,1,1,178.0,1,329,3,5,0,8,West,0,Yes,Light,Not Offered,0
C2255,38,Female,16,358.0,5441.0,Annual,Credit Card,DSL,0,0,48.0,6,113,1,5,1,10,North,0,Yes,System,Not Offered,0
C2256,29,Female,34,807.0,26071.0,Monthly,Credit Card,DSL,2,1,130.0,1,215,3,5,0,5,West,0,Yes,System,Not Offered,0
C2257,45,Female,15,1023.0,15344.0,Two Year,Debit Card,DSL,3,2,101.0,1,161,3,0,0,5,East,3,Yes,System,Not Offered,0
C2258,63,Male,29,697.0,20225.0,Annual,UPI,DSL,1,0,96.0,7,176,3,0,1,9,South,0,Yes,System,Not Offered,0
C2259,36,Male,8,722.0,5187.0,Monthly,Debit Card,Fiber,1,1,67.0,4,129,2,10,0,6,West,2,No,System,Not Offered,0
C2260,25,Male,32,414.0,13219.0,Annual,Credit Card,DSL,4,1,84.0,0,172,3,0,2,6,East,0,No,System,Not Offered,0
C2261,61,Female,16,955.0,15301.0,Monthly,UPI,DSL,1,0,94.0,5,177,2,0,3,8,East,0,Yes,System,Not Offered,0
C2262,39,Female,18,377.0,6109.0,Monthly,Debit Card,DSL,1,0,101.0,2,163,4,10,1,9,South,1,Yes,Dark,Not Offered,0
C2263,24,Female,8,710.0,5097.0,Two Year,NetBanking,Fiber,1,0,67.0,17,123,3,10,1,10,West,3,No,Light,Not Offered,0
C2264,26,Female,24,735.0,14132.0,Monthly,UPI,Fiber,0,0,69.0,11,124,2,20,0,9,West,0,No,System,Not Offered,0
C2265,41,Male,13,470.0,5808.0,Monthly,UPI,Fiber,1,1,101.0,24,187,2,5,3,7,South,1,No,Dark,Not Offered,0
C2266,53,Male,19,695.0,12522.0,Monthly,Credit Card,DSL,2,1,127.0,8,234,3,5,0,6,South,1,No,System,Not Offered,0
C2267,26,Male,45,778.0,34999.0,Monthly,Credit Card,Fiber,0,0,171.0,0,320,1,0,0,9,North,1,No,Dark,Not Offered,0
C2268,31,Male,53,717.0,40961.0,Two Year,NetBanking,Fiber,1,0,192.0,0,333,2,0,1,10,West,0,No,Light,Not Offered,0
C2269,47,Male,5,516.0,2601.0,Monthly,UPI,Fiber,1,1,146.0,18,255,3,0,0,5,North,0,Yes,Dark,Rejected,1
C2270,49,Female,12,793.0,8086.0,Two Year,Credit Card,DSL,5,2,118.0,13,227,2,15,5,5,South,2,No,Dark,Rejected,1
C2271,68,Male,18,591.0,10659.0,Annual,NetBanking,DSL,4,3,93.0,15,163,2,0,1,3,South,0,Yes,System,Rejected,1
C2272,68,Male,36,542.0,17554.0,Monthly,Credit Card,Fiber,2,1,116.0,10,228,1,10,1,7,North,1,Yes,Dark,Not Offered,0
C2273,18,Female,15,700.0,10492.0,Monthly,NetBanking,Fiber,5,1,126.0,6,240,2,0,1,4,North,1,Yes,System,Rejected,1
C2274,54,Female,19,539.0,10243.0,Annual,Credit Card,DSL,4,1,79.0,11,177,3,0,1,6,North,0,Yes,Dark,Not Offered,0
C2275,48,Male,30,735.0,19827.0,Two Year,UPI,DSL,0,0,91.0,1,170,3,10,2,10,East,0,No,Dark,Not Offered,0
C2276,28,Female,34,725.0,24652.0,Monthly,UPI,Fiber,3,1,95.0,3,182,3,0,0,6,West,0,No,Dark,Accepted,0
C2277,40,Female,24,764.0,15252.0,Two Year,UPI,Fiber,4,2,108.0,4,211,1,0,2,5,North,1,Yes,System,Not Offered,0
C2278,29,Male,21,393.0,7421.0,Two Year,NetBanking,DSL,1,0,5000.0,17,290,2,10,0,10,East,0,No,Light,Not Offered,0
C2279,40,Male,16,801.0,12838.0,Monthly,UPI,Fiber,1,0,127.0,3,235,4,0,0,8,South,1,No,Dark,Not Offered,0
C2280,52,Female,24,688.0,13083.0,Monthly,Debit Card,Fiber,1,1,102.0,5,182,2,0,1,6,North,0,No,System,Not Offered,0
C2281,37,Male,65,426.0,26315.0,Annual,Debit Card,Fiber,1,0,89.0,17,180,2,5,1,10,North,1,Yes,Dark,Not Offered,0
C2282,38,Male,24,552.0,24834.0,Annual,Credit Card,DSL,1,0,142.0,2,275,3,0,1,8,South,0,No,System,Not Offered,0
C2283,59,Male,28,598.0,13424.0,Monthly,Credit Card,Fiber,2,1,127.0,0,245,1,20,0,6,North,0,Yes,System,Not Offered,0
C2284,39,Male,6,435.0,2446.0,Monthly,UPI,Fiber,2,1,153.0,2,289,4,5,0,6,North,0,Yes,System,Not Offered,0
C2285,58,Male,24,913.0,21906.0,Annual,Credit Card,Fiber,2,0,5000.0,27,177,2,0,0,9,South,1,Yes,Light,Not Offered,0
C2286,53,Female,24,972.0,22161.0,Monthly,UPI,DSL,0,0,55.0,31,87,5,5,0,8,North,0,No,Dark,Not Offered,0
C2287,46,Male,65,642.0,37540.0,Monthly,Credit Card,Fiber,999,0,156.0,3,278,1,10,0,9,East,0,No,Light,Not Offered,0
C2288,50,Female,33,701.0,23141.0,Annual,UPI,DSL,4,1,194.0,1,341,2,0,0,6,West,1,No,Light,Not Offered,0
C2289,32,Male,53,977.0,46609.0,Monthly,Credit Card,DSL,3,0,80.0,6,164,3,10,4,8,West,1,Yes,Light,Not Offered,0
C2290,45,Female,67,583.0,35161.0,Monthly,Credit Card,DSL,1,0,65.0,31,140,3,10,0,9,South,0,Yes,Dark,Not Offered,0
C2291,32,Female,34,384.0,12428.0,Annual,NetBanking,DSL,1,1,88.0,3,181,2,5,0,8,East,0,Yes,Dark,Not Offered,0
C2292,44,Female,38,673.0,24286.0,Annual,UPI,DSL,1,0,146.0,7,289,3,5,0,10,South,1,Yes,Light,Not Offered,0
C2293,24,Female,60,649.0,33068.0,Monthly,Credit Card,DSL,2,1,72.0,6,134,3,15,0,7,West,0,Yes,Dark,Not Offered,0
C2294,35,Male,25,949.0,23751.0,Monthly,Debit Card,Fiber,0,0,90.0,4,168,3,0,2,9,West,0,No,Dark,Not Offered,0
C2295,47,Male,13,887.0,11556.0,Monthly,Credit Card,Fiber,3,2,152.0,3,266,4,0,3,4,West,0,No,Dark,Rejected,1
C2296,55,Male,21,868.0,16423.0,Monthly,UPI,DSL,3,1,88.0,4,182,5,10,1,6,West,0,No,Light,Not Offered,0
C2297,38,Female,15,591.0,8395.0,Monthly,UPI,DSL,2,1,96.0,21,198,4,5,0,6,South,2,Yes,System,Not Offered,0
C2298,65,Male,29,779.0,21468.0,Two Year,Debit Card,Fiber,0,0,175.0,4,302,2,5,1,10,South,1,Yes,Dark,Not Offered,0
C2299,38,Female,19,655.0,12464.0,Two Year,Credit Card,Fiber,3,1,102.0,0,188,2,0,0,6,North,0,Yes,Light,Not Offered,0
C2300,38,Female,10,568.0,5094.0,Monthly,UPI,DSL,4,1,67.0,1,121,4,10,4,5,East,0,Yes,System,Rejected,1
C2301,42,Male,18,800.0,12950.0,Monthly,Credit Card,Fiber,1,0,161.0,5,286,3,10,1,8,West,2,Yes,Light,Not Offered,0
C2302,36,Male,8,690.0,5272.0,Monthly,NetBanking,Fiber,2,1,90.0,4,155,2,5,1,6,South,1,No,Light,Not Offered,0
C2303,35,Male,38,717.0,21661.0,Annual,Debit Card,DSL,3,0,107.0,0,198,1,10,0,9,North,1,No,System,Not Offered,0
C2304,43,Female,72,644.0,46384.0,Annual,NetBanking,Fiber,2,1,118.0,17,234,1,0,0,7,East,3,No,System,Not Offered,0
C2305,39,Female,16,770.0,11094.0,Monthly,UPI,Fiber,3,2,136.0,14,244,2,10,2,4,North,0,Yes,Light,Rejected,1
C2306,38,Female,50,832.0,33291.0,Two Year,Credit Card,Fiber,1,0,117.0,5,243,3,20,0,10,North,1,No,Dark,Not Offered,0
C2307,40,Male,46,716.0,31295.0,Two Year,NetBanking,DSL,0,0,190.0,0,328,1,5,0,10,North,0,Yes,Dark,Not Offered,0
C2308,35,Female,27,1074.0,28987.0,Annual,UPI,Fiber,0,0,97.0,2,186,2,0,2,9,East,0,Yes,Dark,Not Offered,0
C2309,54,Female,62,838.0,46796.0,Monthly,Credit Card,Fiber,7,1,46.0,6,113,2,10,3,4,South,0,Yes,Dark,Rejected,1
C2310,36,Female,52,717.0,23165.0,Monthly,NetBanking,Fiber,0,0,125.0,5,219,2,5,0,10,North,0,No,Dark,Not Offered,0
C2311,34,Female,29,717.0,17252.0,Annual,Credit Card,Fiber,2,0,126.0,20,233,2,5,3,9,West,2,Yes,System,Not Offered,0
C2312,32,Female,26,377.0,9308.0,Two Year,UPI,DSL,1,0,100.0,1,183,3,5,1,10,West,1,Yes,Dark,Not Offered,0
C2313,42,Male,48,663.0,25450.0,Two Year,UPI,Fiber,1,0,141.0,3,257,3,20,0,10,West,0,No,System,Not Offered,0
C2314,25,Female,15,699.0,10512.0,Annual,NetBanking,DSL,0,0,108.0,13,198,2,0,0,10,North,0,No,Light,Not Offered,0
C2315,50,Male,27,809.0,21822.0,Monthly,UPI,DSL,1,1,79.0,0,166,4,0,0,5,East,0,No,Dark,Not Offered,0
C2316,37,Female,19,551.0,10438.0,Monthly,UPI,Fiber,2,1,86.0,1,175,4,0,1,6,South,0,Yes,Dark,Rejected,1
C2317,33,Female,4,902.0,3420.0,Monthly,Credit Card,Fiber,1,1,86.0,0,176,1,5,7,5,North,1,Yes,Dark,Accepted,1
C2318,18,Male,69,1003.0,58812.0,Monthly,UPI,Fiber,0,0,100.0,2,203,3,15,1,10,West,0,Yes,Dark,Not Offered,0
C2319,60,Male,38,884.0,30246.0,Annual,UPI,DSL,2,1,79.0,1,138,3,10,1,8,South,0,Yes,System,Not Offered,0
C2320,54,Female,9,883.0,7582.0,Monthly,UPI,DSL,5,3,116.0,17,205,3,5,1,1,North,2,No,Dark,Rejected,1
C2321,47,Male,65,836.0,51621.0,Monthly,UPI,Fiber,0,0,137.0,2,248,3,5,0,9,West,0,No,Dark,Not Offered,0
C2322,49,Female,23,863.0,15863.0,Two Year,Debit Card,DSL,2,0,118.0,4,222,3,20,0,10,South,1,Yes,Light,Not Offered,0
C2323,62,Male,26,621.0,15350.0,Two Year,Credit Card,Fiber,1,1,106.0,1,191,1,5,1,8,South,2,No,Light,Not Offered,0
C2324,44,Female,32,703.0,19126.0,Two Year,Credit Card,Fiber,4,2,102.0,12,191,2,15,0,6,East,0,No,System,Not Offered,0
C2325,33,Female,28,803.0,20241.0,Monthly,UPI,Fiber,0,0,140.0,0,285,2,10,0,8,West,2,No,Light,Not Offered,0
C2326,71,Male,3,520.0,1458.0,Annual,Credit Card,Fiber,1,1,114.0,3,246,5,5,0,7,East,1,No,Dark,Not Offered,0
C2327,52,Female,29,483.0,12631.0,Monthly,UPI,DSL,4,2,185.0,10,343,5,10,1,4,South,1,Yes,System,Rejected,1
C2328,33,Male,31,737.0,22841.0,Annual,UPI,None,2,1,154.0,6,284,2,0,1,7,North,0,Yes,Light,Not Offered,0
C2329,25,Male,32,985.0,31533.0,Annual,NetBanking,Fiber,4,0,164.0,9,315,3,0,1,7,East,1,No,System,Not Offered,0
C2330,39,Male,19,774.0,13195.0,Monthly,UPI,Fiber,0,0,88.0,2,185,2,10,0,8,West,0,Yes,Light,Not Offered,0
C2331,30,Female,32,640.0,16400.0,Annual,Credit Card,DSL,2,0,113.0,4,206,3,20,1,9,West,0,No,System,Not Offered,0
C2332,39,Female,40,735.0,26474.0,Two Year,Credit Card,DSL,1,0,115.0,17,205,5,10,0,10,South,2,No,System,Not Offered,0
C2333,35,Female,19,476.0,7667.0,Two Year,UPI,Fiber,1,1,66.0,2,136,5,15,2,9,South,1,Yes,System,Accepted,0
C2334,43,Female,35,808.0,25485.0,Annual,NetBanking,Fiber,1,0,137.0,3,247,2,10,0,9,North,1,No,System,Not Offered,0
C2335,56,Female,18,959.0,15523.0,Monthly,UPI,Fiber,2,1,154.0,4,285,4,10,0,6,West,0,Yes,Light,Not Offered,0
C2336,52,Female,11,779.0,7699.0,Two Year,Credit Card,DSL,6,3,44.0,25,79,3,10,0,8,North,0,No,Dark,Rejected,1
C2337,54,Male,23,658.0,14369.0,Annual,UPI,DSL,0,0,114.0,2,289,2,5,0,9,North,0,Yes,System,Not Offered,0
C2338,62,Female,43,411.0,16776.0,Monthly,UPI,Fiber,3,0,146.0,2,271,3,5,0,7,East,1,No,System,Not Offered,0
C2339,47,Male,20,772.0,14680.0,Annual,UPI,Fiber,0,0,131.0,5,219,2,5,0,9,West,1,No,System,Not Offered,0
C2340,31,Female,25,676.0,15211.0,Monthly,UPI,Fiber,1,1,115.0,22,213,2,10,0,6,West,1,Yes,Light,Not Offered,0
C2341,26,Male,20,954.0,17204.0,Annual,NetBanking,DSL,0,0,108.0,10,188,1,10,0,10,South,2,Yes,System,Not Offered,0
C2342,24,Female,10,1123.0,9546.0,Annual,NetBanking,DSL,0,0,114.0,1,312,4,15,2,10,North,1,No,System,Not Offered,0
C2343,63,Female,18,601.0,10840.0,Annual,NetBanking,Fiber,5,3,124.0,17,225,4,0,0,2,East,0,No,Dark,Rejected,1
C2344,41,Male,14,893.0,12475.0,Monthly,Debit Card,Fiber,3,1,78.0,18,140,3,0,0,5,North,1,No,System,Rejected,1
C2345,26,Male,22,844.0,16698.0,Monthly,UPI,Fiber,0,0,131.0,14,242,1,10,0,8,South,0,Yes,Dark,Not Offered,0
C2346,46,Female,39,864.0,33735.0,Annual,NetBanking,DSL,2,0,127.0,9,217,2,0,0,9,South,0,Yes,Light,Not Offered,0
C2347,47,Female,14,941.0,11194.0,Two Year,NetBanking,Fiber,0,0,55.0,11,105,2,15,1,10,East,1,No,Dark,Not Offered,0
C2348,66,Male,8,616.0,4724.0,Annual,Credit Card,Fiber,1,1,177.0,8,324,3,5,2,7,South,0,Yes,Light,Not Offered,0
C2349,44,Female,45,703.0,30059.0,Annual,NetBanking,DSL,2,0,116.0,16,217,3,5,2,10,South,1,Yes,Light,Not Offered,0
C2350,65,Female,39,677.0,26402.0,Monthly,UPI,Fiber,0,0,160.0,1,306,4,0,0,9,North,1,Yes,Light,Accepted,0
C2351,65,Male,34,744.0,24009.0,Two Year,NetBanking,DSL,0,0,115.0,4,222,5,5,0,10,East,0,No,Dark,Not Offered,0
C2352,34,Male,24,632.0,10243.0,Annual,NetBanking,Fiber,0,0,75.0,15,146,1,10,0,9,North,0,No,Dark,Not Offered,0
C2353,53,Female,45,1076.0,43584.0,Monthly,Debit Card,Fiber,1,0,142.0,2,248,2,10,1,8,West,0,No,System,Not Offered,0
C2354,56,Male,27,829.0,21295.0,Monthly,Credit Card,Fiber,1,1,133.0,14,246,3,5,1,6,East,0,No,System,Not Offered,0
C2355,31,Female,43,791.0,30617.0,Annual,Debit Card,Fiber,0,0,175.0,0,309,1,10,0,10,North,1,Yes,Light,Not Offered,0
C2356,38,Male,61,649.0,33660.0,Annual,UPI,DSL,0,0,163.0,4,330,4,15,1,10,North,1,No,Dark,Not Offered,0
C2357,35,Female,21,717.0,13616.0,Monthly,UPI,DSL,4,0,101.0,13,186,2,20,0,7,East,2,No,System,Not Offered,0
C2358,58,Male,35,717.0,12991.0,Two Year,NetBanking,Fiber,5,1,84.0,12,169,4,5,2,6,West,0,Yes,Dark,Not Offered,0
C2359,51,Male,8,521.0,3969.0,Two Year,UPI,Fiber,1,0,91.0,4,180,2,5,1,9,North,1,No,Dark,Not Offered,0
C2360,51,Female,29,436.0,11345.0,Annual,UPI,Fiber,0,0,138.0,19,239,4,10,0,10,South,2,No,Light,Not Offered,0
C2361,36,Male,22,596.0,13107.0,Monthly,Credit Card,Fiber,1,1,123.0,5,259,3,0,1,6,North,1,Yes,Light,Not Offered,0
C2362,46,Female,34,440.0,14183.0,Two Year,Credit Card,Fiber,1,1,136.0,22,269,3,5,2,9,West,1,Yes,System,Not Offered,0
C2363,29,Female,20,753.0,14319.0,Two Year,UPI,DSL,2,0,138.0,1,248,5,5,0,9,South,1,Yes,Dark,Not Offered,0
C2364,45,Female,53,904.0,45498.0,Monthly,UPI,DSL,1,1,92.0,2,180,1,5,0,6,South,0,Yes,Dark,Not Offered,0
C2365,37,Female,32,672.0,21495.0,Annual,Credit Card,DSL,1,2,94.0,19,187,3,0,0,3,South,1,No,Light,Rejected,1
C2366,66,Male,33,837.0,27634.0,Two Year,UPI,None,2,0,99.0,3,211,3,0,1,9,South,0,Yes,Dark,Not Offered,0
C2367,40,Male,50,697.0,31342.0,Monthly,UPI,Fiber,0,0,168.0,7,312,1,10,1,9,East,0,Yes,System,Not Offered,0
C2368,50,Male,14,782.0,10927.0,Annual,UPI,Fiber,2,1,128.0,6,235,4,0,0,7,East,1,Yes,System,Not Offered,0
C2369,46,Male,22,664.0,13857.0,Monthly,Credit Card,DSL,2,1,53.0,3,86,3,5,0,6,West,1,No,System,Not Offered,0
C2370,22,Male,30,911.0,24598.0,Annual,UPI,Fiber,2,0,176.0,4,325,3,10,0,9,East,0,Yes,Dark,Not Offered,0
C2371,38,Female,43,728.0,29731.0,Monthly,UPI,Fiber,1,0,143.0,2,257,3,5,0,9,North,1,No,Dark,Not Offered,0
C2372,27,Female,24,606.0,5164.0,Annual,Credit Card,DSL,3,2,114.0,7,198,4,15,0,5,South,0,No,Light,Not Offered,0
C2373,45,Female,18,842.0,12893.0,Annual,UPI,Fiber,3,2,66.0,3,130,2,15,1,5,North,1,Yes,Dark,Not Offered,0
C2374,68,Male,20,469.0,8893.0,Annual,Credit Card,Fiber,1,0,171.0,17,293,3,5,0,10,West,0,Yes,Light,Not Offered,0
C2375,34,Male,41,592.0,24291.0,Two Year,Debit Card,Fiber,0,0,152.0,17,288,2,0,0,10,South,0,Yes,Light,Not Offered,0
C2376,46,Female,22,1072.0,20080.0,Monthly,UPI,DSL,0,0,101.0,1,170,2,15,2,8,East,1,No,Dark,Not Offered,0
C2377,49,Male,11,991.0,10891.0,Annual,NetBanking,DSL,5,0,112.0,1,223,2,0,5,7,South,0,Yes,System,Not Offered,0
C2378,72,Male,6,467.0,2638.0,Annual,Debit Card,None,2,0,72.0,17,140,1,5,2,8,West,1,No,Light,Not Offered,0
C2379,18,Male,27,902.0,24368.0,Monthly,Credit Card,Fiber,3,0,126.0,2,230,3,0,0,7,South,1,No,Light,Not Offered,0
C2380,52,Male,27,716.0,19327.0,Annual,Debit Card,DSL,4,2,46.0,1,125,3,0,0,4,East,0,Yes,Dark,Not Offered,0
C2381,35,Male,32,349.0,10059.0,Monthly,Credit Card,Fiber,4,1,98.0,18,199,2,10,2,6,West,0,Yes,Light,Accepted,1
C2382,50,Male,23,689.0,14249.0,Annual,UPI,Fiber,0,0,67.0,13,163,3,10,0,10,South,0,No,Light,Not Offered,0
C2383,55,Male,12,761.0,7768.0,Annual,UPI,DSL,3,2,20.0,5,70,2,15,0,8,North,0,Yes,Dark,Not Offered,0
C2384,51,Male,14,747.0,9943.0,Monthly,UPI,Fiber,2,1,146.0,2,278,2,5,1,6,North,3,Yes,Light,Not Offered,0
C2385,51,Female,70,963.0,64055.0,Monthly,Debit Card,Fiber,0,0,102.0,6,164,2,5,0,9,North,0,Yes,System,Not Offered,0
C2386,60,Female,62,519.0,30581.0,Annual,UPI,Fiber,1,1,170.0,1,320,2,5,0,9,North,0,No,Dark,Not Offered,0
C2387,42,Male,24,574.0,15820.0,Monthly,UPI,Fiber,3,1,150.0,2,269,3,5,0,6,West,0,Yes,System,Not Offered,0
C2388,42,Male,60,753.0,42935.0,Monthly,UPI,Fiber,4,0,79.0,0,173,2,5,0,7,North,0,Yes,Dark,Not Offered,0
C2389,55,Female,17,676.0,11487.0,Monthly,Credit Card,DSL,3,1,182.0,5,339,4,0,0,5,South,0,No,Light,Not Offered,0
C2390,46,Female,37,856.0,30102.0,Annual,NetBanking,Fiber,0,0,100.0,12,189,3,5,0,10,East,1,No,Light,Not Offered,0
C2391,50,Male,37,436.0,15355.0,Monthly,UPI,Fiber,1,1,132.0,6,246,3,5,1,7,South,2,Yes,System,Not Offered,0
C2392,39,Female,18,694.0,11879.0,Two Year,UPI,Fiber,1,0,113.0,14,188,2,5,1,10,South,2,Yes,System,Not Offered,0
C2393,45,Female,24,507.0,2569.0,Annual,NetBanking,DSL,1,0,117.0,17,225,3,15,0,9,East,2,Yes,Light,Not Offered,0
C2394,53,Female,24,340.0,7772.0,Annual,UPI,Fiber,1,0,91.0,0,179,3,5,1,9,West,2,No,System,Not Offered,0
C2395,40,Male,21,488.0,8701.0,Monthly,Credit Card,DSL,5,0,165.0,2,311,3,15,0,6,North,0,No,Light,Not Offered,0
C2396,50,Male,38,491.0,18665.0,Monthly,NetBanking,Fiber,1,0,118.0,16,226,4,0,0,9,East,1,No,Dark,Not Offered,0
C2397,56,Female,23,578.0,11935.0,Monthly,Debit Card,None,0,0,136.0,9,267,1,10,2,9,North,3,Yes,System,Not Offered,0
C2398,23,Female,12,924.0,10559.0,Monthly,UPI,Fiber,1,0,190.0,0,344,3,5,1,8,West,2,No,System,Not Offered,0
C2399,44,Male,21,727.0,13701.0,Annual,Credit Card,Fiber,0,0,185.0,5,331,5,10,1,9,East,1,No,Light,Not Offered,0
C2400,56,Male,18,684.0,11074.0,Annual,Credit Card,Fiber,0,0,140.0,9,273,2,10,0,10,North,1,Yes,Dark,Not Offered,0
