customer_id,age,gender,tenure_months,monthly_bill,total_bill,contract_type,payment_method,internet_plan,support_calls,complaints,usage_hours,last_login_days,data_usage_gb,num_devices,discount_percent,late_payments,satisfaction_score,region,plan_upgrade_count,paperless_billing,favorite_theme,retention_offer_status,churn
C2088,65,Female,,708,21558,Annual,Debit Card, Fiber ,0,0,196,6,353,1,5,0,10,North,2,Yes,System,Not Offered,0
C1022,58,Female,18,524,8432,Annual,UPI,DSL,1,1,183,2,349,3,10,3,8,SOUTH,0,Yes,Dark,Not Offered,0
C1456,35,Female,20,770,15400,Monthly,UPI,Fiber,0,0,102,0,175,3,0,0,8,West,0,Yes,Dark,Not Offered,0
C1734,55,Male,72,769,44312,Annual,UPI,fiber,0,0,59,3,139,2,20,0,10,South,0,Yes,System,Not Offered,0
C2278,29,Male,21,393,7421,Two Year,Net Banking,DSL,1,0,5000,17,290,2,10,0,10,East,0,No,Light,Not Offered,0
C0536,49,Male,31,628,18502,Monthly,NetBanking,DSL,2,0,138,5,258,2,5,0,7,East,2,No,Dark,Not Offered,0
C0422,39,male,53,486,25724,Monthly,,DSL,0,0,53,23,143,2,0,0,9,South,3,Yes,Dark,Accepted,0
C0190,32,male,41,596,23235,Month-to-Month,Credit Card,DSL,,1,110,5,206,1,5,0,7,West,1,No,Light,Not Offered,0
C1197,32, Male ,66,899,47493,Annual,Credit Card,Fiber,2,1,163,10,271,4,20,0,9,South,2,Yes,Dark,Not Offered,0
C0299,43,F,1,,501,Two Year,Debit card,DSL,1,0,131,9,270,2,5,1,9,West,0,No,System,Not Offered,0
C0181,33,Male,34,888,25660,Monthly,Credit Card,Fiber,1,1,113,20,224,5,15,2,7,East,0,Yes,Dark,Not Offered,0
C1447,36,Male,20,1069,17086,Annual,Credit Card,Fiber,0,0,118,9,203,3,20,1,10,North,1,Yes,Light,Not Offered,0
C2237,48,male,19,646,11643,Annual,Debit Card,Fiber,0,0,104,0,212,4,5,2,9,North,0,No,Light,Not Offered,0
C2332,39,Female,40,735,26474,Two Year,Card,DSL,,0,115,17,205,5,10,0,10,South,2,No,System,Not Offered,0
C1700,25,Male,53,814,43128,Annual,Credit Card,Fiber,0,0,176,0,327,3,0,0,10,West ,2,No,Light,Not Offered,0
C1837,18,Female,26,737,19141,MONTHLY,Credit Card ,Fiber,1,1,120,4,229,4,0,1,6,West,0,Yes,Dark,Not Offered,0
C0483,36,Male,26,339,"8,822",Annual,Card,None,0,0,189,5,333,2,0,0,10,South,0,No,System,Not Offered,0
C1149,39,Female,11,589,6484,Monthly,NetBanking,fiber,2,1,139,8,259,4,0,0,5,west,0,No,Dark,Accepted,1
C0662,44,Female,45,926,41666,Annual,Credit Card,Fiber,0,0,117,4,198,4,0,1,9,EAST,0,Yes,Light,Not Offered,0
C1775,28,M,25,625,15625,Two Year,UPI,FIBER,6,3,126,24,246,3,0,5,2,North,0,No,Light,Rejected,1
C2054,30,Female,11,1005,11041,Annual,Debit Card,fiber,4,0,84,0,170,2,0,0,8,North,1,Yes,System,Not Offered,0
C1683,35,Female,21,,19947,Two Year,Credit Card,DSL,1,0,91,24,183,3,5,0,10,North,1,Yes,System,Not Offered,0
C1813,46,Male,32,956,26012,MONTHLY,Credit Card,DSL,0,0,104,2,196,5,15,0,9,South,2,Yes,Light,Not Offered,0
C0927,61,Female,47,656,30858,Two Year,Credit Card,Fiber,0,0,138,9,248,4,0,0,10,East,0,Yes,Light,Not Offered,0
C1901,35,Male,37,638,23622,Monthly,Debit Card,dsl,4,0,176,5,325,4,0,1,6,West,1,Yes,System,Rejected,1
C1123,40,male,23,515,11271,Monthly,Credit Card,DSL,0,0,134,21,259,2,5%,0,8,West,0,Yes,Dark,Not Offered,0
C2351,65,Male,34,744,24009,Two Year,NetBanking,DSL,0,0,115,4,222,5,5,0,10,east,0,No,Dark,Not Offered,0
C2394,53,Female,24,340,7772,Annual,UPI,Fiber,1,0,91,0,179,3,5,1,9,West,2,No,System,Not Offered,0
C1904,34,Male,,730,"18,017",Monthly,Credit Card,DSL,0,0,161,12,282,4,5,3,8,North,0,No,Dark,Not Offered,0
C0048,44,Female,34,868,28038,Annual,UPI,Fiber,1,0,153,3,264,5,5,0,9,North,2,Yes,System,Not Offered,0
C2305,39,Female,16,770,11094,Monthly,UPI,Fiber,3,2,136,14,244,2,10,2,4,North,0,Yes,Light,Rejected,1
C0046,53,Female,38,772,"29,295",Monthly,NetBanking,DSL,1,0,135,24,233,2,0,1,,West,0,Yes,Dark,Not Offered,0
C2372,27,Female,,606,5164,Annual,Credit Card,dsl,3,2,114,7,198,4,15,0,5,South,0,No,Light,Not Offered,0
C2034,47,Male,48,915,41738,Annual,UPI,DSL,0,0,173,24,323,2,5,0,10,South,0,No,System,Not Offered,0
C1059,47,Male,23,931,20328,ANNUAL,Credit Card,Fiber,2,1,163,3,298,4,5,1,6,West,1,Yes,Dark,Not Offered,0
C1156,52,Female,16,709,10241,Annual,debit card,DSL,4,0,134,8,251,2,10,0,8,South ,2,Yes,System,Not Offered,0
C0306,46,Female,33,674,22253,Two Year,UPI,DSL,2,1,63,6,142,2,0,0,7,South,2,Yes,System,Not Offered,0
C0735,45,Female,14,683,9074,Monthly,UPI,DSL,1,0,137,2,246,4,5,0,7,WEST,1,No,System,Not Offered,0
C0373,47,Female,49,748,"36,628",Monthly,upi,Fiber,0,0,101,26,190,1,0,0,9,North,1,No,Dark,Not Offered,0
C0937,24,Male,31,434,12111,1 Year,Card,Fiber,0,0,129,4,275,4,10,0,10,East,1,Yes,Dark,Not Offered,0
C0007,36,FEMALE,23,445,10241,Monthly,UPI,DSL,2,1,57,8,139,2,0,0,6,West,0,Yes,Light,Rejected,1
C0709,37,Male,27,724,18565,annual,,NONE,0,0,,1,185,5,5,0,9,South,1,Yes,System,Accepted,0
C0632,26,Male,72,782,47881,ANNUAL,UPI,dsl,1,1,115,1,195,1,15,4,9,South,1,No,System,Not Offered,0
C0112,41,Male,,727,"11,463",Two Year,UPI,Fiber,0,0,96,1,171,2,25,0,10,South,1,Yes,Dark,Not Offered,0
C0868,34,FEMALE,45.0,1027,43901,Annual,Net Banking, Fiber ,4,1,48,6,112,3,5,2,7,North,1,No,Light,Not Offered,0
C1613,45,Male,27,602,16239,Two Year,Credit Card,DSL,2,1,105,0,175,4,0,0,7,East,0,No,Dark,Not Offered,0
C1842,47, Male ,42,876,34957,Monthly,upi,Fiber,2,0,129,7,224,2,5,0,9,east,2,No,Light,Accepted,0
C0357,48,Male,,606,6539,Monthly,Credit Card,Dsl,,0,125,7,235,2,10%,0,9,East,0,No,Dark,Not Offered,0
C0269,20,Male,11,652,7188,Annual,NetBanking,dsl,3,1,123,3,216,1,0,0,6,East,1,Yes,Dark,Not Offered,0
C2246,40,Female,,725,3917,Monthly,UPI,Fiber,2,1,158,0,305,3,10,0,6,West,1,No,Light,Not Offered,0
C0250,47,Female,34,704,21544,Annual,NetBanking,DSL,2,0,144,4,257,4,10,0,9,North,0,Yes,Dark,Not Offered,0
C1079,37,Female,44,960,40144,Month-to-Month,NetBanking,Fiber,,0,102,8,181,3,5,1,9,West,1,Yes,System,Not Offered,0
C2076,36,Male,19,598,"8,506",Monthly,Debit Card,Fiber,2,1,89,4,194,3,25,0,6,North,2,No,System,Not Offered,0
C1524,24,Male,27,563,13683,Annual,NetBanking,DSL,3,0,172,11,291,3,10,0,8,West,0,No,Light,Not Offered,0
C0009,71,Male,23,720,16575,Monthly,UPI,None,0,0,166,3,268,5,0,0,8,South,0,No,System,Not Offered,0
C0226,41,Male,38,743,26810,Annual,UPI,DSL,3,2,125,7,240,2,5,1,6,South,0,Yes,System,Not Offered,0
C0221,40,Female,21,789,12407,One Year,credit card,Fiber,1,0,127,0,231,1,25,0,10,South,0,No,System,Not Offered,0
C0949,29,Female,2,788,1579,annual,Debit Card,DSL,0,0,131,1,247,3,0,1,9,West,1,No,Dark,Not Offered,0
C1158,29,male,28,610,15337,One Year,Credit Card,DSL,0,0,110,4,225,2,10,3,10,West,0,Yes,System,Not Offered,0
C1505,29,Female,9,714,5154,Two Year,Credit Card,None,0,0,143,3,273,1,20,0,10,North,1,No,Light,Not Offered,0
C1644,36,Male,42,506,20153,MONTHLY, upi,Fiber,3,0,121,3,223,4,5,0,8,East,0,Yes,System,Not Offered,0
C1609,43,Female,22,571,12531,Annual, upi,,7,4,139,17,234,3,0,1,1,South,1,No,Light,Rejected,1
C2007,59,Female,17,299,5113,Annual,UPI,dsl,0,0,119,0,221,2,0,0,9,north,0,No,Dark,Not Offered,0
C1290,39,Female,15,620,8818,Two Year,UPI,fiber,2,0,105,3,173,2,5,3,,West,1,Yes,Dark,Accepted,0
C0449,34,Female,19,898,"15,340",Monthly,UPI,Fiber,5,2,103,56,195,2,10,2,3,East,3,Yes,Dark,Accepted,1
C0463,33,Male,41,623,25544,Monthly,Debit Card,Fiber,0,0,69,13,111,3,0,0,9,South,0,No,Light,Not Offered,0
C1405,51,Female,57,714,"40,673",TWO YEAR,UPI,None,1,0,91,0,196,2,0,0,,west,3,No,Dark,Not Offered,0
C0901,26, Male ,26,752,16614,Two Year,UPI ,Fiber,0,0,73,9,139,2,15,0,10,South,0,No,System,Not Offered,0
C0874,64, Male ,33,864,28512,2-Year,Credit Card,DSL,1,0,,19,163,3,0,0,10,South,0,No,Dark,Not Offered,0
C1564,38,Female,54,608,32838,Monthly,NetBanking,None,1,0,115,6,211,2,0,0,9,North,0,Yes,Dark,Not Offered,0
C1394,48,Male,47,900,40209,Monthly,UPI ,Dsl,5,0,91,11,173,2,5,0,8,South,0,No,Light,Not Offered,0
C1575,36,Male,10,926,9246,Two Year,Credit Card,Fiber,,1,63,0,116,2,0,0,8,South,1,No,Light,Not Offered,0
C1673,60,Female,18,712,12784,Annual,NetBanking,Fiber,1,1,124,5,230,3,0%,0,7,South ,1,No,Light,Not Offered,0
C0879,53,Male,32,517,14068,Two Year,UPI,Fiber,0,0,116,6,245,4,15,1,10,South,0,Yes,System,Not Offered,0
C1944,26,FEMALE,16,597,9534,Monthly,Debit Card,Fiber,6,2,106,25,205,1,0,2,3,East,0,Yes,Light,Rejected,1
C0122,45,Male,26,901,23451,MONTHLY, upi,DSL,3,2,160,0,296,2,0,0,4,South,2,Yes,Light,Rejected,1
C1500,115,Male,20,1045,20879,Annual,UPI,None,3,0,83,1,155,3,0,0,8,West,0,No,Light,Not Offered,0
C0152,54,Female,48,508,24356,Annual,Debit Card,None,1,0,125,8,225,4,0,2,,South,0,Yes,System,Not Offered,0
C0885,43,Male,18,497,8480,Monthly,,Fiber,2,1,198,5,366,3,5,0,6,East,0,Yes,Dark,Not Offered,0
C1811,54,Female,22,1004,21008,2 Year,NetBanking,DSL,,2,61,0,143,1,5,0,6,West,2,Yes,System,Rejected,1
C2124,36,MALE,50,854,36309,Annual, upi,Fiber,1,0,114,17,207,3,15,0,10,South,1,Yes,Light,Not Offered,0
C1409,43,Female,,1029,5149, monthly ,NetBanking,Fiber,2,1,92,0,190,3,0,0,5,East,0,Yes,System,Rejected,1
C0104,18,Male,18,778,14018,Two Year,UPI,DSL,1,1,107,13,197,3,0,0,8,West,1,No,System,Not Offered,0
C0091,30,Female,19,470,8482,One Year,Debit Card,Fiber,,1,69,0,129,4,5,1,6,West,0,Yes,Light,Not Offered,0
C2228,38,Female,31,690,19259,Monthly,Credit Card,DSL,2,0,29,3,58,3,10,0,7,north,0,No,Light,Not Offered,0
C0813,40,Male,45,853,32650,Monthly,Debit Card,Fiber,1,1,124,2,238,1,15,1,8,West,0,Yes,System,Not Offered,0
C1325,37,Female,9,809,6195,Annual,upi,Fiber,3,2,32,1,71,2,15,0,5,East,1,No,System,Not Offered,0
C1287,20,FEMALE,20,622,11814,Monthly,Credit Card,Fiber,3,1,174,19,325,3,5,1,6,West,0,Yes,Dark,Rejected,1
C0507,40,Female,17,752,11476,Annual,NetBanking,None,2,0,141,1,258,1,10,3,9,West,0,Yes,System,Not Offered,0
C1501,41,Male,37,803,28193,Annual,upi,Dsl,0,0,158,21,297,2,5,1,10,North,2,Yes,Dark,Not Offered,0
C0430,29,Female,38.0,,24430,Monthly,Credit Card,DSL,0,0,175,4,322,3,10,0,9,North,0,Yes,Dark,Not Offered,0
C2062,38,Female,27,672,18114,Annual,Credit Card,,3,2,5000,1,256,3,0,2,5,East,1,No,System,Not Offered,0
C1267,39,Male,10,866,8667,Monthly,Credit Card,Fiber,6,2,67,33,116,2,0,0,2,North,0,Yes,Light,Rejected,1
C1864,52,Female,53,825,43730,Monthly,NETBANKING,dsl,0,0,125,4,246,4,0,1,9,North,0,No,Light,Not Offered,0
C1383,57,male,33,969,30402,1 Year,UPI,Fiber,5,1,71,4,127,1,5,0,6,North,0,Yes,Light,Not Offered,0
C0964,56,Male,43,918,37509,Monthly,NetBanking,DSL,2,0,88,10,177,3,5,3,8,South,1,No,System,Not Offered,0
C0135,44,Female,32,769,22133,Two Year,NetBanking,Fiber,3,1,95,7,150,2,10,1,8,East,2,No,Light,Accepted,0
C1236,43,Male,26,1004,24847,Two Year,NetBanking,DSL,0,0,155,4,296,2,5,0,10,West ,1,No,Light,Not Offered,0
C2143,30,Male,20,1005,19128,Monthly,Credit Card,Fiber,3,2,95,11,170,1,5,0,5,NORTH,0,No,System,Rejected,1
C1687,39,Female,12,501,5999,TWO YEAR,Credit Card,,1,1,107,0,203,3,0,2,8,North,0,Yes,Light,Not Offered,0
C0021,38,Male,43,894,34573,Annual,credit card,Fiber,8,2,77,30,152,2,10%,0,3,South ,2,No,Dark,Rejected,1
C0086,56,Female,16,647,9841,Monthly,UPI,Fiber,4,0,90,3,165,3,5,2,6,West,0,Yes,System,Rejected,1
C0811,41,Female,9,943,8512,monthly,UPI,Fiber,4,1,102,15,196,3,0,0,5,North,1,No,Dark,Rejected,1
C0645,35,Female,27,830,22404,Annual,debit card,DSL,7,2,90,17,194,2,0,1,3,East,3,Yes,Dark,Accepted,1
C1172,57,Male,,450,14398,Two Year,NetBanking,DSL,1,0,79,9,153,4,0,0,10,North,0,Yes,Dark,Not Offered,0
C0386,45,Female,22,699,14618,Two Year,UPI,Fiber,4,1,95,0,161,3,5,1,7,East,0,No,Dark,Not Offered,0
C0328,38,Male,18,570,9740,ANNUAL,Debit card,Fiber,0,0,180,3,313,3,5,1,10,North,1,No,System,Not Offered,0
C0156,36,female,36,916,31302,Two Year,credit card,None,0,0,123,1,228,2,5,0,10,North,0,No,Light,Not Offered,0
C1692,38,Male,37,695,23139,Monthly,Credit Card,Fiber,1,0,75,9,122,5,10,0,,South,0,No,System,Not Offered,0
C0746,63,Male,15,934,11933,Month-to-Month,UPI,FiberOptic,2,1,68,13,133,1,15,1,6,East,2,No,Dark,Not Offered,0
C1812,30,Female,36,670,24139,Two Year,UPI,Fiber,0,0,142,4,265,5,0,1,10,East,1,No,Dark,Not Offered,0
C1348,51,Female,18,759,12980,Two Year,Credit Card,Fiber,0,0,125,2,239,3,5,0,10,North,1,Yes,Dark,Not Offered,0
C0033,36,Male,23,,17628,Two Year,Credit Card,DSL,3,0,84,15,162,4,0,0,8,North,1,No,Dark,Not Offered,0
C1322,44,Male,33,852,"25,298",Two Year,UPI,None,0,0,39,4,78,4,10,0,10,West,2,No,Light,Not Offered,0
C2011,18,Male,48,674,29142,Two Year,Card,Fiber,1,0,35,0,88,3,10,0,10,North,2,No,System,Not Offered,0
C1881,52,Male,46,860,33648,ANNUAL,UPI,Fiber,0,0,154,0,299,2,15,0,10,WEST,0,Yes,System,Not Offered,0
C2229,46,Female,31,679,17882,Monthly,UPI,Fiber,2,1,66,1,139,3,15,2,6,West,0,Yes,System,Not Offered,0
C0513,55,Female,26,632,13143,Monthly,Debit Card,DSL,4,1,122,7,204,2,20,0,5,South,0,Yes,Light,Rejected,1
C2117,46,Female,27,539,"10,923",Annual,UPI,Fiber,0,0,112,2,185,4,25,0,10,South,2,Yes,Dark,Not Offered,0
C0428,34,Male,16,935,14203,two year,Debit card,DSL,1,1,142,6,248,2,5,0,7,South,1,No,Light,Not Offered,0
C0008,28,Female,15,743,10586,two year,NetBanking,FIBER,2,1,96,2,196,3,5,0,8,,0,Yes,System,Not Offered,0
C2323,62,Male,26,621,15350,Two Year,Credit Card,Fiber,1,1,106,1,191,1,5,1,8,South,2,No,Light,Not Offered,0
C0787,24,Male,21,560,10634,Annual,NetBanking,,1,1,114,6,188,2,10,0,,West,0,No,Light,Not Offered,0
C0339,40, Male ,28,872,24434,Monthly,Credit Card,DSL,4,2,121,20,240,1,0,0,3,East,2,No,Light,Rejected,1
C2050,39,Male,15,618,8823,Annual,NetBanking,DSL,1,0,24,0,82,3,5,0,10,North,2,No,Light,Not Offered,0
C1685,35,Male,15,1009,15099,Monthly,Credit Card,Fiber,5,1,123,10,218,4,0,0,4,,1,Yes,Dark,Rejected,1
C1426,53, Female ,18,684,11083,Annual,NetBanking,DSL,3,2,109,2,180,2,10,0,6,North ,1,Yes,Light,Not Offered,0
C0149,49,Male,42,508,21321,2 Year,Credit Card,Fiber,1,0,122,2,220,2,0,1,10,North,2,Yes,Light,Not Offered,0
C1452,39,Male,24,552,13239,Monthly,NetBanking,DSL,1,1,36,9,93,3,0,1,7,South,0,Yes,Light,Not Offered,0
C0752,59,Male,42,299,11908,1 Year,Credit Card,Fiber,2,0,147,22,283,3,5,1,10,North,2,No,Light,Not Offered,0
C1550,63,Female,18,842,15150,Two Year,Credit Card,DSL,0,0,150,7,260,4,0,0,10,NORTH,0,No,System,Not Offered,0
C0241,41,Female,19.0,536,9681, monthly ,UPI,FiberOptic,,1,95,11,180,2,5,3,5,East,0,Yes,Light,Rejected,1
C2262,39, Female ,18,377,"6,109",Monthly,Debit Card,DSL,1,0,101,2,163,4,10,1,9,South,1,Yes,Dark,Not Offered,0
C2120,37,Female,23,478,"9,878",Annual,UPI,Fiber,1,1,79,3,147,2,10,2,8,West,0,Yes,System,Not Offered,0
C2335,56,Female,18,959,15523,Monthly,UPI,Fiber,2,1,154,4,285,4,10,0,6,West,0,Yes,Light,Not Offered,0
C1672,52,male,23,855,19717,Monthly,Credit Card,DSL,3,1,107,14,212,2,0,0,5,North,1,No,System,Not Offered,1
C1222,24,Female,8,383,2588,Annual,NetBanking,None,2,1,144,2,265,3,15,0,8,South,1,No,Light,Not Offered,0
C1147,26,Male,22.0,710,13301,Monthly,Credit Card,None,0,0,72,5,135,3,15,1,10,North,1,No,Light,Not Offered,0
C0345,34,Male,32,424,13568,Monthly,Credit Card,DSL,5,3,139,21,262,3,0,4,1,West,0,No,System,Accepted,1
C2073,50,female,38,632,"23,962",1 Year,Debit Card,Fiber,2,0,161,0,304,3,0,0,9,West,0,No,Light,Not Offered,0
C2254,37, Female ,,538,18399,Two Year,UPI ,Fiber,1,1,178,1,329,3,5,0,8,West,0,Yes,Light,Not Offered,0
C1612,43,Male,50,726,34488,Monthly,Credit Card,none,0,0,84,3,168,4,5,0,9,North,0,Yes,Dark,Not Offered,0
C0184,52,Male,25,299,7491,TWO YEAR,Debit Card,DSL,1,0,49,3,72,5,0,0,10,West,3,Yes,System,Not Offered,0
C2190,58,Female,34,867,28006,Annual,UPI,Fiber,4,1,68,9,146,3,5,0,6,East,2,Yes,Light,Not Offered,0
C2295,47,Male,13,887,11556,Month-to-Month,Credit Card,Fiber,3,2,152,3,266,4,0,3,4,West,0,No,Dark,Rejected,1
C0898,36,Male,41,898,35044,Monthly,UPI,None,0,0,155,2,306,2,5,1,9,West,0,Yes,System,Not Offered,0
C1552,52,Female,39,599,23357,Annual,UPI,Fiber,0,0,143,9,259,2,0,3,10,South,0,No,Dark,Not Offered,0
C0683,41,Male,22,811,"17,831",Two Year,Credit Card,DSL,3,1,59,7,147,5,0%,2,6,South,0,Yes,System,Not Offered,0
C0018,51, Female ,27,912,23383, monthly ,UPI,FIBER,0,0,57,4,128,3,5,1,8,North,2,Yes,Dark,Not Offered,0
C2038,47,M,33,563,14869,Monthly,UPI,Fiber,9,5,53,32,87,3,20,0,1,east,1,No,System,Rejected,1
C1133,43,Male,39.0,765,28324,Annual,Debit Card,Fiber,0,0,90,2,207,3,5,1,,North,0,Yes,Dark,Not Offered,0
C1389,49,M,45,815,31170,1 Year,NetBanking,None,,0,64,6,157,4,15,0,10,North,0,Yes,Light,Not Offered,0
C2235,41,M,18.0,712,12871,Monthly,UPI,DSL,1,1,183,1,336,2,0,3,6,West,0,Yes,Light,Not Offered,0
C0313,33,Male,21,793,15805,Monthly,UPI ,Fiber,2,1,116,0,221,2,5,0,6,South,0,No,System,Accepted,1
C1553,43,MALE,21,979,16448,Monthly,NetBanking,,2,0,125,5,202,2,20,1,8,West,1,No,Dark,Not Offered,0
C1763,52,Male,26.0,612,15083,Two Year,UPI,Dsl,1,0,109,1,202,4,5,0,10,south,0,No,Light,Not Offered,0
C0563,58,Female,14,299,4185,Annual,Credit Card,Fiber,0,0,127,0,241,3,0,0,8,East,0,Yes,Dark,Not Offered,0
C0884,33,Male,8,482,2866,Monthly,, Fiber ,1,1,91,3,181,1,25%,2,7,South,0,No,Dark,Not Offered,0
C1830,31,Female,15,508,7260,Annual,UPI,DSL,5,1,141,2,285,3,5,1,6,East,3,Yes,Dark,Not Offered,0
C0519,55,Male,32,836,25427,Monthly,CREDIT CARD,Fiber,0,0,63,5,122,4,5,0,9,West,0,Yes,System,Not Offered,0
C1659,31,Female,19,382,6566,Two Year,UPI,Fiber,1,1,129,0,244,2,10,1,9,south,2,Yes,Dark,Not Offered,0
C1393,75,Female,69,833,57473,Month-to-Month,CREDIT CARD,Fiber,4,0,82,1,163,1,0,1,7,East,0,No,Light,Not Offered,0
C1625,65,Female,22,841,18529,Monthly,UPI,DSL,0,0,90,20,172,3,0,0,8,East,0,No,Dark,Not Offered,0
C1654,45,Male,42,626,23696,Annual,,Fiber,0,0,95,5,195,3,10,4,10,East,0,No,Dark,Not Offered,0
C1416,33,Female,18,571,"9,752",Annual,netbanking,Fiber,0,0,100,25,184,1,5,0,10,South,1,No,Dark,Not Offered,0
C2025,56,Female,8,873,6288,Two Year,,Fiber,1,0,117,11,229,3,10,0,9,West,1,Yes,Light,Not Offered,0
C0092,33,female,33.0,558,16542,2 Year,Credit Card,Fiber,1,0,162,1,310,2,10,0,10,East,1,No,Light,Not Offered,0
C1973,54,Female,17,934,15871,Monthly,upi,DSL,1,1,111,0,228,1,0,0,6,East,1,No,System,Not Offered,0
C0591,30,Male,26,695,18086,Annual,NetBanking,Dsl,8,0,116,12,235,2,0,1,6,North,2,No,Dark,Accepted,0
C2132,30,FEMALE,,597,20383,Monthly,UPI,Fiber,4,2,150,21,252,2,5,1,3,West ,0,Yes,Light,Rejected,1
C1047,31,Female,43,,"35,865",two year,Credit Card , Fiber ,0,0,136,25,256,2,0,2,10,South,0,No,System,Not Offered,0
C2167,41,Female,21.0,792,16625,Two Year,Credit Card,Fiber,0,0,117,0,222,2,0,1,10,north,1,No,System,Accepted,0
C0956,22,Male,14,924,12965,Two Year,NetBanking,None,1,0,103,20,200,3,0,0,9,West,0,No,Light,Not Offered,0
C0747,54,Female,32,708,22655,Monthly,Credit Card,Fiber,3,2,117,33,224,4,0,0,3,West,0,No,Dark,Rejected,1
C0680,64,Female,7,838,5521,Monthly,UPI,,5,1,121,5,209,3,5,0,4,South,0,Yes,Light,Rejected,1
C1980,45,Female,9,1033,"8,371",ANNUAL,credit card,Fiber,0,0,96,1,175,3,10%,1,9,,0,No,Light,Not Offered,0
C0231,23,Male,7,811,4572,Annual,Net Banking,Fiber,1,0,170,7,319,2,20,0,9,West,1,Yes,Dark,Not Offered,0
C2245,36,Female,27,673,18189,Two Year,UPI,,0,0,133,4,262,3,0,1,10,North,1,Yes,Dark,Not Offered,0
C1780,30,Male,27,839,22660,Annual,NetBanking,Fiber,,0,133,7,229,3,0,1,9,East,1,No,System,Not Offered,0
C0968,26,Male,31,567,13167,Two Year,UPI,Fiber,2,1,46,4,111,2,25,0,8,North,1,Yes,Light,Not Offered,0
C0276,58,Male,53,864,36662,Annual,UPI,Fiber,,1,100,2,178,2,20,1,9,North,3,No,Dark,Not Offered,0
C2274,54,Female,19,539,10243,Annual,Credit Card,DSL,4,1,79,11,177,3,0,1,6,North,0,Yes,Dark,Not Offered,0
C2150,48,Male,11,1068,11123,Annual,NetBanking,None,2,1,77,1,156,1,5,2,6,East,0,No,Light,Not Offered,0
C2345,26,Male,22,844,"16,698",Monthly,UPI,Fiber,0,0,131,14,242,1,10,0,8,South,0,Yes,Dark,Not Offered,0
C1963,36,Female,25,924,23075,Monthly,UPI,DSL,2,1,169,12,310,2,0,0,6,West,0,Yes,System,Not Offered,0
C1722,32,Female,27,621,15122,Monthly,NetBanking,NONE,2,1,42,0,85,3,10,0,6,East,0,Yes,System,Not Offered,0
C1490,49,MALE,6,756,4109,Annual,UPI,DSL,4,2,147,12,262,2,10,0,4,West,0,No,Dark,Accepted,1
C1136,40,Male,39,477,"18,605",two year,Debit Card,Fiber,1,0,140,6,245,2,0,0,10,North,0,No,Dark,Not Offered,0
C1945,42,FEMALE,15,742,10600,Monthly,Net Banking,DSL,0,0,120,2,229,3,5,0,8,South,0,No,Light,Not Offered,0
C0627,42,Female,13,979,12774,Annual,debit card,FIBER,1,0,133,12,246,4,0,1,9,,0,No,Dark,Not Offered,0
C0635,50,Male,23,,20700,Two Year,Debit Card,Fiber,0,0,23,5,42,3,5,1,9,West,1,Yes,Light,Not Offered,0
C0407,42,Female,22,1037,19360,Two Year,NETBANKING,FiberOptic,2,0,100,6,233,4,15,0,10,east,1,No,Dark,Not Offered,0
C1174,57,Female,24,739,16865,Monthly,Credit Card,DSL,5,3,115,40,212,3,5,0,1,North ,0,No,Light,Rejected,1
C0950,30,Female,25,939,23444,Annual,UPI,Fiber,0,0,155,3,307,3,0,3,9,South,1,No,Dark,Not Offered,0
C1248,34,Male,53,654,31201,Annual,Credit Card,DSL,5,0,149,0,285,2,10,1,9,North ,0,No,Light,Not Offered,0
C0260,53,Female,5,870,4150,Annual,UPI,DSL,3,1,77,4,113,1,5,0,,South,0,No,Light,Not Offered,0
C0940,49,Female,25,507,12660, monthly ,UPI,Fiber,1,1,97,9,196,3,0,1,6,East,1,Yes,Dark,Accepted,1
C1966,38,female,11,575,6302,Monthly,Debit Card,Fiber,2,1,139,17,250,3,0,0,5,East,1,No,System,Not Offered,0
C2344,3,Male,14,893,12475,Monthly,Debit Card,Fiber,3,1,78,18,140,3,0,0,5,North,1,No,System,Rejected,1
C1194,18,Female,57,907,46526,Monthly,Debit Card,Fiber,0,0,55,2,128,3,10,2,10,,1,Yes,System,Not Offered,0
C0766,66,F,43,610,19642,annual,UPI,Fiber,5,3,49,1,103,4,25,0,4,South,0,Yes,Light,Not Offered,0
C1491,19,Female,34,601,18422,Monthly,Debit Card,Fiber,5,3,157,31,280,4,10,1,1,West,2,Yes,Light,Not Offered,1
C1088,18,Female,,856,18806,ANNUAL,Credit Card,DSL,4,2,135,8,250,2,0,1,4,North,0,Yes,System,Rejected,1
C0208,37,Female,19,692,11837,Two Year,Credit Card,DSL,4,3,130,13,231,3,10,0,4,east,1,No,Dark,Accepted,0
C2087,57,Male,19,550,7865,Monthly,UPI,Fiber,3,2,125,11,228,4,25,0,5,West,1,Yes,System,Rejected,1
C1519,71,Female,15,835,11300,Monthly,Credit Card,DSL,3,1,95,4,165,3,10,0,6,north,0,No,System,Rejected,1
C2287,46,male,65.0,642,37540,Monthly,Credit Card,,999,0,156,3,278,1,10,0,9,East,0,No,Light,Not Offered,0
C2362,46,Female,34,440,14183,Two Year,Credit Card,Fiber,1,1,136,22,269,3,5,2,9,West,1,Yes,System,Not Offered,0
C0235,60,Female,21,717,15049,Two Year,UPI,DSL,2,1,136,1,246,3,0,0,7,North,2,Yes,Dark,Not Offered,0
C0733,31,Female,27,823,"18,852",Monthly,,Fiber,5,1,70,23,161,3,15,1,4,East,1,No,System,Accepted,1
C0475,48,Male,36,847,27423,Monthly,Debit card,Fiber,1,0,88,0,164,3,10,0,9,North,1,Yes,Dark,Not Offered,0
C0856,34,Male,72,626,36053,Annual,Credit Card ,,1,0,138,2,254,1,20,1,10,South,0,No,Dark,Not Offered,0
C0564,24,Female,18,536,9614,Monthly,NetBanking,Fiber,3,2,76,23,136,2,0,0,3,North,2,No,Dark,Rejected,1
C2032,35,MALE,66,725,47843,Monthly, upi,DSL,3,2,145,1,257,2,0,0,5,North,1,Yes,Dark,Not Offered,0
C0966,45,female,18,601,8118,Monthly,Credit Card,Fiber,2,1,88,6,169,1,25,1,,,0,Yes,Light,Not Offered,0
C1140,33,female,37,381,12706,Monthly,Credit Card,None,,1,74,0,125,3,10,1,7,North,0,Yes,Dark,Accepted,0
C2180,35,Male,31,1023,31693,Annual,Credit Card,FiberOptic,3,2,137,7,248,3,0,1,5,South,0,Yes,Dark,Not Offered,0
C0616,36,Female,16,583,8859,Two Year,NETBANKING,Fiber,2,0,21,12,42,3,5,0,9,South,0,Yes,Light,Not Offered,0
C0439,40,male,15,764,10331,Monthly,Credit Card,DSL,3,1,144,3,268,4,10,0,6,West,0,No,Dark,Not Offered,0
C0335,43,Male,54,808,32730,Annual,UPI ,DSL,1,1,91,0,160,2,25,0,9,South,3,No,System,Not Offered,0
C0366,45,Male,10,737,7361,Annual,UPI,Fiber,2,0,97,0,198,4,0,0,8,West,2,No,Dark,Not Offered,0
C0397,54,Male,27,752,18275,Two Year,netbanking,Fiber,3,1,111,16,217,2,10,0,8,North,0,No,Dark,Not Offered,0
C0551,50,Male,19,680,12913,Annual,UPI,Fiber,0,0,,8,251,3,0,0,9,East ,3,No,System,Not Offered,0
C1521,41,Male,16,401,5783,Annual,UPI,Fiber,0,0,143,3,295,3,10,1,10,North,2,Yes,System,Not Offered,0
C0356,20, Male ,42,890,37389,Monthly,Credit Card,,2,1,120,0,228,3,0,1,6,West,0,Yes,System,Not Offered,0
C1323,51,Male,14,641,8097,Monthly,,FIBER,0,0,134,4,255,2,10,0,8,,1,No,Light,Not Offered,0
C2225,33,Female,72,725,52200,Annual,UPI,DSL,3,0,106,4,196,2,0,0,9,East,0,No,System,Not Offered,0
C0317,47,Female,22,751,14863,Annual,Credit Card,Fiber,3,0,141,1,279,4,10%,0,9,North,0,Yes,Dark,Not Offered,0
C0596,53,Male,16,800,12803,monthly,UPI,Fiber,2,1,131,0,253,99,0,1,5,east,1,No,System,Not Offered,1
C0239,39,Female,30,913,26000,MONTHLY, upi,DSL,2,1,73,8,127,4,5,1,6,South,1,No,System,Not Offered,0
C2171,23,Female,22,697,14582,Annual,NetBanking,fiber,0,0,152,4,278,3,5,0,9,North,0,Yes,System,Not Offered,0
C2341,26,Male,20,954,17204,Annual,NetBanking,DSL,0,0,108,10,188,1,10,0,10,South,2,Yes,System,Not Offered,0
C1720,53,Female,14,764,10696,Monthly, upi,Fiber,2,0,,2,181,2,0,0,7,East,0,No,Light,Not Offered,0
C0364,49,Male,26,997,24615,Annual,Net Banking,DSL,0,0,117,0,222,3,5,1,9,NORTH,0,Yes,Dark,Not Offered,0
C0311,53,Female,72,781,50649,Monthly,Debit Card,Fiber,1,0,165,13,306,3,10,2,9,North,0,No,System,Not Offered,0
C0938,44, Male ,33,809,26729,Two Year,UPI,Fiber,2,1,110,2,209,3,0,0,7,North ,0,Yes,Light,Not Offered,0
C0897,53,Female,39,858,26739,monthly,Credit Card,dsl,0,0,74,2,145,2,20,2,10,South,2,No,Light,Not Offered,0
C1337,22,Male,23,890,20455,Annual,Debit Card,Fiber,2,0,170,12,302,3,0,2,9,North,1,No,System,Not Offered,0
C0248,28,Female,26,730,17094,Monthly,UPI,DSL,1,0,92,7,183,3,10,2,8,East,1,No,Dark,Not Offered,0
C0240,54,Female,27,571,15426,Month-to-Month,Credit Card,Fiber,4,0,126,19,242,4,0,0,6,WEST,1,Yes,System,Not Offered,0
C1259,38,Female,66,815,53784,Month-to-Month,UPI,Fiber,1,0,139,12,259,2,0,1,8,west,1,Yes,Light,Not Offered,0
C1423,44,Female,7,498,3458,Two Year,NetBanking,None,1,0,87,2,167,4,0,1,10,South,0,No,System,Not Offered,0
C0120,38,Female,,729,21176,Monthly,UPI,DSL,2,0,72,3,137,3,0%,0,7,WEST,1,Yes,Dark,Not Offered,0
C1829,39,Female,23,476,9857,two year,Credit Card,Fiber,,0,113,15,220,1,10,0,10,East,0,No,System,Not Offered,0
C0438,33,Male,,,32773,Annual,DEBIT CARD,fiber,1,1,160,30,273,4,0,0,8,North,0,Yes,Light,Not Offered,0
C0266,32,Female,39,856,28351,Annual,NetBanking,None,4,2,119,8,206,4,15,3,6,South,0,No,Light,Not Offered,0
C2082,40,Female,29,811,22294,MONTHLY,UPI,None,0,0,168,1,297,2,5,6,8,North,0,Yes,Light,Not Offered,0
C2136,45,Male,38,828,26747,Monthly,UPI,Dsl,0,0,154,11,275,4,15,0,9,WEST,0,No,Dark,Not Offered,0
C2111,43,Female,9,745,5803,Monthly, upi,,2,1,181,4,312,1,0,1,5,East,1,Yes,Dark,Not Offered,0
C1353,45,Female,36,640,20753,Monthly,Credit Card,DSL,3,2,107,10,189,2,10,0,4,East,1,Yes,System,Not Offered,0
C0047,31,Male,15,814,12203,Annual,,DSL,1,1,184,8,328,1,0,0,7,East,2,No,Dark,Not Offered,0
C0442,33,Female,33,832,27424,Annual,upi,fiber,0,0,103,5,190,3,0,1,,North,1,No,Light,Not Offered,0
C1278,47, Female ,10,426,4260,monthly,Credit Card,DSL,3,0,154,2,318,2,0,0,6,North,1,Yes,Light,Not Offered,0
C2052,57,Female,20,746,12673,Annual,NetBanking,Fiber,1,0,128,23,228,2,15,1,10,North,2,Yes,Dark,Not Offered,0
C1786,42,Female,23,807,15781,Monthly,UPI,Fiber,0,0,121,16,212,2,15%,0,9,north,0,No,Light,Not Offered,0
C2144,39,Male,15,486,"6,917",Monthly,UPI,Fiber,1,1,160,4,279,2,5,0,7,West,1,No,Light,Not Offered,0
C2377,49,Male,11,991,10891,Annual,NetBanking,Dsl,5,0,112,1,223,2,0,5,7,South,0,Yes,System,Not Offered,0
C0323,49, Male ,23,660,14404,Annual,Debit Card,Fiber,1,0,143,19,244,3,5,1,9,North,2,No,Dark,Not Offered,0
C1652,18, Female ,11,904,9948,Monthly,Debit Card,FiberOptic,1,0,111,10,231,2,0,0,7,North,1,Yes,Light,Not Offered,0
C0045,29,Female,8,572,4098,Monthly,,DSL,2,1,163,2,310,4,10,0,5,East,1,No,Light,Rejected,1
C1745,42, Male ,35,785,24748,Monthly,NetBanking,Fiber,5,2,139,21,276,2,10,0,3,West ,1,Yes,Light,Rejected,1
C0986,38,M,2.0,606,963,TWO YEAR,UPI,,0,0,112,1,227,3,20,0,10,North,1,Yes,Light,Not Offered,0
C1990,54,FEMALE,13,593,7732,MONTHLY,NetBanking,Fiber,2,1,127,1,253,1,0,0,6,South,1,Yes,System,Not Offered,0
C0930,42,Male,60,691,39386,Annual,UPI,,0,0,184,8,330,2,5,4,10,East,0,No,Dark,Not Offered,0
C0105,38,Female,25,776,"16,495",Annual,Credit Card,DSL,4,2,72,13,147,1,15,1,5,South ,0,No,Light,Not Offered,0
C1946,18,Female,10,842,6702,Monthly,UPI ,FiberOptic,3,2,75,15,135,3,20,1,4,West,0,Yes,Light,Rejected,1
C0558,26,male,9,420,3795,Annual,NETBANKING,Fiber,1,0,142,1,261,2,0,2,8,West,0,No,System,Not Offered,0
C1268,26,Male,30,343,10293,Two Year,UPI,DSL,5,3,120,15,208,2,0,0,3,West,0,Yes,Dark,Rejected,1
C2071,42,Female,7,717,4987,Two Year,,Fiber,1,0,110,3,180,4,0,0,9,West,1,Yes,System,Not Offered,0
C1235,39,Male,21,791,13281,Two Year,,DSL,0,0,139,0,257,4,20,3,10,South,1,No,Light,Not Offered,0
C1755,39,Female,43,652,28055,Annual,UPI,DSL,4,1,169,7,303,2,0,0,6,South,0,Yes,System,Not Offered,0
C0472,42,Female,38,639,23081,Annual,UPI,Fiber,1,1,51,3,112,1,5,0,8,South ,1,Yes,System,Not Offered,0
C2253,33,Male,29,794,"20,738",Annual,NetBanking,Fiber,0,0,95,1,162,4,10,1,10,East ,2,No,Light,Not Offered,0
C1329,19,Male,12,511,6130,monthly,Credit Card,DSL,0,0,122,25,241,3,0,3,8,North,3,No,Light,Not Offered,0
C0834,25,Male,29,433,11931,Monthly, upi,Fiber,3,2,98,23,199,3,5,0,4,East,0,Yes,Light,Rejected,1
C1762,57,Male,36,663,20255,Annual,UPI,DSL,0,0,128,0,216,2,15,0,10,NORTH,0,No,Dark,Not Offered,0
C1912,41,Male,40,668,26705,Monthly, upi,DSL,0,0,115,8,219,3,0,0,8,South,1,Yes,Light,Accepted,0
C0141,62,M,24,715,14590,Monthly,UPI,DSL,1,1,99,0,178,2,15,0,7,North ,0,Yes,Light,Not Offered,0
C0935,49,female,23,620,12859, monthly ,Debit Card,Fiber,3,1,104,6,174,2,10,2,6,South ,1,No,Light,Rejected,1
C0447,47,Female,19,918,16616,Monthly,UPI ,Fiber,2,1,151,13,289,2,5,2,6,West,0,No,System,Not Offered,0
C1835,39,FEMALE,22,492,10301,ANNUAL,NetBanking,Fiber,0,0,128,26,235,3,5,0,10,East,1,Yes,Light,Not Offered,0
C0224,47,Female,20,592,"11,835",Annual,Credit Card,Fiber,0,0,130,11,273,2,0,0,9,East,1,Yes,Dark,Not Offered,0
C1110,58,Female,15,1132,16983,Annual,UPI,Fiber,1,1,221,2,391,2,0,1,7,South,2,Yes,Dark,Not Offered,0
C0667,46, Female ,18,660,11277,MONTHLY,Debit Card,Fiber,2,1,89,2,166,4,5,0,5,East,0,Yes,System,Not Offered,0
C0440,39, Male ,53,394,18788,Monthly,NETBANKING,Dsl,0,0,47,4,103,1,10,0,10,North,0,No,Light,Not Offered,0
C2337,54,M,23,658,14369,Annual,,DSL,0,0,,2,289,2,5,0,9,north,0,Yes,System,Not Offered,0
C1435,37, Female ,9,717,5511,Two Year,UPI,DSL,0,0,94,7,181,3,15,0,10,WEST,0,No,Dark,Not Offered,0
C2374,68,M,20,469,8893,Annual,Credit Card,FiberOptic,1,0,171,17,293,3,5%,0,10,West,0,Yes,Light,Not Offered,0
C0201,30,Female,,656,9984,Annual,UPI,DSL,0,0,61,18,127,3,5,3,10,East,0,Yes,Dark,Not Offered,0
C1708,59,Female,24,804,17388,Two Year,Debit Card,Fiber,5,2,72,0,124,1,10,0,5,South,0,Yes,System,Not Offered,0
C0783,33, Male ,28,,27116,Monthly,Card,Fiber,2,1,33,16,71,3,0,1,6,East,2,No,Light,Not Offered,0
C1890,23,Female,11,730,7602,Annual,Debit Card,dsl,0,0,146,31,275,4,5,0,9,South ,1,Yes,Light,Accepted,0
C0178,57,F,27.0,937,25304,Monthly,Credit Card,Fiber,3,1,139,2,269,4,0,0,5,South,1,No,Light,Rejected,1
C1758,75,Female,15,,12998,monthly,Credit Card,DSL,,2,162,25,296,1,0,0,3,West,0,Yes,System,Rejected,1
C1597,34, Female ,48,626,26998,Annual,NetBanking,None,2,0,65,2,117,3,10,2,9,West,3,Yes,System,Not Offered,0
C1016,40,Male,30,665,18905,Monthly,Credit Card,Fiber,6,3,141,21,273,1,5,0,1,SOUTH,0,No,System,Rejected,1
C1728,44,Female,33,694,22892,Annual,UPI,Fiber,0,0,86,1,174,3,0,1,9,East,0,No,Light,Not Offered,0
C0212,58,Male,28,708,19811,Monthly,UPI,Fiber,2,0,64,0,105,4,0,2,7,east,0,Yes,System,Not Offered,0
C1092,63,Female,12,441,5302,Annual,Debit Card,DSL,2,0,128,6,224,3,0,0,8,North,1,No,Dark,Not Offered,0
C1227,23,Male,50,848,42420,Annual,UPI,DSL,0,0,93,1,198,3,0,2,10,North,0,No,Light,Not Offered,0
C0917,25,Female,10,434,3264,MONTHLY,NetBanking,Fiber,2,1,149,18,277,2,25,0,6,,0,No,Dark,Not Offered,0
C1228,51,Male,,892,17809,Annual,,DSL,0,0,100,16,196,1,5,0,9,South,2,No,System,Not Offered,0
C0097,38,Female,51,792,40363,MONTHLY,UPI,DSL,0,0,64,9,120,1,0,0,8,East,1,No,System,Not Offered,0
C1443,41,Male,26,481,11247,Monthly,UPI,fiber,8,2,120,17,237,2,10,0,2,South,0,Yes,Dark,Rejected,1
C0517,58,Male,17,432,7327,Monthly,Credit Card,Fiber,1,0,202,1,398,2,0,1,8,West,2,Yes,System,Not Offered,0
C0716,18,Female,21,418,6583,Annual,UPI,DSL,2,1,74,2,160,1,25,0,8,,0,Yes,Dark,Not Offered,0
C1063,37,Male,15,745,8943,Month-to-Month,netbanking,Fiber,3,1,110,1,187,2,20,1,6,East,0,Yes,System,Not Offered,0
C1936,36,male,15,671,9566,Monthly,UPI,FIBER,,1,117,13,203,3,5,0,4,West,0,Yes,System,Rejected,1
C1983,42,Male,21,640,10754,Two Year,Credit Card,None,1,1,136,9,238,2,20,0,8,East ,1,Yes,Dark,Not Offered,0
C2328,33,Male,31,737,22841,One Year,UPI,NONE,2,1,154,6,284,2,0,1,7,North,0,Yes,Light,Not Offered,0
C0759,19,MALE,11,985,10267,Monthly,UPI,FiberOptic,2,1,117,9,195,2,5,1,6,East,1,No,System,Rejected,1
C1261,49,Male,18,831,14239,Two Year,NetBanking,DSL,2,0,99,3,204,3,5,4,9,East,0,Yes,Dark,Accepted,0
C1207,41,Male,13,705,8711,Annual,UPI,DSL,,0,93,1,194,2,5,2,9,West,0,Yes,Light,Not Offered,0
C2108,18,Male,38,940,32144,Two Year,Credit Card,DSL,1,0,64,7,135,3,10,2,10,West,0,No,System,Not Offered,0
C2192,47,male,13.0,,5778,Annual,Debit Card,Fiber,6,3,93,25,180,4,15,0,2,North,0,Yes,System,Rejected,1
C1699,39,Female,36,810,27730, monthly ,UPI, Fiber ,2,0,38,18,104,2,5,0,7,South,0,No,Dark,Accepted,0
C0848,42,Male,23,463,10099,Monthly,NetBanking,Fiber,2,1,120,4,222,3,5,1,6,North,1,No,Light,Not Offered,0
C1151,41, Female ,10,705,6703,Annual, upi,DSL,5,2,98,14,184,3,5,0,3,West,0,Yes,System,Rejected,1
C1760,44,Female,14,554,7745,Monthly,UPI,fiber,3,2,42,1,90,3,0,0,4,West,0,No,System,Rejected,1
C1224,55,Female,20.0,717,12900,Month-to-Month,Credit Card,None,3,2,209,1,382,3,10,0,4,West,1,Yes,Light,Rejected,1
C1421,47,Male,9,831,6702,Two Year,NetBanking,Fiber,3,0,70,0,101,3,10,1,8,North,3,No,System,Not Offered,0
C0327,40,Male,15,609,9132,Annual,NetBanking,Fiber,4,1,134,0,267,3,0,0,6,East,1,Yes,System,Not Offered,0
C0882,21,Female,40,671,26857,Annual,NetBanking,Fiber,0,0,99,1,197,5,0,0,10,West,0,Yes,Dark,Not Offered,0
C1551,22,Male,17,886,15091,MONTHLY,Debit Card,DSL,5,2,87,20,163,1,0,0,3,West,1,No,System,Rejected,1
C0541,44,female,8,968,7729,annual,UPI,FiberOptic,1,1,117,4,227,3,0,1,6,East,1,Yes,Dark,Not Offered,0
C1040,65,FEMALE,33,591,"17,530",Annual,UPI,Fiber,5,1,88,5,178,4,10,0,6,West,2,Yes,Dark,Not Offered,0
C1025,43,Male,,681,"20,253",Annual,credit card,Fiber,5,1,113,6,214,3,10,0,6,NORTH,1,No,System,Not Offered,0
C1623,46,Female,10,945,8990,Two Year,Credit Card,DSL,0,0,122,11,207,4,5,1,9,East,0,Yes,Dark,Not Offered,0
C2218,44,Female,51,424,17307,Monthly,debit card,None,0,0,139,9,265,4,20,0,10,north,0,Yes,System,Not Offered,0
C0577,46,Male,18,797,13656,Monthly,Debit Card,Fiber,2,1,186,6,316,2,5,0,5,West,0,Yes,Light,Not Offered,0
C0615,33,Male,45,783,33449,Monthly,UPI,Fiber,2,1,126,1,239,4,5,1,7,North,1,No,System,Not Offered,0
C1150,26,Male,20,849,16960,Monthly,NetBanking,Fiber,2,1,134,0,234,3,0,1,6,West,2,No,Light,Rejected,1
C1557,50,Male,41,860,33509,1 Year,,Fiber,4,2,40,1,80,3,5,0,5,West,1,No,System,Not Offered,0
C1223,38,Male,29,819,23729, monthly ,NETBANKING,DSL,2,1,101,5,181,2,0,1,6,EAST,0,No,Dark,Not Offered,0
C0849,45,female,7,618,4317,ANNUAL,Credit Card,Fiber,1,0,116,2,223,3,0,0,8,West,0,Yes,System,Not Offered,0
C0641,65,Female,30,433,11680,Annual,Debit Card,None,0,0,108,0,202,2,10,1,10,North,2,Yes,Light,Not Offered,0
C2116,38,Female,15,799,10801,Two Year,UPI,DSL,2,0,114,2,206,3,10,0,10,South,0,Yes,Light,Not Offered,0
C1116,36,Male,32,764,23223,Annual,UPI,DSL,0,0,114,0,231,2,5,1,9,East,0,No,System,Not Offered,0
C1939,27,Female,18,441,7555,Monthly,UPI,None,0,0,186,9,321,4,5,2,9,East,3,No,Light,Not Offered,0
C0344,18,Female,38,785,25378,Annual,UPI,Fiber,1,0,228,5,396,4,15,1,10,east,1,Yes,Dark,Not Offered,0
C1103,26,Male,18.0,827,14122,Monthly,UPI,Fiber,2,1,140,10,253,3,5,0,6,West,3,No,Light,Not Offered,0
C0593,57,Female,31,655,20286,Monthly,NetBanking,Fiber,5,3,149,18,265,2,0,0,1,East,0,Yes,Dark,Rejected,1
C0406,38,Female,24,633,15172,Two Year,Credit Card,None,0,0,,3,111,3,0,0,10,North,1,No,Dark,Not Offered,0
C1534,42,female,58,665,28923,Two Year,UPI, Fiber ,1,0,43,6,105,2,25%,0,10,south,0,Yes,Light,Not Offered,0
C0468,34,male,,561,7446,One Year,Credit Card,Fiber,0,0,151,6,263,2,5,0,9,West,0,Yes,Dark,Not Offered,0
C1349,34,Female,21,299,4682,Two Year,Credit Card,DSL,0,0,139,15,260,3,25,1,10,South,1,Yes,Light,Not Offered,0
C1664,25,Male,56,706,39512,Two Year,NetBanking,DSL,0,0,153,1,239,3,0,1,10,South,0,No,Light,Not Offered,0
C0521,35,Male,21,753,15038,Annual,Debit Card,Fiber,3,2,96,7,175,1,5,0,5,West,0,Yes,System,Not Offered,0
C0324,38,Male,15,,9361,Annual,UPI,Fiber,5,0,167,6,297,4,25,3,8,North,0,Yes,Light,Not Offered,0
C0749,39,Female,35,905,28503,Monthly,,None,5,3,91,20,201,3,10,1,2,West,2,Yes,Dark,Accepted,1
C1535,46,M,19,997,18963,Monthly,UPI,NONE,1,1,110,0,214,1,0,2,5,North,0,Yes,System,Rejected,1
C1726,32,Female,22,510,11180, monthly ,Credit Card,Fiber,0,0,130,2,260,4,0,0,8,West,0,Yes,Light,Not Offered,0
C2138,43,Female,11,584,"5,770",Two Year,UPI,Fiber,0,0,146,1,255,4,10,0,9,East,0,No,System,Not Offered,0
C2399,44,Male,21,727,13701,Annual,Card,Fiber,0,0,185,5,331,5,10,1,9,East,1,No,Light,Not Offered,0
C1742,24,MALE,20,657,11166,Two Year,UPI,DSL,1,0,111,8,190,2,15,1,10,West,1,No,Light,Not Offered,0
C1617,50,Female,25,703,17593,Monthly,,Fiber,3,1,155,9,268,2,0,2,5,North,1,Yes,Light,Rejected,1
C1752,40,Male,72,789,56846,Annual,Credit Card,DSL,0,0,203,28,358,1,0,0,10,East,0,No,Dark,Not Offered,0
C0644,49,Male,11,730,7216,Annual,Debit Card,None,5,2,87,19,136,2,10,1,3,North,0,Yes,Light,Accepted,1
C1392,22,Male,34,495,"13,464",Two Year,UPI,Fiber,3,2,136,1,271,3,20,2,6,North,2,Yes,Dark,Not Offered,0
C1941,24,Male,14,800,10633,Two Year,UPI,Fiber,3,2,141,9,269,1,5,1,6,East,0,No,Dark,Not Offered,0
C1582,51,Male,,731,18994,Monthly,Credit Card,DSL,1,0,152,0,284,2,0,0,7,WEST,0,Yes,Dark,Not Offered,0
C0354,29,Female,3,768,2196,Monthly,credit card,Fiber,2,1,121,1,228,2,5,2,5,West,2,No,Light,Rejected,1
C0050,51,Female,42.0,694,29108,ANNUAL,Credit Card,DSL,2,1,130,13,234,3,0,0,8,,0,Yes,Light,Not Offered,0
C1756,44,Female,22,791,"17,399",Annual,Credit Card,Fiber,1,0,125,13,222,4,0,1,9,EAST,0,No,Dark,Not Offered,0
C2018,45,Male,14,725,9683,Monthly,Credit Card,Fiber,0,0,35,19,48,1,5,5,8,South,0,Yes,System,Not Offered,0
C1747,18,female,26,693,18014,Annual,UPI,Fiber,0,0,65,3,149,4,0,5,10,West,0,Yes,Light,Not Offered,0
C0477,42,Female,33,1013,31758,Annual,Credit Card,Fiber,0,0,84,0,164,2,5%,1,9,West,0,No,Light,Not Offered,0
C1444,51,Male,23,692,15929,Annual,,Fiber,2,0,139,0,269,1,0,1,8,South,3,Yes,Light,Not Offered,0
C1176,55,F,13,525,6452,Two Year,UPI,DSL,3,0,187,6,328,2,5,0,8,East,1,No,Light,Not Offered,0
C1493,60,Male,56,901,47955,Monthly,Debit Card,DSL,0,0,62,2,114,2,5,1,9,East,1,Yes,System,Not Offered,0
C0216,28,Female,51,765,29242,Month-to-Month,Credit Card,Fiber,2,0,60,11,108,2,25,0,9,North ,0,Yes,System,Not Offered,0
C1071,38,Female,15,962,12265,Monthly,Card,DSL,5,3,96,24,190,2,15,0,1,North,1,No,Light,Rejected,1
C2064,46,Male,14,885,11127, monthly ,Credit Card,Fiber,0,0,40,11,101,2,10,2,9,,1,No,Dark,Not Offered,0
C0079,47,Female,33,787,25993,One Year,Credit Card,fiber,1,1,,8,138,2,0,0,7,North,1,Yes,System,Not Offered,0
C1688,27,Male,55,663,29157,monthly,UPI,DSL,2,1,147,2,289,3,20,1,7,East,0,No,Light,Not Offered,0
C2196,37,Female,25,762,19028,Monthly,UPI,Fiber,6,1,114,3,218,3,0,2,4,South,1,Yes,Light,Rejected,1
C1200,42,Female,17,740,9420,Two Year,Credit Card,Fiber,3,1,136,8,256,2,25,1,8,East,0,No,System,Not Offered,0
C1565,37,Male,44,600,"26,424",Monthly, upi,Fiber,3,2,158,25,273,5,0,0,,North ,0,No,Dark,Rejected,1
C1750,35,Male,26.0,736,16269,Annual,Credit Card,Fiber,0,0,128,0,242,2,15,0,10,West,0,No,Light,Not Offered,0
C0993,41,Male,26,965,22610,Annual,Credit Card,Fiber,0,0,177,10,339,3,10,0,10,West,0,Yes,Dark,Not Offered,0
C1258,67,female,34,549,17747,Two Year,UPI,DSL,0,0,157,0,258,1,5,2,10,East,0,Yes,Dark,Not Offered,0
C2286,53, Female ,24,972,22161,Monthly,UPI,DSL,0,0,55,31,87,5,5,0,8,,0,No,Dark,Not Offered,0
C1243,37,Male,23,619,12142,Monthly,UPI,Fiber,6,0,125,14,231,4,15,0,5,,0,No,Light,Not Offered,0
C2325,33,F,28,803,20241,Monthly,UPI,Fiber,0,0,140,0,285,2,10,0,8,West ,2,No,Light,Not Offered,0
C2053,49,Female,5,802,"3,610",Annual,Credit Card,DSL,0,0,94,11,153,2,10,0,,South,3,No,Dark,Not Offered,0
C1518,53,Female,26,299,7779,Monthly,NETBANKING,DSL,3,1,181,0,314,2,0,5,6,North,1,No,Dark,Rejected,1
C1344,42,Male,22,864,19034,Annual,UPI,fiber,2,1,168,0,299,3,0,1,7,South,1,Yes,Dark,Not Offered,0
C0842,44,Male,25,764,15294, monthly ,Credit Card,DSL,6,4,117,15,206,1,20,0,1,North,0,No,Dark,Rejected,1
C0292,61,Female,34,843,28684,Annual,NetBanking,Fiber,1,1,95,20,197,4,0,1,7,East,1,No,Dark,Not Offered,0
C1099,33,Male,17,828,14030,Annual,UPI,Fiber,0,0,97,2,170,2,0,1,10,West,1,No,System,Not Offered,0
C1537,29,Female,25,586,14646,Monthly,NetBanking,Fiber,2,0,64,7,119,4,0,0,,East,0,No,Dark,Not Offered,0
C0421,74,Female,17,578,9301,Monthly,Credit Card,DSL,0,0,106,0,203,3,5,0,9,West,0,Yes,Dark,Not Offered,0
C2355,31,Female,43,791,30617,Annual,Debit Card,Fiber,0,0,175,0,309,1,10,0,10,North,1,Yes,Light,Not Offered,0
C1170,50,Female,13,778,9582,Annual,UPI,DSL,2,0,97,21,205,0,5,2,9,West,0,No,Light,Not Offered,0
C2363,29,Female,20,753,14319,Two Year,UPI,DSL,2,0,138,1,248,5,5,0,9,South ,1,Yes,Dark,Not Offered,0
C1186,42,female,12,763,8254,monthly,debit card,Fiber,2,1,141,3,276,2,10,2,6,North,0,Yes,Dark,Rejected,1
C1905,18,Male,22,901,19867,Monthly,NetBanking,DSL,3,1,81,0,150,1,0,1,5,North,1,No,System,Not Offered,0
C0052,54, Male ,30,517,14738,1 Year,Credit Card,Fiber,0,0,74,7,127,1,5%,0,10,WEST,0,No,Light,Not Offered,0
C0576,46,Female,17,440,6712,Two Year,Credit Card,DSL,1,1,83,20,171,1,10,0,9,West,2,No,Dark,Accepted,0
C0597,36,Male,17,781,13263,Monthly,NetBanking,DSL,1,0,91,9,159,4,0%,1,8,South,0,No,Light,Not Offered,0
C1481,73,Female,37,648,22768,Monthly,NetBanking,Fiber,0,0,124,15,210,1,5,0,10,South,0,Yes,Dark,Not Offered,0
C1245,56,Male,8,924,"7,025",Two Year,NetBanking,DSL,2,1,94,0,173,4,5,2,7,WEST,1,No,System,Not Offered,0
C0186,60,Male,10,525,5022,Two Year, upi,Fiber,1,0,113,0,205,2,5,1,9,,0,No,Dark,Not Offered,0
C0166,43,Male,20,535,9070,Annual,UPI,Fiber,2,0,152,9,297,2,15,0,8,East,1,Yes,System,Not Offered,0
C0687,69,Female,40,299,10134,Two Year,NetBanking,Fiber,4,1,147,9,286,3,15,1,9,North,0,No,System,Not Offered,0
C0064,41,Female,27,687,18482,Annual,UPI,DSL,,0,144,24,246,1,0,1,9,East,0,Yes,System,Not Offered,0
C1601,44,male,58,521,22662,Two Year,UPI,fiber,3,1,44,23,103,3,25,0,9,East,3,No,Light,Not Offered,0
C1795,56,Female,,844,11001,Monthly,upi,DSL,1,1,,1,90,1,0%,0,6,south,2,No,Dark,Not Offered,0
C0947,40,Male,32,954,27496,two year,UPI,DSL,1,0,72,1,124,2,10,0,,South,0,No,Light,Not Offered,0
C1372,21,male,46,848,37025,1 Year,UPI,Fiber,1,0,84,4,158,4,5,0,10,North,0,Yes,System,Not Offered,0
C0970,58,FEMALE,22,573,10695,Monthly,UPI, Fiber ,4,3,173,31,345,2,15,0,3,South,0,Yes,Dark,Accepted,1
C0377,54,Male,,679,16779,Annual,CREDIT CARD,FIBER,4,3,91,14,165,4,5,4,3,West,2,Yes,Light,Rejected,1
C1641,32,Female,32,697,21157,Two Year,Debit Card,fiber,0,0,,17,259,1,5%,0,10,South,0,Yes,Light,Not Offered,0
C1851,59,Male,17,634,9711,Annual,Credit Card,DSL,0,0,97,1,184,4,10,0,9,North,0,Yes,System,Not Offered,0
C0544,50,F,4,618,1936,Two Year,NETBANKING,Fiber,1,0,203,0,345,4,20,0,9,North,0,Yes,Dark,Not Offered,0
C1588,31,Male,10,1089,10889,Two Year,,fiber,1,0,169,4,303,1,0,4,9,South,0,No,Dark,Not Offered,0
C1759,36,FEMALE,27,658,16882,Annual,Credit Card,Fiber,1,1,104,2,175,2,5,0,7,south,0,Yes,Dark,Not Offered,0
C1640,52,Female,,758,15146,Monthly,UPI,,1,1,139,12,279,4,0,0,6,South,1,No,System,Not Offered,0
C1347,43,Male,45,299,10757,Two Year,UPI,,5,1,62,5,133,2,20,4,8,East,0,Yes,Light,Not Offered,0
C0972,4,Male,33,874,24497,monthly,NetBanking,None,0,0,104,7,201,2,15,2,9,North,0,Yes,Light,Not Offered,0
C1741,49,male,18,599,10758,Two Year,NetBanking,DSL,0,0,72,10,131,3,0,0,10,West,1,Yes,System,Not Offered,0
C1924,59,Female,16,996,15166,Annual,netbanking,DSL,0,0,130,0,256,2,5,0,10,South,0,Yes,Dark,Not Offered,0
C0526,66,Male,,663,7942,Monthly,,Fiber,1,1,211,13,369,1,0%,0,6,West,1,Yes,Light,Rejected,1
C1230,19,male,6,628,3776,Annual,credit card,Fiber,3,1,62,0,117,3,0,0,6,West,1,No,Dark,Not Offered,0
C0989,36,Female,51.0,690,33455,Annual,NetBanking,Fiber,0,0,46,7,92,3,5,0,10,North,1,Yes,System,Not Offered,0
C0381,21,Female,31,552,15381,One Year,UPI ,Dsl,7,1,155,13,276,2,10,3,6,East,0,Yes,Light,Not Offered,0
C0478,54,Male,8,609,4865,Monthly, upi,,3,1,96,2,184,4,0,1,5,North,1,Yes,Dark,Rejected,1
C0975,50,Male,30,596,17862,Annual,Credit Card,Fiber,-5,0,185,5,346,2,0,0,9,North,3,No,Dark,Not Offered,0
C1868,54,Male,10,909,9366,1 Year,Credit Card,Fiber,0,0,126,0,244,3,0,1,9,East,0,No,Dark,Not Offered,0
C0282,19,M,59,621,34807,Monthly,UPI,Fiber,1,0,84,5,171,2,5,0,9,East,0,No,Dark,Not Offered,0
C2039,55,Male,25,615,13865,monthly,UPI,Fiber,1,1,109,24,218,3,10,0,,south,3,No,Dark,Not Offered,0
C0304,62,Female,14,795,11135,Annual,Debit Card,None,0,0,124,13,235,4,0,3,10,North,1,No,Dark,Not Offered,0
C0476,29,Male,8,579,"4,634",Annual,UPI,DSL,0,0,94,14,182,3,0,0,8,South,0,Yes,System,Not Offered,0
C1674,49,FEMALE,31,839,22058,Two Year,UPI,DSL,3,0,105,9,205,3,15,0,,North,0,No,System,Not Offered,0
C1713,64, Male ,20,729,13853,annual,UPI,None,0,0,133,12,260,1,5,2,9,South,2,No,Light,Not Offered,0
C1556,19,Male,23,542,12471, monthly ,UPI,FiberOptic,1,1,114,8,233,2,0,0,6,South,0,No,System,Not Offered,0
C0411,30,male,35,689,22898,One Year,UPI,DSL,1,0,102,10,207,4,5,2,9,North,0,No,System,Not Offered,0
C0487,28,Male,11.0,489,5376,monthly,UPI,Fiber,5,1,71,3,139,1,0,0,4,East,0,Yes,System,Rejected,1
C1401,35,Male,17,825,13355,Monthly,Credit Card,DSL,1,1,66,2,105,2,5,1,7,west,1,Yes,System,Not Offered,0
C1997,46,Male,26,665,17268,Annual,UPI,Fiber,2,0,160,3,282,3,0,1,,East,0,No,Dark,Not Offered,0
C1125,55,Female,49,628,30755,Annual,UPI,Fiber,1,0,156,4,306,3,0,0,10,East,1,Yes,System,Not Offered,0
C1371,52,Male,27,538,13055,Two Year,NetBanking,DSL,0,0,128,1,202,3,10,0,10,North,0,Yes,Dark,Not Offered,0
C2280,52,Female,,688,13083,Monthly,debit card,None,1,1,102,5,182,2,0,1,6,North,0,No,System,Not Offered,0
C0376,57,Male,4,462,1826,Monthly,Credit Card,Fiber,1,1,64,27,134,3,0,4,5,East,1,Yes,Dark,Rejected,1
C1793,28,Male,20.0,690,12431,Annual,Credit Card,DSL,1,0,97,2,211,2,10,0,9,East,2,Yes,Dark,Not Offered,0
C1773,41,MALE,17,718,9177,Monthly,UPI,Fiber,,1,133,17,236,3,25,0,8,East,0,Yes,Light,Not Offered,0
C2206,34,male,21,582,11606,monthly,Credit Card,Fiber,3,1,65,14,133,2,5,0,6,South,2,No,Dark,Not Offered,0
C0115,42,Female,34,877,29787,Annual,NetBanking,DSL,1,1,152,16,289,3,0,2,8,East,3,Yes,System,Accepted,0
C0288,39,Male,22,752,14866,Monthly,Debit Card,FiberOptic,0,0,,9,209,1,10,0,8,South,1,No,System,Not Offered,0
C0721,50,Female,27,623,15145,Monthly,UPI,Fiber,2,1,151,6,273,3,10,0,6,North,1,No,Dark,Not Offered,0
C2133,38,Female,1,824,824,Monthly,,Fiber,,1,,5,166,3,5,0,5,West,1,No,System,Rejected,1
C0559,39,Male,34,516,17508,MONTHLY,Credit Card,DSL,6,1,96,12,158,3,0,0,4,West,0,No,Light,Rejected,1
C0257,46,Male,27.0,773,18777,Monthly,Card,Fiber,2,1,137,4,271,2,10,0,6,NORTH,1,Yes,Dark,Not Offered,0
C2037,45,Female,15.0,,"11,745",two year,Credit Card,Fiber,0,0,42,0,104,1,15,2,10,SOUTH,0,No,System,Not Offered,0
C0217,34,FEMALE,30,556,15869,Annual,UPI,None,0,0,131,15,245,3,5,1,9,West,0,Yes,Light,Not Offered,0
C2122,50,M,16,811,12968,Two Year,UPI,DSL,5,2,97,3,177,3,0,0,5,North,3,Yes,Light,Not Offered,0
C0370,34,Male,54.0,632,32393,two year,UPI,Fiber,3,2,127,12,258,2,5,0,6,South,0,No,Dark,Not Offered,0
C2270,49,Female,12,793,8086,Two Year,Credit Card,DSL,5,2,118,13,227,2,15,5,5,South,2,No,Dark,Rejected,1
C1137,39,Female,22,614,"10,810",2-Year,UPI,Fiber,0,0,134,13,230,99,20,0,10,South,1,Yes,System,Not Offered,0
C0944,37,MALE,72,635,45707,Two Year,upi,none,2,1,155,19,262,2,0,2,8,East,0,Yes,Light,Not Offered,0
C0815,30,Female,17,"1,042",15066,Two Year,Net Banking,Fiber,1,0,133,0,236,2,15,0,10,West,1,No,Light,Not Offered,0
C1477,26,female,14,887,12439,Monthly,NetBanking,Fiber,0,0,165,30,319,2,0,1,8,West,0,No,Dark,Not Offered,0
C1854,53,Female,16,637,8690,Annual,Credit Card,,1,0,20,28,54,3,15,0,9,South,0,Yes,Light,Accepted,0
C0333,31,F,8,727,5831,Two Year,Credit Card,None,0,0,156,10,298,3,0,0,10,North,0,Yes,Dark,Not Offered,0
C2358,58,Male,35,,12991,2-Year,NetBanking,Fiber,5,1,84,12,169,4,5,2,6,West,0,Yes,Dark,Not Offered,0
C0341,41,FEMALE,36,940,33853,Monthly,Debit Card,DSL,1,1,78,6,164,2,0,1,7,West,2,Yes,System,Not Offered,0
C0911,26,Female,12,966,11023,Two Year,Credit Card ,Fiber,0,0,160,20,262,3,5,1,10,East,0,Yes,Dark,Not Offered,0
C0850,31,Female,12,736,8392,Monthly,NetBanking,Fiber,5,1,137,1,282,2,5,0,5,North,0,No,System,Rejected,1
C0263,44,Female,8,593,4746,Annual,NetBanking,Fiber,,0,168,1,280,1,0,0,8,East,0,No,System,Not Offered,0
C1470,49,Female,42,537,22557,Annual,UPI,None,5,1,156,3,289,4,0,0,6,North,1,No,Light,Not Offered,0
C2213,51,Female,27,660,16920,Annual,UPI,Fiber,0,0,123,9,202,2,5,0,9,South,0,No,Dark,Not Offered,0
C2330,39,Male,19,774,13195, monthly ,UPI,Fiber,0,0,88,2,185,2,10,0,8,West,0,Yes,Light,Not Offered,0
C0778,32,Female,37,,17765,Monthly,UPI,DSL,0,0,98,7,192,3,5,0,10,South,0,No,Light,Not Offered,0
C2193,33,Male,21,781,13921,Annual,UPI,DSL,6,3,75,20,164,3,15,0,2,West,1,Yes,Dark,Rejected,1
C2250,19,Male,32,748,"22,742",Annual,NetBanking,Fiber,,0,113,10,208,1,5,1,9,East,3,No,System,Not Offered,0
C1062,55,Female,19,858,14680,Annual,Credit Card, Fiber ,1,0,150,5,273,4,10,0,9,West,0,Yes,Dark,Not Offered,0
C0281,48,Male,37,602,22275,Monthly,UPI,DSL,4,1,106,0,191,4,0,0,6,east,0,Yes,System,Not Offered,0
C1618,28,Male,9,975,7029,Annual,Credit Card, Fiber ,1,0,188,9,338,2,20,4,9,North,2,Yes,System,Not Offered,0
C1564,38,Female,54,608,32838,Monthly,NetBanking,None,1,0,115,6,211,2,0,0,9,North,0,Yes,Dark,Not Offered,0
C1303,18,Male,24,722,17339,Two Year,Card,DSL,3,2,98,0,212,3,0,0,6,NORTH,0,No,Light,Not Offered,0
C1306,31,Female,21,612,12861,One Year,UPI,DSL,1,1,20,3,69,2,0,1,15,East,2,No,System,Not Offered,0
C2391,50,Male,37,436,15355,Monthly,UPI,Fiber,1,1,132,6,246,3,5,1,7,South,2,Yes,System,Not Offered,0
C0695,25,Female,29,685,17882,Monthly,Credit Card ,DSL,3,1,68,10,132,1,10,1,5,North,0,No,Light,Not Offered,0
C2173,51, Female ,61,439,22752,Two Year,UPI,dsl,4,1,85,7,164,3,15,0,9,WEST,1,Yes,System,Not Offered,0
C1982,43,Female,12,980,9408,Monthly,UPI,No Service,3,1,,5,216,2,20,1,5,East,2,No,System,Rejected,1
C1622,42, Male ,41,624,25566,Monthly,UPI, Fiber ,4,2,83,21,143,1,0,0,4,North,0,Yes,System,Not Offered,1
C1825,74,Female,8,1041,7507,Annual,upi,Fiber,1,1,131,4,267,2,10,0,7,West,1,Yes,System,Not Offered,0
C2347,47,FEMALE,14,941,11194,Two Year,NetBanking, Fiber ,0,0,55,11,105,2,15,1,10,East,1,No,Dark,Not Offered,0
C1761,52,Male,31,586,18188,Monthly,Credit Card,Fiber,2,1,112,8,226,2,0,1,5,west,0,No,Dark,Not Offered,0
C0987,40,Male,28,401,10117,Monthly,Credit Card,Fiber,6,3,182,28,341,4,10,2,1,,2,Yes,Dark,Accepted,1
C1874,34,Female,33,461,14462,Annual, upi,DSL,1,0,85,1,165,2,5,0,9,North,2,Yes,Dark,Not Offered,0
C1277,28,Female,39,429,15028,Monthly,Credit Card,DSL,0,0,99,4,174,3,10,0,10,South,2,Yes,System,Not Offered,0
C0510,38,Male,19,781,14820,Annual,upi,dsl,4,2,125,15,236,3,0,1,4,South,2,No,Dark,Rejected,1
C1350,49,Male,18,719,12959,Monthly,Credit Card,DSL,0,0,105,4,196,3,0,0,8,South,0,No,Dark,Not Offered,0
C0712,41,Male,19,762,14485,Monthly,Credit Card,DSL,5,3,105,29,200,2,0,0,1,West,1,No,Dark,Rejected,1
C1527,35,MALE,25,852,21261,1 Year,UPI,fiber,,0,158,10,273,2,0,1,10,East,3,Yes,Light,Not Offered,0
C0583,33,Male,23,915,21047,Annual,NETBANKING,,0,0,114,1,220,3,0,0,9,West,0,No,System,Not Offered,0
C1978,35,Female,24,845,20281,Annual,UPI,None,0,0,110,16,203,2,0,1,9,East,0,Yes,Light,Not Offered,0
C1188,28,Male,72,578,39525,One Year,Debit Card,Fiber,0,0,104,13,208,2,5,5,10,North,1,Yes,Light,Not Offered,0
C0509,48,Female,12,855,10278,Annual,Credit Card,Fiber,0,0,92,28,182,4,0,1,9,East,1,Yes,Dark,Accepted,0
C0764,51,male,11,585,6431,Monthly,netbanking,DSL,2,1,86,2,164,2,0,0,5,East,0,No,Dark,Accepted,1
C0602,66,Male,35,597,16745,two year,UPI,Fiber,0,0,162,18,275,2,20%,1,10,West,0,No,Light,Accepted,0
C0368,65,Male,12,1099,9905,Annual,Credit Card,None,0,0,104,11,195,3,25,1,10,North ,0,Yes,Light,Not Offered,0
C2227,51,female,8,652,"4,688",Two Year,CREDIT CARD, Fiber ,,1,99,10,184,5,10,0,8,West,0,Yes,Light,Not Offered,0
C2248,41,F,37,553,20436,Two Year,NetBanking,DSL,0,0,147,1,248,2,0,1,10,West ,1,No,System,Not Offered,0
C1106,70,Male,47,655,24654,1 Year,Debit Card,DSL,2,0,163,22,303,3,20,0,9,North,0,Yes,Dark,Not Offered,0
C1246,45,Male,36,599,"20,492",Annual,Debit Card,DSL,3,2,100,0,176,2,5,0,5,South,1,Yes,Light,Not Offered,0
C0080,33,Female,,826,10171,Monthly,UPI,Fiber,0,0,,12,127,1,5,0,9,South,0,Yes,Light,Not Offered,0
C1502,42,Male,27,621,16769,Two Year,upi,FIBER,4,3,176,22,293,1,0,0,3,West,1,Yes,System,Not Offered,1
C0148,40,Male,13,877,10243,Annual,UPI,None,0,0,97,10,171,3,10,0,10,South ,1,Yes,Light,Not Offered,0
C0451,30, Male ,21,627,13182,Annual,UPI ,DSL,0,0,53,12,109,4,0,1,10,East,0,Yes,System,Not Offered,0
C2000,34, Female ,21,814,17056,Monthly,credit card,Fiber,3,0,129,8,220,4,0,0,7,North,0,Yes,Dark,Not Offered,0
C0540,51,Male,12,598,7193,Monthly,UPI,Fiber,1,1,152,5,274,3,0,1,,East,0,Yes,Dark,Rejected,1
C2333,35,Female,19,476,7667,Two Year,UPI,Fiber,1,1,66,2,136,5,15,2,9,south,1,Yes,System,Accepted,0
C2276,28,Female,34,725,24652,Monthly,,Fiber,3,1,95,3,182,3,0,0,6,West,0,No,Dark,Accepted,0
C0197,38,Female,4,693,2509,Monthly,UPI,dsl,5,3,109,16,221,3,10,0,1,East,1,Yes,Light,Rejected,1
C1852,37,Male,45,564,25368,two year,Credit Card,DSL,0,0,111,1,214,3,0,3,10,WEST,0,No,System,Not Offered,0
C0772,19,M,14,869,10332,Month-to-Month,Credit Card,Fiber,2,0,106,2,171,2,15,1,7,West,0,No,Light,Accepted,0
C2090,25,Male,7,1083,7604,Annual,Credit Card,Fiber,0,0,85,1,171,3,0,1,9,EAST,1,No,Dark,Not Offered,0
C0553,49,Female,53,862,45663, monthly ,UPI,Fiber,3,1,127,4,206,3,0,3,6,North ,0,Yes,Light,Not Offered,0
C2321,47,Male,65.0,836,51621,Monthly,UPI,Fiber,0,0,137,2,248,3,5,0,9,West ,0,No,Dark,Not Offered,0
C1895,54,Female,20,699,12601,Monthly,Credit Card ,DSL,2,1,78,7,140,3,10,0,7,East,1,No,Dark,Not Offered,0
C1668,41,Female,25,902,18030,Two Year,Debit Card,Fiber,5,1,67,2,133,4,20,2,7,East,0,No,Dark,Not Offered,0
C1892,21,Female,10,494,4673,Annual,UPI,DSL,2,0,99,0,159,3,5,0,8,South,0,No,Light,Not Offered,0
C1215,40,Male,20,803,14418,Two Year,Credit Card,Fiber,1,0,109,8,221,2,10,1,10,North,1,No,System,Not Offered,0
C0496,35,Male,33,574,17041,Monthly,netbanking,DSL,1,1,126,2,244,2,10,3,7,West,1,Yes,Dark,Not Offered,0
C0697,39,Female,47,299,12626,Monthly,Credit Card ,DSL,2,0,105,2,191,2,10,0,9,West,0,Yes,Dark,Not Offered,0
C1979,53,Female,19,566,10756,ANNUAL,Credit Card ,DSL,0,0,165,2,289,3,0,0,10,North,0,Yes,Light,Not Offered,0
C2361,36,M,22,596,13107,Month-to-Month,Card,Fiber,1,1,123,5,259,3,0,1,6,North,1,Yes,Light,Not Offered,0
C1190,40,Female,28,576,12888,Two Year,Credit Card,Fiber,0,0,93,11,173,5,20,1,10,South,0,No,Light,Accepted,0
C2292,44,Female,38,673,24286,One Year,,DSL,1,0,146,7,289,3,5,0,10,South,1,Yes,Light,Not Offered,0
C0668,48,Male,17,684,11623,Two Year,Credit Card,Fiber,0,0,109,7,213,1,0,1,10,,0,Yes,Dark,Not Offered,0
C1483,42,F,10,654,5846,Monthly,NetBanking,DSL,3,1,115,1,226,2,10,0,5,East,2,No,Dark,Rejected,1
C0016,29,Female,19,950,"16,265",Annual,UPI,Fiber,1,1,147,6,242,2,10,2,7,East,2,No,System,Not Offered,0
C1280,43,Male,18,929,16770,Monthly,UPI,DSL,6,1,127,9,209,2,0,0,4,East,1,No,Light,Rejected,1
C0793,59,Female,27,677,18288,Annual,NetBanking,Dsl,2,0,70,2,162,3,0,0,9,North,1,Yes,Dark,Not Offered,0
C0902,25,Female,32,592,17050,Two Year,Credit Card,DSL,0,0,155,1,269,2,10,2,10,West,0,Yes,System,Not Offered,0
C0246,75,Female,9,841,6069,Annual,UPI,Fiber,2,0,87,3,139,1,20,0,8,North,0,Yes,Dark,Not Offered,0
C1205,39, Female ,38,745,25479,Monthly,NetBanking, Fiber ,2,0,46,8,112,4,10,0,9,east,0,No,Dark,Not Offered,0
C0358,18,Male,7,850,5963,Monthly,Credit Card,Fiber,3,1,129,9,225,3,0,1,5,South,1,Yes,System,Rejected,1
C2311,34,Female,29,,17252,annual,Credit Card,Fiber,2,0,126,20,233,2,5,3,9,West,2,Yes,System,Not Offered,0
C0336,75,Male,9,574,4933,TWO YEAR,NetBanking,Fiber,2,1,67,7,136,3,5,0,8,East,1,Yes,Light,Not Offered,0
C2166,37,Male,,644,3678,Monthly,Credit Card ,Fiber,6,3,87,22,134,4,5,0,1,East,0,Yes,Light,Accepted,1
C0860,24,Male,50,785,33374,Annual,Credit Card,DSL,2,1,112,3,198,3,15,0,7,East,0,Yes,Light,Not Offered,0
C1856,33,Female,55,632,34772,MONTHLY,NetBanking,DSL,0,0,156,5,293,4,0%,0,9,South,0,Yes,System,Not Offered,0
C1725,63,female,34,517,16683,Two Year,Credit Card,dsl,10,2,47,25,128,3,5,1,3,South,0,Yes,Light,Rejected,1
C0912,38,Female,48,736,33569,Month-to-Month, upi,DSL,999,0,182,6,326,4,5,0,8,East,0,Yes,Light,Not Offered,0
C0928,24,Female,17,853,13786,1 Year,,Fiber,1,0,109,5,200,2,5,0,9,North,0,Yes,System,Not Offered,0
C1581,50,Male,33,1049,34581,monthly,Credit Card,DSL,3,1,69,5,169,4,0%,1,5,East,1,No,System,Not Offered,0
C0409,24,Male,55,835,"41,302",Two Year,Credit Card,,0,0,142,22,286,2,10,1,10,West,1,Yes,Light,Not Offered,0
C0066,58,male,24,1364,27819,Monthly,NETBANKING,Fiber,1,1,69,5,107,3,15,4,6,North ,1,Yes,System,Rejected,1
C1663,28,Male,,710,6409,Two Year,Credit Card,,0,0,107,0,179,3,10,0,,South,0,No,Light,Not Offered,0
C1985,54,Male,,685,13732,Monthly,NetBanking,Dsl,2,1,46,6,85,3,0,1,6,West,3,No,Light,Not Offered,0
C0913,36, Female ,25,586,14679,Annual,upi,No Service,0,0,119,14,201,4,0,0,10,East,0,No,System,Not Offered,0
C2019,42,Female,,689,11764,Monthly,UPI,DSL,0,0,129,13,255,2,10,0,8,East,0,Yes,Light,Not Offered,0
C0631,47,Female,29,639,15772,Monthly,UPI,DSL,2,0,111,2,199,2,15,0,8,South,0,No,Light,Not Offered,0
C2177,38,Male,23,936,21511,Two Year,Credit Card,Fiber,1,0,103,15,209,2,0,0,9,North,0,No,Light,Not Offered,0
C2051,44,Female,11,835,"6,932",Monthly,Debit card,Fiber,2,1,153,0,282,4,25,0,,South,0,No,System,Not Offered,0
C1867,51,Female,,625,14055,Two Year,UPI,FIBER,0,0,136,0,243,2,10,0,10,West,1,No,Dark,Not Offered,0
C2176,52,Male,16,847,13493,Annual,UPI,None,0,0,101,13,176,1,0,0,10,East,3,Yes,Light,Not Offered,0
C0111,40,Male,9,820,7390,Monthly,UPI,FIBER,2,1,141,1,256,3,0,1,6,North,1,No,System,Rejected,1
C1981,38,Male,42,610,23071,Annual,NetBanking,DSL,1,0,20,10,48,3,10,0,10,North,2,Yes,System,Not Offered,0
C1361,19,Male,20,636,"10,140",Annual,UPI,DSL,1,1,100,16,210,2,20,1,8,West ,1,No,System,Not Offered,0
C2346,46,Female,39,864,33735,One Year,NetBanking,DSL,2,0,127,9,217,2,0,0,9,South,0,Yes,Light,Not Offered,0
C0192,39,Male,5,658,2785,Annual,upi,FIBER,0,0,162,0,301,3,15,0,9,West,0,No,System,Not Offered,0
C2126,61,Male,25,906,22698,ANNUAL,UPI,None,1,1,154,2,293,3,0,0,7,North,1,No,Light,Not Offered,0
C0610,33,Male,27,722,19468,Monthly,NetBanking,,1,0,104,4,211,3,0,0,8,,0,No,System,Not Offered,0
C1265,63,Male,29,437,11386,Monthly,Credit Card,,0,0,137,5,248,3,10,0,9,West,0,No,Dark,Not Offered,0
C0807,24,Female,26,708,13805,Annual,NetBanking,DSL,5,2,78,4,164,3,25,0,5,North,3,No,System,Not Offered,0
C1343,38,Female,11,509,5627,Annual,Credit Card,DSL,0,0,158,11,293,3,0,2,9,East,0,No,Dark,Not Offered,0
C1770,39,Male,39,685,26719,Monthly,Debit Card,DSL,1,0,164,10,320,1,0,0,9,North,0,Yes,Light,Not Offered,0
C0001,62,Male,5,767,3452,Annual,Credit Card,Fiber,0,0,137,14,258,1,10,0,8,East ,1,Yes,Light,Not Offered,0
C0805,41,Female,24,632,15148,Annual,,Fiber,1,0,159,3,313,4,0,2,10,South,1,Yes,Dark,Not Offered,0
C0554,39,Female,39,717,"27,933",Two Year,Card,Fiber,0,0,,3,235,1,0,0,10,East,0,No,Dark,Not Offered,0
C2081,46,F,28,563,14968,Two Year,UPI,dsl,1,0,123,0,236,2,5,3,10,West,0,Yes,Light,Accepted,0
C0220,31,Male,23,521,11951,Annual,credit card,Fiber,0,0,90,18,179,2,0%,0,9,East,0,Yes,System,Not Offered,0
C0029,46, Female ,36,751,27039,Monthly,Credit Card,Fiber,1,0,145,11,269,2,0,0,8,North,0,No,Dark,Not Offered,0
C2158,50,Female,19,825,14100,1 Year,Debit Card,DSL,0,0,178,13,310,2,10,0,10,West,2,Yes,System,Accepted,0
C1029,54,male,13,739,8640,Annual,NetBanking,DSL,1,1,53,13,103,2,10,1,8,North,0,Yes,Light,Not Offered,0
C0031,56,Female,31,815,25299,Monthly, upi,DSL,3,2,85,2,151,3,0,1,4,West,1,No,Light,Rejected,1
C2285,58,Male,24,913,21906,Annual,Card,Fiber,2,0,5000,27,177,2,0,0,9,South,1,Yes,Light,Not Offered,0
C1132,67,Female,,506,6861,Monthly,UPI,Fiber,2,0,141,19,222,3,15,1,7,West,1,Yes,Light,Not Offered,0
C0788,37,M,,748,10180,Annual,NetBanking,DSL,1,1,83,11,173,99,15,1,8,North,0,No,Dark,Not Offered,0
C0392,22,Male,18,601,9199,MONTHLY,Credit Card ,Dsl,0,0,92,4,169,2,15,0,9,North,0,Yes,System,Not Offered,0
C0488,51,FEMALE,35,779,25893,Annual,,DSL,0,0,105,2,199,3,5,1,9,North,0,No,Dark,Not Offered,0
C1931,20,Male,9.0,813,5484,Monthly,Net Banking,DSL,4,1,89,6,185,2,25,1,5,North,1,Yes,Light,Accepted,1
C0441,69,Female,39,311,11544,Annual,NetBanking,DSL,0,0,67,7,139,4,5,0,10,South,0,Yes,Dark,Not Offered,0
C1073,28,MALE,17,621,9528,Two Year,Debit Card,Fiber,1,0,95,0,192,2,10,0,10,East,0,No,Light,Not Offered,0
C0012,18, Male ,13,,7428,Annual,Credit Card,DSL,3,1,42,2,97,2,15,0,7,South,0,No,Light,Not Offered,0
C1841,56,Male,30,522,14082,Monthly,NetBanking,DSL,5,1,146,11,284,3,10,1,5,East,0,Yes,Dark,Not Offered,0
C2315,50,M,27,809,21822,Monthly,UPI,DSL,,1,79,0,166,4,0,0,5,East,0,No,Dark,Not Offered,0
C1995,28,Female,17,841,12868,Annual,UPI,Fiber,3,1,71,11,130,3,10,0,6,,1,No,Light,Not Offered,0
C0575,35,Female,30.0,766,20664,Annual,Debit Card,Fiber,3,2,137,0,252,4,10,1,5,North,0,No,Light,Not Offered,0
C2089,35,Male,22,544,10159,Monthly,,Fiber,,1,132,2,234,2,15,4,6,North,2,No,Dark,Not Offered,0
C0832,30,female,23,586,12811,Two Year,NetBanking, Fiber ,1,0,91,1,164,1,5,0,9,North,0,Yes,Dark,Not Offered,0
C2359,51,Male,8,521,3969,TWO YEAR,UPI,Fiber,,0,91,4,180,2,5,1,9,North,1,No,Dark,Not Offered,0
C0952,36,Male,72,876,63044,Monthly,Net Banking,,0,0,164,1,327,1,0,0,9,East,0,Yes,Dark,Not Offered,0
C1561,50,male,7,340,2188,Annual,UPI,FiberOptic,1,0,132,7,239,3,10,0,9,West,1,No,System,Not Offered,0
C2012,20,Male,,831,21602,Annual,UPI,,0,0,93,1,171,2,0,0,9,North,3,No,Light,Not Offered,0
C1400,43,Female,25,650,16245,Annual,Credit Card,Fiber,0,0,169,4,285,5,0,0,10,East,1,No,System,Not Offered,0
C1052,40,Male,32,550,13174, monthly ,UPI,None,1,1,129,9,260,2,25%,2,8,West,0,No,Dark,Not Offered,0
C2334,43,Female,35,808,25485,Annual,NetBanking,Fiber,1,0,137,3,247,2,10,0,9,North,1,No,System,Not Offered,0
C0754,39,Female,18.0,536,8698,Annual,UPI,Fiber,4,0,23,1,27,1,10,0,8,EAST,0,No,System,Not Offered,0
C0177,53, Female ,30,504,12104,Monthly,,DSL,0,0,82,23,163,2,20,2,9,South,0,No,Light,Not Offered,0
C1217,24,Male,46,999,43635,Monthly,Credit Card,Dsl,0,0,136,15,229,4,5,0,9,East,1,Yes,Light,Not Offered,0
C0692,35,M,18,707,10215,Annual,Debit Card,Fiber,3,1,197,5,350,3,20,1,7,South,1,No,System,Not Offered,0
C0167,46,Female,28,927,25970,Monthly,NetBanking,Fiber,1,1,62,2,112,3,0,2,5,East,0,Yes,System,Rejected,1
C0933,41,female,11,572,5649,Two Year,Credit Card,Fiber,0,0,111,4,226,2,10,0,10,South,1,No,Dark,Not Offered,0
C1528,58,Male,29,617,14314,ANNUAL,UPI,None,2,0,152,2,270,2,20,1,9,West,0,Yes,Dark,Not Offered,0
C0365,47,MALE,,720,25185,Monthly,NetBanking,FiberOptic,4,1,127,2,217,3,0,1,4,East,0,Yes,Dark,Rejected,1
C1273,50,Male,20,420,7940,Monthly,NetBanking,FiberOptic,1,0,142,3,261,3,5,0,9,East,0,No,Dark,Not Offered,0
C0611,29,Male,46,852,37253,Monthly,,Fiber,1,0,142,13,271,3,5,0,9,SOUTH,1,Yes,Light,Not Offered,0
C0308,44,Male,54,736,29801,Monthly,NetBanking, Fiber ,1,0,138,1,243,1,25,0,10,South,1,Yes,Light,Not Offered,0
C1472,54,Male,16,99999,7063,ANNUAL,Debit Card,Fiber,5,0,70,2,145,2,5,0,8,West ,1,No,Light,Not Offered,0
C1181,40,Male,35,733,20482,Annual,UPI,DSL,2,1,111,12,222,4,20,1,8,East,0,Yes,System,Not Offered,0
C0237,36,Male,48,638,30644,Two Year, upi,DSL,1,1,20,6,57,1,0,0,8,EAST,1,Yes,Light,Not Offered,0
C2049,34,Female,13,871,9041,Two Year,Debit Card,Fiber,0,0,69,1,138,4,20,2,10,South,0,Yes,System,Not Offered,0
C2184,41,Male,12,542,6470,Monthly,UPI,None,3,0,118,16,233,4,0,1,7,West,1,Yes,Light,Not Offered,0
C2169,51,Male,29,590,17108,Monthly,Credit Card,DSL,1,0,158,6,287,3,0,1,8,NORTH,1,Yes,Dark,Not Offered,0
C1824,37,Female,39,,30577,Monthly,UPI,Dsl,0,0,93,5,180,2,0,0,9,East,0,Yes,Light,Not Offered,0
C0656,51,Male,38,945,28735,1 Year,netbanking,Fiber,1,0,140,7,274,4,20,1,10,North,3,Yes,Dark,Not Offered,0
C2058,40,M,50,580,"27,578",Monthly,Debit Card,DSL,2,0,50,0,97,3,5,0,8,West,0,Yes,Light,Not Offered,0
C0926,35,Male,22,549,12069,Monthly,Credit Card,Fiber,3,0,103,0,202,2,0%,0,8,west,1,No,Dark,Not Offered,0
C2392,39,F,18,694,11879,Two Year,UPI,Fiber,1,0,113,14,188,2,5,1,10,South,2,Yes,System,Not Offered,0
C1797,63,M,8,846,"5,731",Annual,UPI,DSL,0,0,116,3,218,4,15,1,9,East,1,Yes,Light,Not Offered,0
C1199,43,Female,18,991,16036,Annual,UPI,DSL,2,1,117,1,215,3,10,1,7,East,2,No,Light,Not Offered,0
C0132,36,M,52,820,36249,Monthly,NetBanking,Fiber,0,0,156,3,276,99,15,0,10,West,0,Yes,System,Not Offered,0
C2202,55,F,32,699,22408,Two Year,Credit Card,DSL,0,0,89,5,190,5,0,1,10,west,0,Yes,Dark,Not Offered,0
C2159,46,Male,51,717,36603,Two Year,netbanking,Fiber,1,1,178,2,308,3,0,1,9,NORTH,0,No,System,Not Offered,0
C0741,26,FEMALE,19,736,13965,MONTHLY,Credit Card,None,2,0,127,3,231,3,0,0,7,North,1,No,Light,Not Offered,0
C0314,46,Male,,769,24216,2-Year,Credit Card,Fiber,1,1,123,8,223,2,10,2,8,South,1,No,Light,Not Offered,0
C0389,32,Male,28,728,20339,Monthly,UPI,fiber,2,1,165,11,312,3,0,0,6,East,0,Yes,System,Not Offered,0
C0289,20,Female,12,493,"5,914",Annual,Credit Card,DSL,3,1,122,34,212,3,0,0,7,East,0,Yes,Dark,Not Offered,0
C2314,25,Female,15,699,"10,512",Annual,NetBanking,DSL,0,0,108,13,198,2,0,0,10,,0,No,Light,Not Offered,0
C1266,46,male,17,744,11386,annual,Debit Card,DSL,1,0,183,0,333,2,10,2,10,North,2,Yes,Dark,Not Offered,0
C0088,43,Male,56,796,44573,Annual, upi,Fiber,6,2,75,3,150,4,0,0,4,North,1,No,Dark,Rejected,1
C1593,38, Male ,17,,12666,Annual,Debit Card,Fiber,0,0,123,9,226,2,15,0,10,East,0,No,System,Not Offered,0
C0666,42,Male,16,1018,13008, monthly ,NETBANKING,Fiber,7,1,104,6,210,1,20,0,4,North,0,No,System,Accepted,1
C0698,63,Female,31,572,16851,2 Year,NetBanking,Fiber,2,0,58,0,124,2,5,0,10,,1,No,Light,Not Offered,0
C2322,49,F,23,863,15863,Two Year,Debit Card,DSL,2,0,118,4,222,3,20,0,10,South,1,Yes,Light,Not Offered,0
C2098,45,Male,2,761,1366,Monthly,UPI,Fiber,4,2,124,27,220,2,10,0,2,,0,Yes,Light,Accepted,1
C1847,18,Female,59,546,30620, monthly ,Debit Card,Fiber,1,0,112,9,222,3,5,0,9,East,3,No,Dark,Not Offered,0
C0881,51,Male,39,756,23612,Annual,,None,3,1,81,5,147,3,20%,0,8,East,2,Yes,Dark,Not Offered,0
C0219,53,Male,39,648,25267,Monthly,Credit Card,Fiber,0,0,129,0,252,4,0,0,9,West,3,Yes,Dark,Accepted,0
C1513,38,Female,16,-45,7099,Monthly,Credit Card,Fiber,,2,94,10,205,4,10,2,4,West,0,No,Dark,Rejected,1
C2354,56,male,27,829,21295,Monthly,Credit Card,Fiber,1,1,133,14,246,3,5,1,6,East,0,No,System,Not Offered,0
C1579,34,Male,20,433,7766,Two Year,UPI,fiber,0,0,94,4,195,3,10,1,10,West,2,No,Dark,Not Offered,0
C1680,42,Male,59,644,28506,Two Year,NetBanking,DSL,2,0,7200,10,241,1,25,2,10,south,2,No,Light,Not Offered,0
C0799,42, Male ,19,625,11239,Two Year,UPI,Fiber,0,0,102,0,189,3,5,0,10,South,0,Yes,Dark,Not Offered,0
C0625,39,Female,44,1046,43708,Two Year,Debit Card,Fiber,1,0,151,8,294,2,5,0,10,west,2,No,Light,Not Offered,0
C0946,35,Female,7.0,817,5719,Monthly,Card,DSL,5,2,82,23,131,6,0,0,3,North,1,No,System,Rejected,1
C0988,41,Female,37,654,18176,ANNUAL,Credit Card,Fiber,0,0,110,4,190,3,25,1,10,West,0,Yes,System,Not Offered,0
C0636,38,Female,16,375,5986,Monthly,Credit Card, Fiber ,1,0,55,5,134,4,0,0,8,West,1,Yes,System,Not Offered,0
C0032,29,Male,27,611,16481,Annual,Credit Card,DSL,0,0,,7,180,3,0,0,10,South,0,No,System,Not Offered,0
C1214,23, Female ,38,696,25135,One Year,NetBanking, Fiber ,2,1,89,9,178,1,5,0,8,North,0,No,Light,Not Offered,0
C0738,60,female,17,869,11811,Monthly,UPI,DSL,2,1,119,7,233,3,20,0,7,South,1,No,Dark,Not Offered,0
C1875,61,FEMALE,51,680,34657,Annual,UPI, Fiber ,3,1,143,1,254,4,0,0,8,West,0,No,System,Not Offered,0
C1111,35,Female,16,776,12398,Annual,UPI,DSL,3,2,72,12,159,2,0,0,5,North,0,No,Light,Not Offered,0
C0019,28, Male ,15,654,8364,Annual,Credit Card,DSL,2,1,59,5,81,1,15,1,7,East,1,Yes,System,Not Offered,0
C1920,37,M,16,774,10500,Annual,UPI, Fiber ,0,0,72,19,127,1,15%,2,10,East,1,Yes,Dark,Not Offered,0
C1191,42,FEMALE,49,443,19555,Monthly,UPI,Fiber,2,0,83,3,176,3,10,0,10,North,0,Yes,Light,Not Offered,0
C1138,48,Male,,996,21934,Annual,UPI,DSL,3,1,142,12,281,5,0,0,7,EAST,1,No,Dark,Not Offered,0
C1301,19,Male,26,706,17053,Monthly,Credit Card,Fiber,0,0,219,0,402,3,0,0,8,South,2,No,System,Not Offered,0
C0252,59,Male,16,851,13626,Monthly,UPI,DSL,1,1,142,7,261,2,0%,0,6,North,1,Yes,System,Not Offered,0
C0053,38,Male,7,618,3864,Annual,Debit Card,Fiber,7,1,142,6,234,3,10,0,4,East,0,Yes,System,Accepted,1
C2197,33,Female,41,655,25498,TWO YEAR,UPI ,,2,1,42,4,116,3,5,0,9,East,1,Yes,System,Not Offered,0
C2366,66,male,33,837,27634,TWO YEAR,UPI,No Service,2,0,99,3,211,3,0,1,9,south,0,Yes,Dark,Not Offered,0
C1502,42,Male,27,621,16769,Two Year,upi,FIBER,4,3,176,22,293,1,0,0,3,West,1,Yes,System,Not Offered,1
C1614,39, Male ,16,720,11553,Two Year,UPI,DSL,5,3,101,22,189,3,0,3,3,South,2,No,Dark,Not Offered,1
C2382,50,Male,23,689,14249,Annual,UPI,Fiber,0,0,67,13,163,3,10,0,10,South,0,No,Light,Not Offered,0
C1413,44,female,,803,"23,100",Two Year,,Fiber,,0,58,0,133,2,20,0,10,East,1,No,Light,Not Offered,0
C2031,28,Female,14,765,9645,Two Year,Debit Card,Dsl,4,2,71,15,119,3,10,0,5,North,0,Yes,Dark,Not Offered,0
C1554,45,Male,6,745,4459,Annual,netbanking,Fiber,0,0,160,15,284,3,0,0,9,North,0,Yes,System,Not Offered,0
C1573,47,Female,11,890,9310,Two Year,UPI,Fiber,0,0,190,2,359,3,5,1,10,North,2,Yes,Dark,Not Offered,0
C0624,52,Female,33,603,17907,Annual,NetBanking,None,4,2,159,6,306,3,10,1,4,East,0,Yes,System,Not Offered,0
C0652,29,Female,22,915,17117,Monthly,,DSL,1,1,181,2,334,4,15,0,7,North,2,No,System,Not Offered,0
C2097,26,Male,7,823,5769,Annual,Credit Card,Fiber,0,0,94,0,171,2,0,0,7,West,0,Yes,System,Not Offered,0
C0150,40,Male,56,815,41075,Monthly,UPI,DSL,3,0,66,0,128,4,10,0,7,East,3,No,System,Not Offered,0
C0283,46,Female,28,694,19414,2-Year,Debit Card,FIBER,0,0,75,6,132,1,0,0,10,,1,No,Dark,Not Offered,0
C0863,37, Male ,11,375,3305,Annual,upi,DSL,0,0,113,10,237,4,20,3,10,North,1,No,Dark,Not Offered,0
C0129,49,Male,24,780,18712,Monthly,Credit Card,None,3,2,20,17,74,1,0,0,3,West,2,No,Dark,Accepted,1
C1839,49,Female,19.0,928,16791,Annual,NETBANKING,DSL,1,0,116,1,200,3,5,0,10,South,0,No,Light,Not Offered,0
C1948,58,Female,72,846,54821,1 Year,UPI,Fiber,1,1,131,2,256,4,10,0,9,North,0,Yes,Light,Not Offered,0
C0722,39,Female,47,818,34597,Two Year,UPI,Fiber,0,0,24,9,48,1,10,1,10,North,3,Yes,System,Not Offered,0
C0511,35,Female,72,743,53506,Two Year,UPI,DSL,0,0,95,12,176,3,0,1,10,East,1,Yes,Light,Not Offered,0
C1352,48,Female,70,947,66273,Monthly,Credit Card,Fiber,0,0,116,7,220,2,0,2,9,West,0,No,Dark,Not Offered,0
C1080,22,Male,8,807,6465,Annual,Credit Card,None,0,0,100,0,178,3,0,0,,South,1,Yes,Dark,Not Offered,0
C1345,44,FEMALE,24,702,"16,830",Monthly,,DSL,2,1,219,8,394,2,0,0,5,East,0,Yes,System,Rejected,1
C2212,25,Male,27,746,20140,Two Year,Credit Card ,Fiber,1,0,,8,148,1,0,1,9,West,0,No,System,Not Offered,0
C1478,62,Female,51,939,45469,Monthly,UPI,Fiber,0,0,,13,269,5,5,3,10,North,1,No,Dark,Not Offered,0
C0326,18,Female,15,476,6458,2 Year,UPI,Fiber,3,1,61,1,124,2,10,0,8,North,0,Yes,System,Not Offered,0
C0003,48,Male,34,637,19509,Monthly,Credit Card,Fiber,3,1,112,1,201,1,10,1,6,North,1,No,Dark,Not Offered,0
C0078,49,Male,9,618,5573,Monthly,UPI,Fiber,1,1,140,4,246,3,0,1,5,South,1,No,System,Rejected,1
C0973,46,Female,8,711,5113,Monthly,UPI,Fiber,2,1,92,0,192,2,10,0,5,North,0,No,Light,Not Offered,1
C1187,43,Female,15,381,5710,Annual,,Dsl,0,0,147,4,261,2,0,0,10,East,2,Yes,Light,Not Offered,0
C0495,57,Male,,845,"16,854",One Year,Credit Card,None,0,0,92,2,181,5,5,0,10,north,0,No,Dark,Not Offered,0
C0084,34, Male ,31,362,11199,Monthly,Debit Card,none,0,0,71,2,128,1,0,2,8,East,0,Yes,System,Not Offered,0
C1717,20,Male,23,587,10139,Two Year,Credit Card,Fiber,0,0,173,3,291,3,25,0,10,South,0,No,System,Not Offered,0
C1101,26,Male,10,457,4362,Annual,UPI,Fiber,0,0,132,5,247,4,5,0,10,North,1,No,System,Not Offered,0
C0750,44,Female,28,891,24960,Annual,Credit Card,None,0,0,,3,222,5,0,1,10,north,0,Yes,Light,Not Offered,0
C0942,48,Female,19,735,13976,Monthly,NetBanking,None,4,2,103,24,179,3,0,3,3,North,3,No,Light,Accepted,1
C1013,46,FEMALE,52,523,23091,Monthly,NetBanking,DSL,0,0,93,10,157,1,15,1,10,South,0,No,Light,Not Offered,0
C1603,22,Female,69,770,50484,Monthly, upi,DSL,1,0,107,2,194,2,5,0,9,West,1,No,Dark,Accepted,0
C1992,50,Female,19,720,13701,Annual,Credit Card,Fiber,1,0,83,4,154,1,0%,2,9,West,0,No,Light,Not Offered,0
C0654,55,Female,37,517,16275,Annual,UPI,DSL,,5,,32,145,3,15,0,1,South,1,No,Dark,Accepted,1
C0893,36,Female,6,855,5149,Annual,DEBIT CARD,DSL,3,0,63,9,132,2,0,0,7,East,0,Yes,Dark,Not Offered,0
C0432,40,Female,30,971,"29,138",monthly,Credit Card,FIBER,0,0,,5,263,5,0,0,8,south,1,Yes,System,Not Offered,0
C1732,47,male,22,305,6713,Annual,NetBanking,dsl,1,0,117,3,245,1,0,0,9,East ,0,No,System,Not Offered,0
C0670,18,F,25,814,20376,Monthly,Debit Card,Fiber,2,1,107,1,218,2,0,1,5,East,0,No,System,Rejected,1
C1109,38,M,39,688,24165,Two Year,Credit Card,Fiber,2,0,,1,137,2,10,3,10,,0,Yes,Light,Not Offered,0
C0924,45,Male,50,604,30208,MONTHLY,UPI,DSL,0,0,98,0,217,3,0%,1,9,South,0,No,Dark,Not Offered,0
C1471,67,Male,15,732,8790,Monthly, upi,Fiber,2,1,51,11,126,2,20,0,6,South,1,Yes,Light,Not Offered,0
C0969,42,M,28.0,756,21162,Monthly,UPI,Fiber,1,1,76,5,116,3,0,0,6,North,0,No,System,Not Offered,0
C0853,36,Male,15,729,10387,Annual,UPI,Fiber,0,0,102,5,201,3,5,0,9,North,1,Yes,Light,Not Offered,0
C2103,61,FEMALE,4,"1,162",4622,Annual,UPI,DSL,1,1,51,3,106,1,0,1,5,North,0,Yes,Light,Not Offered,0
C1262,50,M,29,740,20408,Two Year,UPI,DSL,1,0,167,8,310,5,5,0,10,West,3,Yes,Light,Not Offered,0
C1289,23,Male,14,780,10375,Annual,UPI,DSL,2,1,109,1,208,3,5%,0,7,South ,1,No,Dark,Not Offered,0
C2240,55,Male,6,400,2163,Monthly,NetBanking,None,4,2,163,2,302,4,10,0,4,West,0,No,Dark,Not Offered,1
C0424,142,Female,29,895,25933,Annual,Debit Card,FiberOptic,0,0,153,7,278,5,0,0,-1,East,0,No,System,Not Offered,0
C1408,39,Male,25,895,22380,Annual,UPI,Fiber,1,0,21,0,61,4,0,0,9,West,0,No,Dark,Not Offered,0
C0586,66,Male,9,1096,9892,Annual,CREDIT CARD,None,5,0,61,0,129,1,0,1,7,north,1,No,Dark,Accepted,0
C2307,40,Male,46,716,31295,Two Year,NetBanking,DSL,0,0,190,0,328,1,5,0,10,North,0,Yes,Dark,Not Offered,0
C2376,46,F,22,1072,20080,Monthly,upi,DSL,0,0,101,1,170,2,15,2,8,East,1,No,Dark,Not Offered,0
C1950,45,Female,28,850,"23,812",Monthly,UPI,,0,0,99,17,231,1,0,1,8,South,0,No,Dark,Not Offered,0
C1429,38,Male,20,582,10470,annual,UPI,Fiber,1,0,104,34,204,3,10,1,10,North,2,No,System,Not Offered,0
C1117,35, Male ,20,587,9952,Monthly,UPI,Fiber,6,4,157,28,290,3,15,1,1,North,1,No,Dark,Rejected,1
C0780,61,MALE,15,1085,15500,Monthly,UPI,DSL,2,1,148,11,308,1,5,1,6,South,0,Yes,Light,Rejected,1
C1391,24,Female,14,856,11991,2-Year,Credit Card,Fiber,2,0,100,5,162,3,0,1,9,west,0,Yes,System,Not Offered,0
C0136,46,Male,42,466,18587,Two Year,Credit Card,DSL,1,0,83,9,125,3,5,0,10,South,0,Yes,System,Not Offered,0
C1007,50,Male,13,481,5906,Monthly,NetBanking,Fiber,2,1,124,4,222,4,5,1,6,WEST,2,No,Light,Not Offered,0
C2204,54,Male,14,503,6698,Monthly,UPI,FIBER,1,1,168,9,289,2,5,0,6,North,1,No,Light,Rejected,1
C1340,29,Female,24,738,17701,Monthly,Credit Card,DSL,4,1,133,0,239,2,0,0,5,East,1,No,Light,Rejected,1
C0836,44,Female,21,832,16591,Monthly,NetBanking,Fiber,0,0,94,3,180,4,5,0,9,West,3,No,Dark,Not Offered,0
C1380,49,male,23.0,650,11206,Month-to-Month,,Fiber,2,0,120,14,243,4,25,0,8,North,2,No,Light,Not Offered,0
C0493,40,Male,43,561,24133,Two Year,UPI,DSL,0,0,67,23,135,2,0,1,10,South,1,No,Dark,Not Offered,0
C1336,32,Male,39,779,28866,Monthly,Credit Card,none,3,0,132,1,249,2,5,0,8,West,0,Yes,Dark,Not Offered,0
C1366,43,Male,21,366,7733,Monthly,NetBanking,DSL,1,0,120,0,233,2,0,2,8,North,0,No,System,Not Offered,0
C1690,51,Female,12,824,8909,Monthly,Debit card,FiberOptic,4,3,73,18,175,3,10,0,2,North,2,Yes,Light,Accepted,1
C1635,27,Female,35,705,23456,Annual,Debit Card,Fiber,6,1,79,1,153,4,5,0,5,West,2,Yes,Light,Not Offered,0
C0054,37,male,8,1015,6083,Annual,,DSL,1,0,174,11,324,3,25,0,,East,1,Yes,System,Not Offered,0
C2339,47, Male ,20,772,14680,Annual,UPI,Fiber,0,0,131,5,219,2,5,0,9,West,1,No,System,Not Offered,0
C0703,60,Female,6,891,"4,825",ANNUAL, upi,Fiber,2,0,83,14,163,4,10,0,8,East,0,No,Dark,Not Offered,0
C2002,45, Female ,22,918,20216,ANNUAL,,Dsl,2,0,122,2,216,2,0,1,8,North,0,Yes,Dark,Not Offered,0
C0601,42,Male,44,534,17620,Annual,UPI,DSL,4,0,123,1,258,3,25,0,10,South ,0,No,Dark,Not Offered,0
C1373,65,Female,6,682,3714,Two Year,UPI,Fiber,8,5,86,18,159,2,10,1,1,West,1,Yes,Light,Rejected,1
C1410,32,Female,35,516,16278,Monthly,NetBanking,Fiber,1,1,124,1,217,3,10,4,7,North,0,Yes,Dark,Not Offered,0
C0209,42,Male,30,837,22578, monthly ,upi,Fiber,0,0,113,2,213,2,10,0,8,South,1,No,Dark,Not Offered,0
C0843,40,Male,19,329,6246,Monthly,DEBIT CARD,Fiber,2,1,167,16,307,4,0,2,6,West,0,Yes,Dark,Rejected,1
C1684,61,Male,10,656,"6,546",MONTHLY,upi,None,1,1,99,1,170,3,0,1,6,North,1,No,System,Rejected,1
C0151,41,Male,56,680,34294,Monthly, upi,DSL,1,1,131,0,253,3,10,1,8,East,0,No,Dark,Not Offered,0
C0701,32,Female,9,715,6455,Two Year,UPI,DSL,3,2,118,31,224,4,0,1,5,,0,No,System,Not Offered,0
C0400,43, Female ,8,714,"5,712",Two Year,Credit Card,FiberOptic,0,0,119,4,252,2,0,2,9,South,1,No,Dark,Not Offered,0
C2185,51,Male,19,990,16939,Monthly,,DSL,,2,166,1,293,3,10,1,4,North,0,No,Light,Rejected,1
C1974,45,male,15,,9520,Annual,Credit Card,DSL,1,0,127,5,241,5,0,0,9,North,1,No,Light,Not Offered,0
C1977,32,Female,25,734,18325,ANNUAL,UPI, Fiber ,0,0,108,34,167,2,0,0,10,East ,0,No,System,Not Offered,0
C1738,48,Female,21,1017,21349,Two Year,Credit Card ,Fiber,1,0,137,10,250,4,0,1,9,north,0,Yes,System,Not Offered,0
C1461,36,Female,19,757,10792,Two Year,UPI,Fiber,2,1,45,10,105,1,25,1,9,North,1,No,Light,Accepted,0
C0454,44,Female,42,908,38133,Annual,UPI,Fiber,0,0,140,7,252,2,0,1,10,South,1,No,Light,Not Offered,0
C2331,30,Female,32,640,16400,annual,Credit Card,DSL,2,0,113,4,206,3,20%,1,9,West,0,No,System,Not Offered,0
C0535,49,female,23,683,15737,Annual,Credit Card,DSL,,0,80,2,153,99,0,0,10,,1,No,Light,Not Offered,0
C1804,47,Female,9,672,5759,monthly,Credit Card,Fiber,1,1,115,2,193,4,5,3,6,West,2,No,System,Rejected,1
C1507,27,FEMALE,21,757,13530,Monthly,UPI,DSL,0,0,86,2,138,3,15,1,9,West,0,Yes,System,Not Offered,0
C0232,45,Female,32,537,"14,615",Monthly,UPI,None,2,1,147,3,262,2,15,0,6,North,1,No,Dark,Not Offered,0
C2094,31,Female,33.0,565,14939,Two Year,UPI,DSL,0,0,70,10,125,4,20,0,10,South,0,No,Dark,Not Offered,0
C0910,39,Female,41,1018,41788,Annual,UPI,Fiber,2,0,156,0,319,4,0,2,10,East,0,Yes,Light,Not Offered,0
C0291,38,Male,36,633,21675,Monthly,UPI,Fiber,0,0,138,1,278,2,5,0,8,South,0,No,Light,Not Offered,0
C1417,50,Male,34,865,26448,Monthly,UPI,DSL,5,3,139,25,267,2,10,0,1,west,0,No,Dark,Rejected,1
C0234,51,Male,34,828,21120,Monthly,Debit Card,None,2,1,115,1,193,1,25,0,7,West,1,No,Dark,Not Offered,0
C1611,29, Male ,26,761,17799,Annual,UPI,Fiber,2,0,94,9,151,3,10,0,9,north,1,No,Dark,Not Offered,0
C0571,42,Female,23,,"8,777",MONTHLY,NetBanking,Fiber,1,0,145,4,258,3,5,1,8,South,1,No,Dark,Not Offered,0
C1885,35,Female,13,780,10086,Monthly,Credit Card,DSL,4,3,107,20,190,3,0,1,2,South,0,Yes,Dark,Rejected,1
C0214,54,Male,25,671,15899,Monthly,NetBanking,DSL,0,0,128,18,221,1,5,0,8,,0,Yes,System,Not Offered,0
C0862,51,Female,17,748,10803,Monthly,Credit Card,fiber,2,1,114,18,221,3,15,0,6,North,1,No,System,Not Offered,0
C1283,41,Male,15,734,8822,Monthly,UPI,None,3,2,121,10,228,5,20,2,4,East,0,No,Light,Accepted,1
C0485,54,Female,15,630,9486,Annual,Debit Card,DSL,3,2,93,3,173,3,0,0,5,North,1,Yes,Light,Not Offered,0
C1932,32,FEMALE,35,942,29661,MONTHLY,UPI,DSL,2,1,72,14,146,3,10,1,6,North,1,No,Dark,Not Offered,0
C0024,30,FEMALE,20,990,16826,Monthly,NetBanking,Fiber,3,1,113,5,232,2,15,1,6,West,1,No,Light,Not Offered,0
C1225,45,Female,52,886,46105,Month-to-Month,Credit Card,Fiber,1,0,140,29,271,3,0,0,8,East,1,No,System,Not Offered,0
C0871,39,Female,29,939,25880,Annual,Credit Card,fiber,5,2,150,11,266,2,5,2,4,South,0,Yes,Dark,Rejected,1
C0708,33,Male,7,664,4634,Annual,Credit Card,DSL,0,0,66,0,172,4,0,2,9,East,1,Yes,Dark,Not Offered,0
C1619,38,Male,29,757,18638,Two Year,Credit Card,Fiber,0,0,58,3,131,3,15,0,10,South,2,Yes,Light,Not Offered,0
C1598,41,Male,22,645,13484,2-Year,Credit Card,Fiber,4,2,153,4,278,1,5,1,5,East,0,No,Dark,Not Offered,0
C1704,58,Male,7,776,5471,Annual,upi,Fiber,0,0,141,7,247,4,0%,0,9,South,2,No,Light,Not Offered,0
C0418,54,Male,12,701,8410,TWO YEAR,UPI,None,3,1,111,14,209,3,0,1,7,South,0,Yes,Dark,Not Offered,0
C2294,35,Male,25,949,23751,MONTHLY,DEBIT CARD,Fiber,0,0,90,4,168,3,0,2,9,WEST,0,No,Dark,Not Offered,0
C2360,51,Female,29,436,11345,Annual,UPI,Fiber,0,0,138,19,239,4,10,0,10,SOUTH,2,No,Light,Not Offered,0
C2091,43,Female,36,722,23394,Annual,Credit Card, Fiber ,1,0,67,9,117,3,10,0,9,East,0,No,Light,Not Offered,0
C0700,69,Female,25,743,16718,TWO YEAR,UPI,Fiber,0,0,154,4,289,1,10,0,10,NORTH,1,Yes,Light,Accepted,0
C1496,31, Female ,37,382,14147,Annual,UPI,Fiber,1,0,142,1,263,4,0,0,10,West,1,No,Dark,Accepted,0
C0826,27,Female,7,834,4963,Two Year,Credit Card,Fiber,0,0,157,0,289,2,15,0,10,West,1,No,Light,Not Offered,0
C0253,55,Female,14,1004,11947,Two Year,UPI,DSL,1,0,,1,212,2,15,3,,West,1,No,Light,Not Offered,0
C0758,33, Female ,13,763,9429,1 Year,Debit Card,Fiber,2,0,130,1,243,2,5,1,9,East,0,Yes,Dark,Not Offered,0
C0448,57,Male,38,603,20615, monthly ,UPI,Fiber,7,0,,9,137,3,10,0,7,South,0,Yes,Dark,Rejected,1
C1832,31,Female,20,556,10555,Monthly, upi,Fiber,2,1,70,1,119,2,5,0,6,West,1,Yes,Light,Not Offered,0
C1960,33,Male,17,,12512,Monthly,Credit Card,Fiber,,1,121,1,217,2,10,0,5,East,1,Yes,System,Rejected,1
C0887,67,Female,40,1026,41041,Monthly,Debit Card,DSL,1,0,,18,224,1,0,1,8,North ,0,Yes,System,Not Offered,0
C2293,24,Female,60,649,33068,Monthly,Card,DSL,2,1,72,6,134,3,15%,0,7,West,0,Yes,Dark,Not Offered,0
C1302,50,Male,23,912,20989,Monthly,UPI,DSL,6,3,79,18,160,3,0,0,2,West,0,No,Dark,Rejected,1
C1508,46,FEMALE,24,913,21948,Monthly,NetBanking,,0,0,149,1,265,3,0,0,8,north,1,No,Light,Not Offered,0
C0833,50,Male,28,770,21518, monthly ,Credit Card,Fiber,,2,137,18,256,3,0%,1,3,West,1,No,Dark,Rejected,1
C1862,53,female,31,373,11578,Annual,UPI,DSL,3,2,144,14,279,2,0,0,,North,0,No,System,Not Offered,0
C0556,50,Male,72,774,55722,Monthly,Credit Card,None,0,0,157,1,278,3,0,0,9,WEST,1,Yes,System,Not Offered,0
C2113,47,Female,16,593,9555,Monthly,Credit Card,DSL,6,3,181,18,346,1,0,0,1,North,2,No,System,Rejected,1
C2255,38,Female,16.0,358,5441,Annual,Credit Card,DSL,0,0,48,6,113,1,5,1,10,North,0,Yes,System,Not Offered,0
C0305,49,Male,28,932,22176, monthly ,credit card,DSL,3,0,126,2,236,4,15,0,7,West,0,No,Light,Not Offered,0
C0374,35,female,3,630,1817,Monthly,Net Banking,NONE,3,1,129,6,237,2,5,0,15,West,1,Yes,System,Not Offered,0
C2040,37,Male,62,727,40582,Annual,NetBanking,Fiber,0,0,102,8,194,3,10,1,10,East,1,Yes,Light,Not Offered,0
C0204,46,F,25,530,13247,TWO YEAR,Credit Card,None,0,0,,5,201,1,0,1,10,North ,0,No,Dark,Not Offered,0
C2222,30,Female,30,562,16867,Annual,Debit Card,Fiber,3,2,117,7,208,1,0,0,5,South,0,Yes,System,Rejected,1
C1639,32,male,38,605,22990,Monthly,UPI,None,2,0,99,8,173,1,0,0,8,South,0,Yes,Light,Not Offered,0
C0185,52,Female,43,864,37156,Monthly,DEBIT CARD,DSL,1,0,118,0,227,2,0,0,8,East,0,Yes,Dark,Not Offered,0
C0719,51,Male,21,898,14100,MONTHLY,Credit Card,DSL,2,0,131,20,242,2,25,0,8,SOUTH,0,Yes,Light,Not Offered,0
C0800,45,male,52,698,27228,Two Year,Debit Card,Fiber,0,0,52,12,121,4,25,4,10,North,0,Yes,Dark,Not Offered,0
C0756,67,Male,16,516,7029,Monthly,,Fiber,3,1,125,8,223,3,15,1,6,East,1,No,Light,Not Offered,0
C1206,45,Female,10,997,9950,One Year,NetBanking,Fiber,2,0,115,10,204,1,0,2,8,North,0,Yes,System,Not Offered,0
C0919,40,Female,,1043,18753,Monthly,Debit Card,DSL,4,1,139,20,260,3,0%,0,5,East,0,Yes,System,Accepted,1
C1808,25,Male,25,835,20860,Two Year,credit card,,2,1,85,8,184,2,0,0,,West,1,No,Light,Not Offered,0
C1196,35,FEMALE,19,888,"16,003",Annual,UPI,Fiber,2,1,84,5,144,2,5,0,7,north,0,No,System,Not Offered,0
C0875,39,FEMALE,35,861,30111,Two Year, upi,None,,0,95,0,181,3,0,0,10,East,0,No,Dark,Not Offered,0
C2231,34,female,,648,46683,TWO YEAR,UPI,FiberOptic,4,1,73,6,143,4,0,2,6,East,2,Yes,System,Not Offered,0
C0405,58,Female,37,414,13806,Two Year,Credit Card,Fiber,0,0,43,2,105,3,10,0,10,North,0,No,Dark,Not Offered,0
C0660,37,Male,21,850,16948,Monthly,Credit Card,DSL,2,0,115,2,229,3,5,0,6,South,0,Yes,Dark,Not Offered,0
C1276,62,Female,26,655,16177,Two Year,UPI,Fiber,0,0,164,0,278,2,5,0,10,North,1,No,System,Not Offered,0
C0042,45,Female,21,359,7514,Two Year,Credit Card,None,2,1,101,0,182,3,0,1,8,North,0,Yes,System,Not Offered,0
C1295,33,Female,6,441,2372,Annual,Credit Card,Fiber,2,0,118,5,240,2,10,0,8,North,1,No,Light,Not Offered,0
C1379,38,female,8,520,3709,Monthly,Debit Card, Fiber ,2,1,105,6,209,3,10,1,6,South,1,No,Dark,Rejected,1
C0457,47,Male,12,697,"8,348",Monthly,Credit Card,DSL,2,1,142,4,277,3,0,0,6,North,0,No,Dark,Accepted,1
C0876,49,Female,9,724,6220,Annual,NetBanking,DSL,0,0,110,13,186,2,5,1,9,North,1,No,System,Not Offered,0
C0981,61,Male,14,802,10098,Monthly,CREDIT CARD,DSL,0,0,117,4,239,3,10,0,9,East,0,Yes,Dark,Not Offered,0
C1341,50,Male,15,862,12923,Monthly,NetBanking,Fiber,1,0,103,1,198,2,0,0,8,North,0,Yes,System,Not Offered,0
C1716,55,Male,23,597,12376,Annual,Credit Card,Fiber,0,0,104,15,204,2,10%,1,9,North,2,No,Light,Not Offered,0
C1077,42,MALE,58,776,45025,Annual,Net Banking,DSL,1,1,,3,163,3,0,5,8,east,0,Yes,Dark,Not Offered,0
C1019,29,female,37,671,21111,Monthly,UPI,Fiber,1,1,26,6,40,2,15,1,8,East,1,Yes,System,Not Offered,0
C1596,20,Male,31,749,22050,Monthly,Credit Card,Fiber,5,3,189,14,337,4,5,1,1,North,0,Yes,Dark,Rejected,1
C1093,18,Female,9.0,750,6755,Monthly,,Dsl,5,1,161,25,297,5,0,0,3,east,0,Yes,Light,Rejected,1
C1108,40,Female,45,779,33285,Monthly,UPI,DSL,0,0,87,7,179,4,5,2,9,North,1,No,Dark,Not Offered,0
C0502,45,Male,33,427,12683,Two Year,Debit card,Fiber,2,0,185,3,317,3,10,0,9,South,1,Yes,Dark,Not Offered,0
C1657,35,M,25,525,12519,Month-to-Month,NetBanking,Fiber,3,2,40,12,104,4,5,1,4,West,0,Yes,Dark,Rejected,1
C1255,20,Male,20,761,12948,Monthly,CREDIT CARD,,2,1,20,5,60,3,15,0,5,West,0,No,Light,Not Offered,0
C0369,37,Female,27,401,10843,Monthly,credit card,DSL,0,0,125,0,222,3,0%,0,9,South,2,Yes,Light,Not Offered,0
C1819,39,Male,46,820,37739,Monthly,Credit Card,Fiber,0,0,124,16,217,2,0,1,9,South,1,No,Light,Not Offered,0
C1749,31,Female,22,846,16723,Monthly,Credit Card,Fiber,1,0,48,2,84,3,10,1,8,South,2,Yes,System,Accepted,0
C2297,38,FEMALE,15.0,591,8395,Monthly,UPI,DSL,2,1,96,21,198,4,5,0,6,South,2,Yes,System,Not Offered,0
C1486,18,Female,5,588,2625,Annual,Card,Fiber,1,0,116,11,220,4,10,1,8,West,0,Yes,Light,Not Offered,0
C0858,44,Female,26,595,15443,Monthly,Credit Card,Fiber,3,2,118,8,212,4,0,0,4,West,1,No,Light,Rejected,1
C1090,58,Female,58,585,28831,Monthly,NetBanking,DSL,3,0,131,3,237,4,15,2,8,South,0,No,Light,Not Offered,0
C0067,38,Male,17,661,9526,Annual,UPI,DSL,5,2,143,1,255,3,15,0,4,West,0,No,System,Accepted,1
C1809,24,Female,26,658,16250,Two Year,debit card,Fiber,2,1,122,1,224,4,5,1,8,East,1,No,Light,Not Offered,0
C0068,40,Male,26,613,15954,Annual,UPI,Fiber,5,0,129,5,225,3,0,1,7,West,2,Yes,Light,Not Offered,0
C0210,40,Female,20,375,"7,129",Monthly,Credit Card,,5,2,42,16,88,3,5%,2,3,East,0,Yes,System,Rejected,1
C1956,32,Female,45.0,687,30949,monthly,Credit Card,Fiber,0,0,129,2,236,1,0,3,,West,0,Yes,Dark,Not Offered,0
C0567,48,Female,16,420,6699,Monthly,UPI,Fiber,3,2,77,1,157,2,0,0,4,West,0,Yes,Light,Rejected,1
C1600,52,Male,35,499,16577,Month-to-Month,CREDIT CARD,Fiber,1,0,81,6,157,1,5,2,8,East,0,No,Dark,Accepted,0
C1638,45,Male,15,508,7607,Monthly,,None,2,1,162,20,281,4,0,0,,South,1,No,System,Rejected,1
C0140,34,Male,14,840,10556,Two Year,UPI,Fiber,1,0,130,0,233,3,10,1,10,West,1,Yes,System,Not Offered,0
C0663,45,Female,25,905,18121,Monthly,NetBanking,Fiber,0,0,183,1,325,2,20,0,10,EAST,0,No,Light,Not Offered,0
C1872,57,FEMALE,20.0,577,11516,Annual,Debit Card,FiberOptic,0,0,99,5,192,4,0,0,9,North ,0,No,Dark,Not Offered,0
C0921,32,Female,24,1083,24701,Monthly,NetBanking,DSL,1,0,68,19,151,2,5,1,8,North,0,Yes,Dark,Not Offered,0
C0261,41, Male ,15,788,11806,Two Year,upi,Fiber,,0,153,11,279,3,0%,0,10,West,2,No,System,Not Offered,0
C1440,50,Female,22,868,"19,074",Annual,Credit Card,DSL,0,0,78,22,147,1,0%,2,9,East,0,No,System,Not Offered,0
C2059,35,M,20,702,14043,Two Year,Credit Card,Fiber,3,1,84,4,168,1,0,0,7,West,0,Yes,Dark,Not Offered,0
C0083,48,Male,32,994,25487,Monthly,Credit Card,DSL,3,1,118,1,212,3,20%,1,6,North,1,No,Dark,Not Offered,0
C1153,22,Female,17,633,10772,Annual,UPI,Fiber,3,1,,8,237,1,0,0,7,South,2,Yes,Light,Not Offered,0
C1055,61,Male,20,828,16549,Monthly,NetBanking,Fiber,3,1,84,3,149,4,0,0,5,North,0,No,System,Rejected,1
C0100,52,Female,19,605,9797,Monthly,Credit Card,dsl,4,2,79,1,142,2,15,0,4,North,1,Yes,Light,Rejected,1
C0041,36,Male,8,845,6415,Monthly,UPI,Fiber,,3,133,20,245,3,5,0,1,North,0,No,Light,Accepted,1
C0605,21,Female,39,657,24338,Two Year,Debit card,Fiber,2,1,161,1,293,1,5,0,8,south,1,No,System,Not Offered,0
C2219,45,female,43,900,38745,Annual,UPI,,0,0,136,1,296,3,0,2,10,North,1,Yes,Light,Not Offered,0
C2350,65,Female,39,677,26402,Monthly,UPI,Fiber,0,0,160,1,306,4,0,0,9,,1,Yes,Light,Accepted,0
C2048,43,Female,27,476,12868,Two Year,UPI,Fiber,0,0,110,3,216,3,0,1,10,West,0,No,Dark,Not Offered,0
C1020,57,Male,40,1099,41750,Two Year,Credit Card,Fiber,0,0,,11,248,5,5,1,10,west,0,Yes,Dark,Not Offered,0
C0847,38,MALE,22,628,13121,Monthly,netbanking,DSL,3,2,99,15,201,3,5,0,3,South,0,No,Light,Rejected,1
C0760,49,Male,27,347,8911,Annual,UPI,Fiber,2,0,129,1,241,2,5,0,9,NORTH,2,Yes,Light,Not Offered,0
C1988,18,Male,24,835,16983,annual,NetBanking,,5,1,122,1,230,1,15,1,6,West,1,Yes,Light,Not Offered,0
C0604,27,FEMALE,6,617,3736,Annual,NetBanking,Fiber,0,0,162,0,284,1,0,0,9,East,0,No,Dark,Not Offered,0
C1517,41,Male,,540,5143,Month-to-Month, upi,Fiber,3,1,100,7,201,2,5,0,5,West ,1,Yes,System,Rejected,1
C1621,29,MALE,24,815,19580,Annual,NetBanking,Fiber,0,0,196,7,354,4,0,0,9,West,0,Yes,System,Not Offered,0
C0102,39,Male,6,728,4148,Monthly,NetBanking,,2,1,161,10,296,1,5,1,6,,1,No,Dark,Rejected,1
C0763,59,Male,19,668,12669,Annual,UPI,Fiber,0,0,36,6,79,3,0,1,9,North,0,Yes,System,Not Offered,0
C1554,45,Male,6,745,4459,Annual,netbanking,Fiber,0,0,160,15,284,3,0,0,9,North,0,Yes,System,Not Offered,0
C1449,54,Female,24,436,9932,Annual,UPI,DSL,1,0,121,2,214,2,5,1,10,West,0,Yes,System,Not Offered,0
C1499,43,Female,22,889,15654,monthly,UPI,Fiber,2,1,144,6,229,3,20,0,6,North,0,No,Light,Not Offered,0
C2078,53,Male,20,759,15228,Two Year,UPI,Fiber,2,1,109,4,204,3,0,0,8,South,2,Yes,Dark,Not Offered,0
C1891,50,Female,24,989,22561,Monthly,Debit Card,DSL,999,3,146,14,257,2,5,1,1,North,0,No,Light,Accepted,1
C1724,42,FEMALE,13,555,6469,Two Year,UPI,None,,1,122,18,235,3,10,1,8,North,0,No,System,Not Offered,0
C1615,29,MALE,22,654,14393,Monthly,Debit Card,Fiber,1,1,5000,13,370,3,0,0,7,North,0,No,System,Not Offered,0
C1962,38,Female,43,777,31732,Monthly,Debit Card,DSL,2,1,57,6,109,3,5,0,7,SOUTH,0,No,Light,Not Offered,0
C0578,35,FEMALE,24.0,637,14515,TWO YEAR,UPI,dsl,2,1,146,2,230,3,5,0,8,South,0,Yes,Dark,Not Offered,0
C0123,51,Female,36,640,"18,428",2 Year,NetBanking,None,1,0,101,2,184,4,20,0,10,East,1,No,System,Not Offered,0
C1005,52,M,12,727,8259,Monthly,credit card,DSL,1,0,117,2,230,3,5,0,8,North,0,Yes,System,Not Offered,0
C0355,33,Female,14,650,7293,Monthly,NETBANKING,DSL,1,1,85,0,187,4,20%,0,7,East,2,No,Light,Not Offered,0
C2028,30,Male,14,,11532,Monthly,UPI,Fiber,2,1,98,13,156,3,0,0,5,West,1,No,Light,Not Offered,0
C0769,26,Female,15,,5237,Monthly,UPI,Fiber,2,1,65,1,138,3,15,1,6,South,1,No,System,Not Offered,0
C2109,27,Male,13,825,10203,Annual,UPI,Fiber,3,1,116,7,212,3,5,0,7,East,1,Yes,System,Not Offered,0
C2043,43,Male,55,906,49805,Monthly,,DSL,0,0,104,4,192,2,0,0,9,East,0,Yes,Light,Not Offered,0
C1661,29,Female,5,492,2221,Monthly,,DSL,6,1,139,21,231,1,10,1,3,West,0,Yes,Light,Rejected,1
C2080,40,Female,21,630,12567,Annual,,Fiber,1,0,151,4,295,4,5,0,9,east,0,No,Light,Not Offered,0
C0128,18,Male,36,,26403,Monthly,Credit Card,dsl,4,1,,8,176,2,5,2,5,East,2,Yes,Dark,Accepted,1
C1288,45,FEMALE,24,946,22732,Annual,Credit Card,Fiber,5,3,88,30,180,3,0,0,2,North,0,Yes,Light,Accepted,1
C0943,50,Female,66,749,46964,Monthly,Credit Card,DSL,0,0,25,15,65,2,5,2,9,East ,0,Yes,System,Not Offered,0
C0985,3,Male,11,737,7275,Annual,Debit Card, Fiber ,1,1,,9,142,3,10,0,8,South,2,No,System,Not Offered,0
C2006,64,Male,37,931,32718,Month-to-Month,Credit Card,Fiber,2,0,143,28,269,1,5,1,8,East,0,Yes,System,Not Offered,0
C0682,44,Male,19,1152,16413,Monthly,UPI,DSL,5,3,118,24,232,3,25,1,1,East,1,No,System,Rejected,1
C1670,43,Female,36,638,22967,2 Year,CREDIT CARD,Fiber,,0,132,11,218,2,0,0,10,EAST,1,No,System,Not Offered,0
C0384,35,F,23.0,565,10383,1 Year,Debit Card,Fiber,2,1,132,2,248,1,20,0,8,South,1,No,System,Not Offered,0
C0855,65,M,17,605,9781,Annual,UPI,Fiber,0,0,159,13,285,2,5,1,10,South,0,No,Dark,Not Offered,0
C0589,62,Female,8,891,7132,Annual,Debit Card,DSL,1,1,94,7,190,1,0,0,7,West,1,Yes,System,Accepted,0
C0530,28,Male,38,1019,38726,Annual,Credit Card,Fiber,2,0,149,1,293,2,0,0,10,South,0,Yes,System,Not Offered,0
C0159,21,Female,14,924,10356,Two Year,Credit Card,Fiber,0,0,101,0,181,3,20,0,10,North,0,Yes,System,Not Offered,0
C0745,51, Female ,11,869,9550,Monthly,UPI,DSL,3,1,96,0,193,2,0%,0,4,North,2,Yes,Dark,Rejected,1
C1566,34,male,22,,17505,Monthly,UPI,Fiber,0,0,136,6,228,3,0,1,8,East,1,Yes,System,Not Offered,0
C1320,27,Female,17,529,8970,annual,Credit Card,,0,0,155,11,256,4,0,4,10,North,0,No,System,Not Offered,0
C1771,26,Male,17,802,13654,Annual,Credit Card,Fiber,2,1,102,1,219,2,0,0,7,South,0,Yes,Light,Not Offered,0
C0757,65,Female,63,606,34345,Annual,upi,,1,0,116,11,215,1,10,0,10,South,1,No,System,Not Offered,0
C0378,55,Female,30,457,13696,Monthly,Credit Card,DSL,6,2,74,16,159,2,0,0,0,South,1,No,Dark,Not Offered,0
C0570,40,Male,25,750,16888,Annual,UPI,Fiber,0,0,92,20,193,3,10,3,9,West,1,No,Light,Not Offered,0
C0823,29,Male,29,684,16887,Monthly,UPI,DSL,2,0,99,0,177,3,15,0,8,West,3,No,Light,Not Offered,0
C0941,39,F,26,854,18875,Annual,UPI,DSL,0,0,123,5,217,2,15,0,9,North ,0,Yes,Dark,Not Offered,0
C2004,18,M,8,635,5073,Two Year,UPI,DSL,3,0,115,7,218,1,0,0,8,west,0,No,Light,Not Offered,0
C0790,51,Male,30,655,18647,Annual,UPI,DSL,0,0,139,10,264,3,5,0,10,East,0,Yes,Light,Not Offered,0
C1602,18,Female,12,862,9289,Annual,Debit Card,Fiber,2,0,120,2,208,4,10,0,9,West,1,No,Dark,Not Offered,0
C1354,23,Female,21,716,"14,238",monthly,Debit Card,Fiber,4,2,69,21,140,3,5,1,3,East,1,Yes,Light,Rejected,1
C1523,31,Male,39,460,16137,Annual,Credit Card,DSL,3,0,22,0,86,3,10,1,10,West,0,Yes,Light,Not Offered,0
C1031,44,Male,29,607,14972,Two Year,Credit Card,,2,0,188,13,334,1,15,2,9,West,3,No,Light,Not Offered,0
C1203,58,Male,9,764,6884,Annual,Debit Card,DSL,1,0,104,2,197,3,0,4,8,West,0,Yes,Light,Not Offered,0
C0218,37,female,22,577,9488,Monthly,Debit Card,None,2,1,84,16,156,1,25,0,7,South,1,No,Dark,Not Offered,0
C0603,41,female,27,717,17429,Annual,NetBanking,DSL,1,1,,1,289,4,10,0,8,North,0,No,Dark,Not Offered,0
C0991,44,Female,12,526,6272,Monthly,UPI,Fiber,1,0,159,0,262,1,0,3,8,South,0,Yes,System,Not Offered,0
C0561,32,Male,14,656,8718,One Year,NetBanking,DSL,1,0,156,1,304,2,5,0,10,West,1,No,Dark,Not Offered,0
C2016,25,Female,15,672,8076,Annual,credit card,,2,0,,4,243,2,20,0,10,EAST,1,Yes,System,Not Offered,0
C0592,40,Male,42,719,"28,679",Monthly,NetBanking,None,0,0,138,11,231,1,5,0,9,South,0,Yes,System,Not Offered,0
C1913,34,Female,19,830,14207,1 Year,Credit Card,FiberOptic,5,0,161,16,306,3,10,0,,South,1,Yes,Light,Not Offered,0
C1139,23,Male,47,715,31908,Monthly,NetBanking,Fiber,5,2,92,10,159,4,5,1,4,East,0,No,Light,Rejected,1
C1993,56,Female,28,673,18851,Annual,Debit Card,Fiber,0,0,89,4,165,3,0,0,9,South,1,Yes,System,Not Offered,0
C0580,40,Male,69,763,52628,Annual,NetBanking,Fiber,1,1,146,13,286,3,0,0,8,,1,No,Light,Not Offered,0
C1986,37,Male,38,819,31149,MONTHLY,,DSL,2,1,128,1,232,3,0,0,7,North ,0,No,Dark,Not Offered,0
C1653,37,male,20,966,17375,2-Year, upi,None,0,0,105,6,222,2,10,1,10,East,0,No,Light,Not Offered,0
C1927,48,Female,17,835,14166,Monthly,Card,Fiber,2,1,109,3,210,2,0,1,6,North,1,Yes,Light,Not Offered,0
C0711,18,Male,22,738,16247,monthly, upi,DSL,0,0,121,1,220,3,0%,0,8,North,2,Yes,Dark,Not Offered,0
C0795,37,Male,40,658,26329,Two Year,Credit Card,DSL,6,2,107,13,203,2,0,0,5,north,1,No,Light,Not Offered,0
C2057,40,Male,43,775,30024,Month-to-Month,NetBanking,Fiber,2,1,174,2,332,3,10,3,7,west,0,Yes,System,Not Offered,0
C2123,50,Female,23,758,14820,Annual,Credit Card,Fiber,0,0,199,3,370,3,15,0,10,East,0,No,System,Not Offered,0
C2272,68,Male,36,542,17554,Monthly,Credit Card,FiberOptic,2,1,116,10,228,1,10,1,7,North,1,Yes,Dark,Not Offered,0
C1822,24, Male ,23,698,15281,Monthly,UPI,,1,1,107,3,225,1,5,2,6,East,1,No,Light,Rejected,1
C2170,32,Female,20,624,9996,Two Year,Credit Card ,Fiber,1,0,127,6,216,3,20,0,10,NORTH,0,No,Dark,Not Offered,0
C0350,29,Female,21,795,15897,Annual,Debit Card,DSL,3,1,135,3,237,3,5,3,6,East,2,Yes,Dark,Not Offered,0
C0869,48,Female,22,749,16486,Monthly,Credit Card,Fiber,2,1,131,15,203,1,0,2,6,West ,1,No,Dark,Rejected,1
C1667,37,Female,37,592,19705, monthly ,Card,Fiber,0,0,109,5,220,3,10,1,9,East,2,Yes,Light,Not Offered,0
C0566,23,M,28,682,18149,Annual,UPI,DSL,0,0,66,1,113,2,5,0,9,,1,Yes,System,Not Offered,0
C1798,31,female,42,773,27618,Monthly,Credit Card,DSL,2,1,151,7,295,4,15,1,8,East,1,Yes,Dark,Not Offered,0
C1817,35,Male,10,435,4327,Annual,Credit Card,Fiber,2,0,117,3,218,1,0%,1,8,North,0,No,Dark,Not Offered,0
C0245,68,Male,27,614,16566,Two Year,NetBanking,DSL,0,0,145,1,260,4,0,1,10,North,1,Yes,Light,Not Offered,0
C0932,46,Male,10,706,7053,Annual,UPI,Fiber,0,0,119,9,223,3,0,0,10,East,0,No,System,Not Offered,0
C1432,30,Female,27,686,16684,1 Year, upi,Fiber,2,1,86,7,190,2,10%,0,8,North,0,Yes,System,Not Offered,0
C2001,54,Male,51,381,19415,Two Year,NetBanking,None,0,0,67,9,109,3,0,1,10,east,2,No,Light,Not Offered,0
C1594,36,Male,12,678,7300,Monthly,Debit Card,Fiber,1,1,151,1,270,1,10,0,7,East,0,Yes,Light,Not Offered,0
C0963,57,Male,37,472,17426,Annual,UPI,Fiber,2,1,128,5,254,1,0,0,8,east,0,Yes,System,Not Offered,0
C0638,33, Male ,56,685,34484,Monthly,NetBanking,Fiber,2,1,112,14,210,3,10,1,,South,1,No,System,Not Offered,0
C0726,37,Male,47,645,30334,Monthly,NetBanking,Fiber,7,1,154,2,241,3,0,3,4,North,0,Yes,Dark,Not Offered,0
C1144,33,Male,37,754,22269,Month-to-Month,NetBanking,Fiber,0,0,85,4,168,2,20,3,10,South,1,No,Light,Not Offered,0
C0408,27,Male,37,701,25939,Monthly,NETBANKING,dsl,0,0,221,3,397,3,0,0,9,north,2,No,Dark,Not Offered,0
C0827,20,Male,13,830,10222,Two Year,upi,Fiber,0,0,82,1,180,3,5,1,10,East,0,No,Light,Not Offered,0
C2077,29,Female,30,876,"26,273",Annual,UPI,Fiber,1,0,64,4,133,2,0,0,9,West ,1,Yes,Dark,Not Offered,0
C1968,58,Female,15,505,"6,044",Annual,UPI,Fiber,2,1,129,14,234,2,20,0,8,North,0,Yes,Dark,Not Offered,0
C2163,50, Male ,9,843,7596,MONTHLY,UPI,Fiber,2,1,128,3,239,3,0,0,,,2,No,Light,Not Offered,0
C1179,42,Female,17,779,13220,Two Year,Credit Card,Fiber,0,0,109,10,182,2,0,0,10,South,1,Yes,Dark,Not Offered,0
C0896,54,Female,23,339,"7,399",Annual,,Fiber,0,0,123,2,229,3,5,0,,West,0,Yes,System,Not Offered,0
C1836,30,Female,10,640,4787,1 Year,Credit Card,Fiber,7,0,155,1,301,5,25,1,,West,1,No,Dark,Not Offered,0
C0506,38,Male,50,708,33620,One Year,,DSL,3,2,61,3,143,3,5,0,5,South,0,No,Dark,Not Offered,0
C1330,49,Male,22,622,13690,Annual,,None,0,0,114,1,244,2,0,0,9,North,1,No,System,Not Offered,0
C0633,34,Male,24,804,19291,Two Year,NetBanking,,3,2,140,6,278,2,0,1,6,East,1,No,Light,Accepted,0
C1547,36,Female,21.0,929,17584,Month-to-Month,Credit Card,,5,1,101,4,203,2,10,0,4,East,0,No,System,Not Offered,0
C0748,31,Female,15,674,8591,Monthly,Credit Card,DSL,1,0,63,16,131,2,15,1,9,North,2,Yes,Dark,Not Offered,0
C1838,42,Female,56,752,42059,Monthly,Debit Card,Fiber,3,0,140,0,257,3,0,1,8,North,0,No,System,Not Offered,0
C1274,115,Female,25,1047,26186,Two Year,UPI,dsl,1,1,149,7,265,1,0,0,8,South,0,No,Light,Not Offered,0
C1727,39,Female,24,843,17206,Monthly,UPI,Fiber,2,1,74,0,153,4,15,0,6,West,1,Yes,System,Not Offered,0
C0330,44,Female,,865,8571,Month-to-Month,Credit Card,Fiber,3,2,20,8,45,1,10,1,,West ,2,No,System,Rejected,1
C1168,44,Male,26.0,748,"17,486",Monthly,Credit Card,DSL,1,1,128,0,245,1,10,1,7,South,2,No,Dark,Not Offered,0
C2385,51,Female,70,963,64055,Monthly,Debit Card,Fiber,0,0,102,6,164,2,5,0,9,North,0,Yes,System,Not Offered,0
C0213,52,Female,34,763,25931,Annual,Credit Card,Fiber,0,0,125,11,238,4,0,3,9,East,1,No,Dark,Not Offered,0
C1356,29,Male,30,665,19949,Two Year,Debit Card,DSL,2,0,145,2,257,3,0,1,9,West,0,Yes,Dark,Not Offered,0
C0484,48,Male,14,786,10457,Annual,Credit Card,Fiber,2,1,76,12,141,2,5,0,8,East,1,No,Dark,Not Offered,0
C0999,18,Male,,489,14974,Monthly, upi,Fiber,0,0,82,22,154,2,10,1,9,South,1,No,System,Not Offered,0
C2009,52,Male,19,631,10193,Monthly,netbanking,Fiber,3,2,169,10,308,2,15,2,5,South,0,No,Light,Rejected,1
C0955,47,Male,21,852,17012,Monthly,Debit Card,FiberOptic,,1,85,6,159,3,5,1,,East ,1,No,Light,Not Offered,0
C0228,59,M,45,925,41629,Annual,UPI ,Fiber,0,0,83,2,157,42,0,0,10,North,0,No,Light,Not Offered,0
C2083,46,Female,30,889,24007,Annual,,Dsl,2,1,97,3,217,4,10,3,7,South,1,No,Dark,Not Offered,0
C0383,38,Female,14,554,6574,Two Year,Credit Card,DSL,3,0,191,9,332,3,15,0,9,South,0,Yes,System,Not Offered,0
C1715,35,Male,24,464,9985,Annual,NetBanking,Fiber,0,0,,1,65,4,10,0,,,1,No,Light,Not Offered,0
C0453,33,Female,30,791,22557,Monthly,UPI,Fiber,1,1,144,6,272,1,5,3,7,North,2,No,Dark,Not Offered,0
C2388,42,male,60,753,42935,Monthly,UPI ,Fiber,4,0,79,0,173,2,5,0,7,North,0,Yes,Dark,Not Offered,0
C0412,45,male,22,-500,13937,Two Year,credit card,DSL,1,1,129,25,234,3,10,0,9,East,2,No,Dark,Not Offered,0
C0183,27,Male,25,657,14804,Monthly,UPI,FIBER,0,0,121,2,232,2,10,0,9,NORTH,0,No,Dark,Not Offered,0
C0169,61,Male,,946,41349,Month-to-Month,Credit Card,DSL,1,1,128,0,246,2,5,3,7,East,1,Yes,Light,Not Offered,0
C1806,38,Male,38,738,26676,two year,Credit Card,Fiber,1,0,130,2,248,3,5,1,10,North,0,Yes,System,Not Offered,0
C0108,52,Male,,958,19097,Monthly,UPI,DSL,4,1,43,16,86,2,5%,0,5,North,0,No,Light,Rejected,1
C0585,43,Male,25,951,23780,Two Year,Credit Card,Dsl,0,0,190,0,328,2,0,1,10,West,1,Yes,Dark,Not Offered,0
C2211,38,Male,39,663,25851,Monthly,Debit Card,Fiber,1,0,101,10,181,1,0,0,9,South,2,No,Light,Not Offered,0
C0200,30,Male,30,373,10664,Monthly,NetBanking,DSL,6,2,186,15,322,3,5,0,3,West,2,No,System,Rejected,1
C2375,34,Male,41,592,24291,Two Year,Debit Card,,0,0,152,17,288,2,0,0,10,South,0,Yes,Light,Not Offered,0
C0622,40,Male,30,821,23411,Two Year,NetBanking, Fiber ,3,0,138,14,253,5,5,1,8,South,1,No,Dark,Not Offered,0
C1570,54,Female,72,577,39460,Monthly,UPI,DSL,4,2,95,1,196,3,5,1,4,North,0,Yes,Light,Rejected,1
C2238,34,Female,29,945,21895,Annual,Credit Card,,2,1,93,10,204,4,20,1,7,North,2,No,System,Not Offered,0
C2252,44,Male,,685,7692,Annual,UPI, Fiber ,1,0,121,4,227,1,25,3,9,East,1,Yes,Dark,Not Offered,0
C1785,44,Female,20,469,8448,Annual,UPI,DSL,7,1,124,7,218,2,10,0,6,East,1,No,Dark,Not Offered,0
C1850,26,Male,19.0,789,"13,466",Annual,NetBanking,Fiber,0,0,127,13,255,3,10,0,10,East,0,Yes,Dark,Not Offered,0
C0765,26,Male,38,852,32360,Annual,UPI,Fiber,7,1,107,14,193,1,0,0,6,West,0,Yes,Light,Not Offered,0
C0657,43,Female,7.0,812,5412,Monthly,Debit Card,Fiber,2,1,70,14,122,4,5,0,5,West,0,No,Dark,Accepted,1
C0617,25,F,11,394,3236,Monthly,,DSL,5,2,53,17,110,3,25,1,3,East,2,Yes,Dark,Rejected,1
C0165,45,Female,6,847,5053,Monthly,Credit Card,DSL,10,5,175,26,320,2,0,0,1,East,0,No,Dark,Rejected,1
C1998,45,Female,24,670,12076,Monthly,Credit Card,Fiber,1,0,41,11,84,2,25,0,8,South,3,Yes,Light,Not Offered,0
C0699,34,Female,22.0,864,15177,Two Year,UPI,DSL,4,1,101,0,221,4,20%,0,7,West,1,Yes,System,Not Offered,0
C1877,70,Male,26,699,17294,Monthly,Credit Card,Fiber,2,1,92,13,171,3,5,0,6,South,1,No,System,Not Offered,0
C1155,62,M,19,640,10940,Annual, upi,dsl,,0,91,6,186,2,10,0,10,West,2,No,Dark,Not Offered,0
C2027,46,Female,8,819,5574,Monthly,NETBANKING,None,1,1,136,6,249,2,15,1,6,North ,0,No,System,Rejected,1
C0522,43,Female,33,879,29011,Annual,UPI ,Fiber,2,1,,1,166,4,0,0,7,East,2,Yes,Light,Not Offered,0
C1882,35,M,24,858,17492,Monthly,Credit Card,Fiber,3,2,85,21,182,5,15,1,4,West,1,No,Dark,Accepted,1
C1011,42,Male,46,699,30541,Annual,Credit Card,DSL,0,0,177,0,319,2,5,0,10,North,1,Yes,Light,Not Offered,0
C1370,47,Female,7,761,"5,328",Month-to-Month,Net Banking,Fiber,10,4,186,16,327,1,0,0,1,South,2,No,Light,Rejected,1
C0814,58,Male,20,728,13829,Monthly,Debit Card,DSL,7,1,114,17,213,2,5,1,3,South,3,No,Dark,Rejected,1
C0914,66,MALE,11,652,6445,Annual,Credit Card,DSL,2,0,127,12,263,4,10,1,8,North,1,Yes,Light,Not Offered,0
C0870,37,Female,23,667,15319,Monthly,Debit Card,DSL,4,1,122,9,219,3,0,0,4,North,1,Yes,Dark,Rejected,1
C0087,35, Female ,17,560,8561,MONTHLY,UPI,DSL,3,1,116,9,236,4,10,0,5,North,0,Yes,System,Not Offered,0
C1439,29,Male,44,957,37921,2 Year,UPI,DSL,2,1,93,0,163,3,10,1,9,South,0,Yes,System,Not Offered,0
C0131,40,Female,43,748,32182,Two Year,UPI,DSL,2,1,151,6,258,3,0,1,8,North,1,No,System,Not Offered,0
C0446,35,FEMALE,10,313,2690,monthly,UPI,DSL,2,1,107,0,191,2,15,5,6,East,2,Yes,Light,Not Offered,0
C0894,35,male,17,531,8126,MONTHLY,CREDIT CARD,FIBER,4,1,96,2,186,3,10,0,6,East,1,No,Dark,Accepted,1
C1608,75,Female,53,785,41576,Two Year,Debit Card,DSL,0,0,101,14,184,2,0,0,10,west,2,Yes,System,Accepted,0
C1301,19,Male,26,656,17053,Monthly,Credit Card,Fiber,0,0,219,0,402,3,0,0,8,South,2,No,System,Not Offered,0
C0040,36,Female,12,756,8603,Two Year,UPI,Fiber,0,0,20,4,53,3,5,1,10,West ,1,No,System,Not Offered,0
C1595,61,Male,32,1041,28319, monthly ,NetBanking,Fiber,4,1,76,12,132,1,15,1,5,,3,Yes,System,Not Offered,0
C1169,31,Female,8,876,"6,297",Annual,NetBanking,Fiber,0,0,121,1,212,2,10,0,9,North,1,Yes,Dark,Not Offered,0
C0303,25, Female ,5,614,2640,Annual,UPI,,0,0,89,5,152,3,15,0,9,West,0,No,Light,Not Offered,0
C0244,52,Male,36,649,21023,Monthly,Credit Card,Fiber,0,0,123,0,235,4,10,0,,East,3,No,Light,Not Offered,0
C2281,37,Male,65,426,26315,Annual,Debit Card,Fiber,1,0,89,17,180,2,5,1,10,North,1,Yes,Dark,Not Offered,0
C0017,48,Female,,694,15967,Monthly,Credit Card,None,2,1,90,4,164,3,0%,0,6,South,0,Yes,System,Not Offered,0
C0106,55,Male,18,550,7948,Monthly, upi,DSL,7,1,,29,125,2,20,2,3,South,0,No,Dark,Accepted,1
C2174,51,Female,25,1015,24081,Two Year,Credit Card,None,,1,123,2,229,2,5,1,8,West,0,Yes,Light,Not Offered,0
C1201,49,MALE,25,894,22377,Month-to-Month,UPI,Fiber,0,0,137,2,254,4,0,0,8,North,0,Yes,System,Not Offered,0
C0791,65,M,9,706,6404,Annual,UPI ,Fiber,4,1,157,2,286,4,0,0,5,North,1,Yes,Dark,Rejected,1
C1586,32,Male,19,825,15661,Monthly,NetBanking,NONE,3,1,78,2,146,2,0,0,5,West,1,No,Light,Not Offered,0
C1403,43,Male,10,728,6539,Monthly,UPI,Fiber,1,1,140,0,253,3,10,0,5,South,1,No,Light,Rejected,1
C0775,31, Female ,36,344,12399,Two Year,UPI,None,,1,66,10,150,3,0,2,9,,1,Yes,Dark,Not Offered,0
C0727,57,Male,13,945,9248,Two Year,NetBanking,Fiber,0,0,90,0,168,3,25,1,10,West,1,Yes,Dark,Not Offered,0
C0649,49,Female,,768,25448,Monthly,UPI,Dsl,1,0,80,10,171,2,15,0,9,South,2,Yes,Light,Not Offered,0
C1649,34,Male,34,919,"28,135",Annual,UPI,Fiber,0,0,96,0,194,5,10,1,9,South,2,Yes,System,Not Offered,0
C0063,46,Female,43,1053,40731,Annual,UPI,Fiber,3,2,121,6,211,2,10,2,6,South,1,Yes,Dark,Not Offered,0
C1445,26, Female ,23,703,13743,Monthly,,,1,0,,0,210,3,15,0,7,North,1,No,System,Not Offered,0
C1105,52,Male,35,859,28598,Two Year,Credit Card,DSL,2,0,110,8,206,4,5,0,10,West,0,Yes,Dark,Not Offered,0
C0388,18,Female,26,725,17906,Monthly,NetBanking,FiberOptic,4,0,153,5,289,3,5,1,7,South,1,Yes,Dark,Not Offered,0
C0598,55,Female,45,702,30008,Annual,credit card,Fiber,0,0,131,4,238,2,5,0,10,North,0,Yes,Dark,Not Offered,0
C1264,61,Male,20.0,589,11828,Monthly,Card,DSL,5,2,167,22,280,3,0,0,3,East,1,No,System,Rejected,1
C0402,32,Female,58,552,28801,Monthly,UPI,DSL,3,1,115,5,228,5,10,3,7,West,3,No,Light,Not Offered,0
C0099,26,Female,49,707,32907,Annual,CREDIT CARD,No Service,0,0,119,3,237,3,5,0,10,North,0,Yes,System,Not Offered,0
C0539,47,Male,39,767,29902,Two Year,UPI,FiberOptic,0,0,94,10,180,3,0,1,10,NORTH,0,Yes,System,Not Offered,0
C0071,41,Male,44,514,"18,068",Monthly,NetBanking,DSL,1,0,93,6,177,3,20,2,9,west,0,No,Dark,Not Offered,0
C0961,33,Male,48,-500,36492,Annual,Debit Card,DSL,3,1,32,10,80,2,0,0,7,North,0,Yes,Dark,Not Offered,0
C1971,27,Female,11,981,10788,Annual,NetBanking,Fiber,3,1,138,2,261,3,0,0,5,West,1,Yes,Light,Not Offered,0
C0020,22,Male,46,546,25129,Monthly,UPI,Fiber,1,1,137,1,244,2,0,0,7,North,1,Yes,System,Not Offered,0
C0774,66,Male,24,771,18498,Annual,Card,Fiber,0,0,71,2,160,1,0,0,9,East,1,Yes,Light,Not Offered,0
C1001,39,Female,20,517,9319,Annual, upi,Fiber,0,0,162,4,305,2,10,0,10,West,2,Yes,System,Not Offered,0
C2397,56,Female,23,578,11935,monthly,debit card,No Service,0,0,136,9,267,1,10,2,9,North,3,Yes,System,Not Offered,0
C0085,48,Male,23,617,12750,Monthly,Debit Card,DSL,,2,166,9,315,3,10,1,4,South,1,Yes,Dark,Rejected,1
C1972,18,Female,14,525,7343,Monthly,Credit Card,None,2,1,145,3,246,2,0,1,6,West,2,Yes,Light,Not Offered,0
C0794,42,female,55,956,"49,969",Annual,Debit Card,Dsl,1,0,104,1,198,1,5,1,10,East,0,Yes,Light,Not Offered,0
C2396,50,Male,38,491,18665,Monthly,NetBanking,,1,0,118,16,226,4,0,0,9,East,1,No,Dark,Not Offered,0
C0600,50,Male,38,699,26546,Annual,NetBanking,DSL,2,0,115,4,194,3,0,0,9,South,0,Yes,Light,Not Offered,0
C1870,56,Male,,845,11229,Monthly,credit card,fiber,1,1,105,16,206,1,5%,0,7,North,0,Yes,Light,Not Offered,0
C1723,35,Male,39,575,22431,Monthly,Credit Card,DSL,4,2,104,0,196,4,0,0,4,south,3,No,System,Not Offered,0
C2221,59,Female,6,659,3949,Two Year,,Fiber,3,1,163,8,286,3,0,0,7,South,1,No,System,Not Offered,0
C2099,44,Male,28,560,14133,Annual,NetBanking,None,0,0,119,4,226,2,10,0,10,South,1,Yes,Dark,Not Offered,0
C1431,47,Male,20,588,9967,1 Year,UPI,Fiber,0,0,110,4,209,3,15,0,,East,0,Yes,System,Accepted,0
C0599,57,Female,21,1003,17891,Annual,NetBanking,Fiber,1,0,42,11,78,3,15,1,10,North,1,Yes,Dark,Not Offered,0
C1216,47,Female,7,617,3878,Annual,,Fiber,8,0,111,0,203,3,10,0,6,North,0,Yes,Light,Not Offered,0
C0802,50,Male,25,827,18614,ANNUAL,Debit Card,DSL,0,0,59,2,118,4,10,1,10,,1,Yes,Dark,Not Offered,0
C2393,45,Female,,507,2569,1 Year,NetBanking,DSL,1,0,117,17,225,3,15,0,9,East,2,Yes,Light,Not Offered,0
C0207,30,Male,21,737,"15,501",Two Year,NetBanking,DSL,0,0,154,6,288,4,0,0,10,East,0,No,Light,Not Offered,0
C1855,30,male,21,952,"18,017",Monthly,Card,Fiber,5,1,169,0,337,2,10,0,5,East,0,No,System,Not Offered,0
C0829,27,Male,21,725,15215,Two Year,Credit Card,DSL,2,0,124,4,247,2,0,2,9,South ,0,Yes,Light,Not Offered,0
C2092,45,Male,34,904,30769,Month-to-Month,debit card,Fiber,4,1,90,5,165,2,0,0,5,North,0,No,Light,Rejected,1
C1210,37,Female,22,791,16547,Monthly,Debit Card,DSL,1,1,126,3,238,2,5,1,6,North,0,No,System,Not Offered,0
C2373,45,Female,18,842,12893,Annual,UPI,None,3,2,66,3,130,2,15,1,5,North,1,Yes,Dark,Not Offered,0
C2273,18,female,15,700,10492,Monthly,NetBanking,Fiber,5,1,126,6,240,2,0,1,4,North ,1,Yes,System,Rejected,1
C1794,19,Male,13,686,8922,Monthly,Credit Card ,None,2,1,105,17,202,3,0,1,15,North,3,Yes,Light,Not Offered,0
C1309,44,Female,34,532,17189,2 Year,UPI,Fiber,5,2,85,10,175,4,5,0,5,WEST,1,Yes,Light,Not Offered,0
C1746,18,Male,15,699,9455,Monthly,Credit Card,Fiber,1,0,199,0,345,1,10,0,9,East,0,Yes,Dark,Not Offered,0
C1516,54,Female,25,881,19826,Annual,Debit Card,Fiber,0,0,158,14,290,1,10,0,9,East,0,Yes,Dark,Not Offered,0
C0056,32,FEMALE,23,661,12174,Monthly,UPI,Fiber,2,1,125,4,258,2,20,1,6,South,0,Yes,System,Not Offered,0
C0537,49,Male,46,704,29150,two year,Credit Card,Fiber,0,0,150,1,275,2,10,2,10,South,3,No,System,Not Offered,0
C1312,59, Male ,27.0,1013,23260,Annual,,Fiber,1,0,123,4,217,1,15,5,10,east,0,Yes,Light,Not Offered,0
C1458,32,Male,4,928,3314,Two Year, upi,FIBER,0,0,107,6,229,4,10,0,9,North,0,No,System,Not Offered,0
C2230,34,Female,43,715,29219,Annual,Credit Card,FiberOptic,1,1,78,4,154,3,5,0,9,South,1,No,Dark,Not Offered,0
C1293,46,Male,13,988,11566,Annual,NetBanking,No Service,1,0,74,20,152,5,10%,0,9,NORTH,2,No,Light,Not Offered,0
C2074,40,Female,,621,11176,Monthly,Credit Card,No Service,1,0,47,12,93,1,0,2,8,North,2,Yes,Dark,Not Offered,0
C1883,33,Male,23,886,19381,Two Year,Credit Card,Fiber,0,0,159,18,276,2,5,0,10,East,1,No,Dark,Not Offered,0
C1873,47,F,11,759,8365,Annual,UPI ,Fiber,2,1,86,3,168,2,0,0,6,North,0,Yes,Dark,Not Offered,0
C0055,71,Female,27,564,14457,Monthly,UPI,None,2,1,132,6,254,3,5,2,5,East,1,Yes,System,Rejected,1
C0702,18, Female ,30,827,24765,Annual,UPI,dsl,1,0,81,1,154,4,0,4,9,SOUTH,2,Yes,System,Not Offered,0
C0500,50,MALE,,879,25857,Annual,UPI,DSL,2,1,59,5,132,1,5,0,7,North,2,Yes,Light,Not Offered,0
C0508,54,male,31,654,20279,Monthly,NetBanking,FiberOptic,2,1,130,6,220,1,0,3,6,EAST,0,No,Light,Not Offered,0
C2352,34,Male,,632,10243,Annual,NetBanking,Fiber,0,0,75,15,146,1,10,0,9,North,0,No,Dark,Not Offered,0
C0977,62,Female,47,899,38039,Monthly,Credit Card ,DSL,2,0,97,2,175,4,10,0,9,North,0,Yes,Dark,Not Offered,0
C1459,54,FEMALE,37,863,28754,Annual,Debit Card,Fiber,6,0,20,1,74,2,10,0,8,East,1,No,System,Not Offered,0
C2115,59, Female ,30,872,24823,Annual,Credit Card,DSL,0,0,61,13,123,2,5,0,9,east,2,No,Light,Not Offered,0
C0028,28,Male,7,647,4064,Annual,Credit Card ,Fiber,3,2,229,0,392,2,10,0,4,East,0,Yes,System,Not Offered,0
C0646,45,Male,21,802,16844,Annual,Credit Card,DSL,0,0,210,3,384,3,0,1,9,,0,No,Light,Not Offered,0
C2380,52,MALE,27,716,19327,Annual,Debit Card,Dsl,4,2,46,1,125,3,0,0,4,East,0,Yes,Dark,Not Offered,0
C0254,60,Female,14,703,9817,Monthly,UPI,Fiber,1,0,22,2,90,5,0,0,8,East,0,No,System,Not Offered,0
C2216,18,Male,,601,16221,Annual,NetBanking,None,3,0,114,1,219,2,0,0,8,West,0,Yes,Dark,Not Offered,0
C1572,53,Male,47,604,28387,Annual,NetBanking,Fiber,1,0,80,15,145,3,0,0,10,WEST,1,No,Light,Not Offered,0
C1691,32,Female,26.0,807,19935,Annual,Card,fiber,0,0,90,6,168,1,5,1,10,west,3,No,Dark,Not Offered,0
C1305,142,Male,56,915,43557,monthly, upi,None,0,0,129,1,199,4,15,0,10,West ,0,Yes,Dark,Not Offered,0
C0916,40,Male,27,492,13275,One Year,UPI,DSL,2,0,88,2,186,3,0,0,,South,0,No,Light,Not Offered,0
C1233,44,Male,35,513,17942,MONTHLY,UPI,DSL,1,0,136,9,252,3,0,0,7,East,1,Yes,System,Not Offered,0
C1087,59,F,44,1045,45960,Monthly,CREDIT CARD,Fiber,4,2,89,0,185,5,0,0,4,South,0,No,Dark,Rejected,1
C2017,55,Female,10,832,7486,Monthly,,Fiber,6,4,96,14,190,3,10,0,1,East,0,Yes,Light,Rejected,1
C1788,41,Female,1,398,398,monthly,UPI,Fiber,4,2,193,21,342,4,10,1,3,east,0,No,System,Not Offered,1
C1369,24,FEMALE,6,606,3076,annual,credit card,Fiber,4,0,45,0,70,4,15,0,8,North,0,No,Dark,Not Offered,0
C0444,47,Male,19,499,9005,Annual,NetBanking,None,1,0,142,8,247,4,5,0,10,East,0,Yes,Dark,Not Offered,0
C0325,39,Male,44,976,32209,Monthly,Credit Card,DSL,2,0,74,9,160,3,25,0,0,North,0,No,Dark,Not Offered,0
C2349,44,Female,45,703,30059,Annual,NETBANKING,DSL,2,0,116,16,217,3,5,2,10,South,1,Yes,Light,Not Offered,0
C1947,62,Female,14,722,9108,Monthly,UPI ,Fiber,4,3,140,20,240,1,10,0,2,North,0,Yes,Dark,Rejected,1
C1484,50,Male,29.0,379,"9,370",Monthly,UPI,DSL,2,1,47,14,109,3,15,0,6,South,0,No,System,Not Offered,0
C1284,19,Female,39,746,29092,Annual,Debit Card,DSL,0,0,139,5,231,2,0,2,10,South,1,Yes,System,Not Offered,0
C0139,53,FEMALE,22,772,14483,Monthly,NetBanking,Fiber,0,0,118,0,220,3,15,0,8,West ,0,No,Light,Not Offered,0
C2400,56,Male,18,684,11074,Annual,Credit Card,None,0,0,140,9,273,2,10,0,10,North,1,Yes,Dark,Not Offered,0
C0322,42,M,37,806,26849,Monthly,Credit Card ,FiberOptic,1,0,124,3,218,2,10,0,8,East,1,Yes,Dark,Not Offered,0
C1866,51,Male,19,756,13671,Monthly,Credit Card, Fiber ,1,1,228,4,413,2,5,0,6,North,3,No,Light,Not Offered,0
C1828,42,Female,21,868,17305,Monthly,UPI,Fiber,1,1,100,5,189,3,5,0,6,South,0,No,System,Not Offered,0
C1238,24,Male,18,566,10184,Monthly,Debit Card,Fiber,1,1,105,3,209,3,0,2,6,West,0,No,System,Rejected,1
C1075,48,Male,48,472,21532,Monthly,NetBanking,Fiber,0,0,119,1,253,3,5%,0,9,East,0,Yes,Dark,Not Offered,0
C1893,40,Male,37,468,14711,Monthly,UPI,None,0,0,146,7,284,1,15,1,10,North,2,No,Light,Not Offered,0
C1041,50,Female,26,926,22877,Monthly,UPI,Fiber,1,1,89,9,173,3,5,2,6,West,1,Yes,System,Not Offered,0
C1869,55, Female ,30,931,22329,two year,UPI,Fiber,2,0,120,5,235,3,20,0,10,South,0,No,Dark,Not Offered,0
C2223,47,Male,5,785,3912,Two Year,UPI,Fiber,0,0,72,20,143,3,0,0,9,East,0,Yes,Dark,Not Offered,0
C1915,34, Male ,15,499,6354,Monthly,upi,Fiber,1,0,,0,142,2,15%,0,8,South,1,No,System,Not Offered,0
C1916,52,Male,21,487,10210,Monthly,credit card,None,3,2,,15,232,1,0%,0,3,West,1,No,Dark,Rejected,1
C1328,32,F,33,,24697,Two Year,credit card,DSL,0,0,137,17,258,3,10,3,10,South,0,Yes,Light,Not Offered,0
C1127,35,F,72,676,48689,Monthly,Credit Card,Dsl,2,1,120,13,211,3,0,0,6,South,0,No,Dark,Not Offered,0
C1679,34,Male,14,990,11087,Two Year,NetBanking,DSL,2,1,,3,251,4,20,1,8,South,1,No,Dark,Accepted,0
C2085,43,Female,50,743,35260,ANNUAL,Credit Card,DSL,0,0,97,2,186,4,5,1,10,West,2,No,System,Not Offered,0
C2095,49,Female,7,608,3812,Annual,Debit Card,DSL,1,1,107,5,217,2,10,2,8,North,2,Yes,System,Not Offered,0
C0661,37,Female,21,937,14787,Annual,UPI,DSL,0,0,110,4,212,1,25,0,10,East,0,Yes,Dark,Not Offered,0
C1803,53, Female ,17,1154,14719,ANNUAL, upi,Fiber,0,0,180,2,338,2,25,4,10,East ,0,No,System,Not Offered,0
C1984,52,Female,36,645,19747,Monthly, upi,fiber,-5,0,77,2,156,4,15,0,9,East,0,No,Light,Not Offered,0
C1959,28,Male,21,689,12344,MONTHLY,UPI ,DSL,1,1,63,3,133,5,15%,2,7,North,1,Yes,System,Not Offered,0
C0548,40,Male,21,898,18885,Monthly,Credit Card,Fiber,4,2,80,16,181,2,0%,0,2,East,1,No,Light,Accepted,1
C0555,47,Male,50.0,798,35924,Monthly,Credit Card,Fiber,0,0,112,3,207,1,10,0,9,East,0,No,System,Not Offered,0
C1730,45,F,72,784,"56,409",Annual,NetBanking,Fiber,1,0,50,3,130,2,0,0,10,East,0,No,Dark,Not Offered,0
C1334,18, Male ,25.0,506,11356,Monthly,Credit Card,fiber,1,0,129,3,236,1,10,0,7,South,0,No,Dark,Not Offered,0
C2063,51,female,17,575,"8,797",Annual,UPI,Fiber,0,0,87,6,174,4,10,1,9,NORTH,2,No,Dark,Not Offered,0
C1540,33,Female,22,853,18768,Annual,UPI,Fiber,1,0,125,0,231,2,0,0,9,North,0,No,Dark,Not Offered,0
C2139,72,MALE,23,473,9233,Two Year,,DSL,0,0,56,2,104,2,15,1,10,West,1,Yes,System,Not Offered,0
C1160,18,Female,53,797,38014,monthly,UPI,DSL,1,0,171,8,319,2,10,1,9,East,0,No,Light,Not Offered,0
C0051,36,Male,43,732,"31,479",Annual,Debit Card,Fiber,1,0,105,1,171,3,0,1,9,West,0,No,System,Not Offered,0
C0300,39,Female,34,717,21922,ANNUAL, upi,Fiber,0,0,170,16,306,0,10,0,10,West,1,Yes,System,Not Offered,0
C0609,31,female,9,534,4821,1 Year,Credit Card,DSL,0,0,156,6,307,2,0,0,9,,0,No,Dark,Not Offered,0
C0686,36,Male,46,682,29774,Monthly,Credit Card,Fiber,0,0,167,13,316,2,5,0,9,South,0,Yes,Dark,Not Offered,0
C1033,35,Male,24,616,14789,MONTHLY,Card,DSL,4,1,66,23,108,3,0,0,4,West,2,No,Dark,Not Offered,1
C2220,44,male,21,527,9943,Annual,Credit Card,Fiber,1,0,119,9,231,3,10,0,8,East,0,Yes,Light,Not Offered,0
C0642,37,Male,13,,6928,Two Year,UPI,FiberOptic,1,1,139,1,251,3,0,1,8,East,0,Yes,Dark,Not Offered,0
C0925,45,Male,17,,12121,Monthly,NetBanking,FIBER,1,1,43,2,100,4,0,0,6,East,2,No,System,Rejected,1
C0651,27,Male,41,592,21867,Annual,Credit Card,Fiber,,0,141,2,251,1,10,3,10,West,2,No,Dark,Not Offered,0
C1849,40, Male ,14,681,8582,Annual,UPI,none,0,0,62,4,120,1,10%,0,10,East,2,No,System,Accepted,0
C0198,58,Male,32,604,17458,Monthly,UPI ,none,2,1,104,2,190,4,10,4,6,South,0,No,Dark,Rejected,1
C0614,44,Male,27,699,18881,Annual,NetBanking,Fiber,4,0,110,8,190,2,0,0,7,West ,3,Yes,Light,Not Offered,0
C0751,28,Male,12,495,5335,Monthly,UPI,DSL,0,0,118,1,226,5,10,0,8,West,1,No,Light,Not Offered,0
C1604,43,Female,72,681,39243,Annual,Credit Card,DSL,7,1,91,4,173,3,20,0,6,North,1,No,Light,Not Offered,0
C0348,34,Female,11,711,7810,Monthly,Net Banking,Fiber,5,1,87,14,171,2,0,0,4,NORTH,3,Yes,System,Accepted,1
C2119,52,Female,9,743,6327,Annual,UPI,DSL,3,1,162,6,295,4,5,0,6,East,0,No,Light,Not Offered,0
C2296,55,MALE,21,868,16423,Monthly,UPI,DSL,3,1,88,4,182,5,10,1,6,West,0,No,Light,Not Offered,0
C0195,40,Female,30,591,17751,Monthly,UPI,None,0,0,162,6,307,2,0,4,,East,1,Yes,Dark,Not Offered,0
C2291,32,Female,34,384,12428,Annual,netbanking,DSL,1,1,88,3,181,2,5,0,8,EAST,0,Yes,Dark,Not Offered,0
C0845,25, Male ,27,822,21097,Annual,Credit Card,DSL,1,1,146,1,265,1,5,0,7,West,1,No,System,Not Offered,0
C2268,31,Male,53,,40961,Two Year,NetBanking,Fiber,1,0,192,0,333,2,0,1,10,West,0,No,Light,Not Offered,0
C0163,40,Female,25,873,19618,Annual,NetBanking,Fiber,0,0,92,5,173,2,10%,2,9,south,2,Yes,System,Not Offered,0
C1023,29, Female ,23,661,15183,Annual,UPI,FiberOptic,0,0,132,11,269,3,0,2,10,West ,0,Yes,System,Not Offered,0
C1097,44,Female,36.0,509,16485,annual,UPI,DSL,2,1,175,3,329,3,10,1,7,,0,Yes,Light,Not Offered,0
C2161,44,Female,29,299,6927,Annual,upi,Fiber,0,0,88,1,177,1,20%,1,10,,1,No,System,Not Offered,0
C0379,45,M,6,474,2848,Monthly,Debit Card,DSL,1,0,178,2,333,3,0,0,6,North,0,No,Light,Not Offered,0
C1782,43,M,27,655,17711,Annual,NetBanking,DSL,1,0,191,1,345,4,0,0,9,North,0,Yes,Light,Not Offered,0
C1003,66,Female,5,1070,5061,Annual, upi,dsl,4,1,151,21,270,3,5,2,,,0,No,System,Rejected,1
C2303,35, Male ,38,,21661,Annual,Debit Card,DSL,3,0,107,0,198,1,10,0,9,North,1,No,System,Not Offered,0
C1814,39,Female,14,757,9008,TWO YEAR,UPI,FiberOptic,1,1,107,1,196,2,15,0,,North,0,No,System,Not Offered,0
C2371,38,Female,43,728,29731, monthly ,UPI,Fiber,1,0,143,2,257,3,5,0,9,North,1,No,Dark,Not Offered,0
C1198,48,Male,40,834,33356,monthly,CREDIT CARD,Fiber,1,1,179,8,315,2,0,1,7,South,1,Yes,Dark,Not Offered,0
C0223,37,Male,11,636,6997,Monthly,UPI,DSL,5,3,47,50,102,3,0,0,0,South,0,Yes,System,Rejected,1
C1769,32,Female,7,738,"5,163", monthly ,NetBanking,Fiber,3,1,20,4,64,4,0,0,4,EAST,1,No,Light,Accepted,1
C1767,50,Male,,994,7931,Annual,Debit Card,Fiber,4,0,,6,178,4,0,0,7,South,0,Yes,Light,Not Offered,0
C2068,61,Male,72,581,39741,two year,UPI,DSL,2,1,7200,21,346,3,5,0,8,East ,1,No,Dark,Not Offered,0
C1949,34,Male,12,703,6332,Month-to-Month,NetBanking,None,4,2,131,3,244,3,25,0,4,North,0,No,Light,Rejected,1
C1286,29,Female,27,848,19482,annual,CREDIT CARD,FiberOptic,0,0,175,1,315,1,15,0,10,North,1,No,System,Not Offered,0
C2066,40,Male,36,,20584,Annual,NetBanking,Fiber,2,0,132,0,240,2,0,0,9,West,2,Yes,Light,Not Offered,0
C0221,40,Female,21,789,12407,One Year,credit card,Fiber,1,0,127,0,231,1,25,0,10,South,0,No,System,Not Offered,0
C0620,41,Male,13.0,678,8356,Monthly,NetBanking,Fiber,1,1,97,7,182,3,5,1,6,North,1,No,Light,Rejected,1
C2353,53,FEMALE,45,1076,43584,Monthly,DEBIT CARD,Fiber,1,0,142,2,248,2,10,1,,West,0,No,System,Not Offered,0
C2207,27,Male,13,971,10081,Annual,Debit Card,Fiber,0,0,111,5,220,3,20,0,9,North,1,Yes,System,Not Offered,0
C1143,39,Female,17,426,7267,Monthly,NetBanking,DSL,0,0,97,8,187,3,0,0,8,South,3,No,System,Not Offered,0
C1363,34,Female,22,779,16307,Annual,Debit Card,fiber,0,0,121,31,227,3,5,1,10,East,0,Yes,Dark,Not Offered,0
C1043,40,Male,16,978,11692,Two Year,UPI,DSL,2,0,74,9,134,2,25,0,9,North,0,No,Light,Not Offered,0
C1589,35,Male,31.0,834,25858,Two Year,UPI,Fiber,3,0,134,3,253,2,0,0,10,West,0,Yes,System,Not Offered,0
C0316,40,Female,12,782,8401,Monthly,UPI,Fiber,0,0,70,21,133,2,10,0,9,South,1,No,Light,Not Offered,0
C1662,59,female,36,842,30315,Annual,CREDIT CARD,Fiber,1,0,88,7,157,3,0,0,9,SOUTH,1,Yes,Light,Not Offered,0
C1503,39,Female,7,837,5851,Two Year,NetBanking,DSL,0,0,138,1,256,3,0,0,10,East,0,No,Light,Not Offered,0
C2259,36,Male,8,722,5187,Monthly,Debit Card,Fiber,1,1,67,4,129,2,10,0,6,WEST,2,No,System,Not Offered,0
C1610,34,Male,12.0,1052,11344,Annual,Credit Card,Fiber,3,1,,14,342,2,10,3,,East,0,No,Light,Rejected,1
C0467,38,F,60,"1,203",61367,annual,NetBanking,Fiber,2,1,87,3,160,2,15,2,8,South,3,No,Dark,Not Offered,0
C1397,58,Female,,,27395,Month-to-Month,Credit Card,DSL,0,0,106,5,199,3,10%,0,8,West,2,No,System,Not Offered,0
C1104,32,Female,19,,9513,monthly,UPI,None,2,1,191,12,332,3,0,1,6,North,0,Yes,Light,Not Offered,0
C1074,38,Female,6,758,4328,Annual,Credit Card,DSL,0,0,118,1,220,3,5,2,9,,1,Yes,System,Not Offered,0
C1489,41,Female,19,756,14378,2 Year,Net Banking,DSL,1,1,113,3,235,3,0,1,8,North,0,No,Light,Not Offered,0
C1487,64, Female ,25,725,18114,Monthly,Card,Fiber,0,0,,12,357,1,0,0,9,SOUTH,0,Yes,Light,Not Offered,0
C0227,48,Female,18,891,16088,Two Year,Card,DSL,6,4,118,15,209,3,0,1,1,North,0,No,Dark,Rejected,1
C1321,33,M,16,633,10147,Two Year,NetBanking,Fiber,1,0,91,22,202,3,0,0,9,East,0,No,System,Not Offered,0
C0857,39,Male,16,753,11466,Two Year,NetBanking,,,0,,11,278,3,5%,0,9,South,0,No,Light,Not Offered,0
C1308,43,Female,52,872,43085, monthly ,,Fiber,2,1,85,14,160,2,5,1,7,South,2,Yes,Dark,Not Offered,0
C1193,18,male,25,998,23715,Monthly,UPI,NONE,0,0,,23,64,2,5,2,9,WEST,0,No,Dark,Not Offered,0
C0347,35,MALE,13,967,11963,Two Year,Card,Fiber,2,1,101,1,142,2,5,0,7,East,1,Yes,Light,Not Offered,0
C0419,25,male,18,425,7299,Two Year,Credit Card,Fiber,3,0,,8,236,3,5%,0,10,South,1,No,Light,Not Offered,0
C1081,46,M,17,811,13048,Monthly,debit card,Fiber,1,1,158,7,288,3,5,0,5,NORTH,0,Yes,System,Rejected,1
C0436,29,female,,626,34936,Annual,UPI,Fiber,0,0,77,7,182,2,10%,3,10,west,0,Yes,Light,Not Offered,0
C1868,54,Male,10,939,9366,1 Year,Credit Card,Fiber,0,0,126,0,244,3,0,1,9,East,0,No,Dark,Not Offered,0
C2367,40,Male,50,697,31342,Monthly,UPI,Fiber,0,0,168,7,312,1,10,1,9,East,0,Yes,System,Not Offered,0
C0309,63,Female,16,739,11198,two year,NetBanking,,0,0,57,17,133,3,5,1,10,North,1,Yes,Light,Not Offered,0
C0965,46, Male ,,682,31750,Two Year,Debit Card,Fiber,2,1,169,4,321,2,5,0,9,East,0,Yes,Light,Not Offered,0
C2162,18,Male,41,598,"22,051",Two Year,UPI,Fiber,1,0,89,3,166,1,10,0,10,east,1,No,Light,Not Offered,0
C1943,57,Male,44,910,38054,Two Year,NetBanking,DSL,1,0,125,11,250,3,5,0,10,East,1,No,Dark,Not Offered,0
C0060,40,Female,4,635,2168, monthly ,UPI,Fiber,7,4,61,34,112,4,15,1,1,East,1,Yes,Dark,Rejected,1
C0677,46,Male,29,842,23175,Annual,NetBanking,DSL,2,0,53,26,86,1,5,0,8,South,1,No,System,Not Offered,0
C1987,40,MALE,8,757,6058,Annual,UPI ,None,2,0,138,9,256,4,0,1,,West,0,Yes,Light,Not Offered,0
C1907,47,Male,32,723,20801,Two Year,UPI,DSL,1,0,124,1,233,2,10,1,10,West,0,Yes,Dark,Not Offered,0
C1511,53,Male,43,930,35983,Monthly,Credit Card,Fiber,1,0,115,9,232,2,10,1,,East,1,Yes,Dark,Not Offered,0
C2256,29,Female,34,807,26071,Monthly,Credit Card,DSL,2,1,130,1,215,3,5,0,5,West,0,Yes,System,Not Offered,0
C1718,66,male,20,552,9934,Annual,NetBanking,None,2,0,,2,126,3,10,3,8,NORTH,1,Yes,Light,Not Offered,0
C1628,26,Male,16,1075,17195, monthly ,UPI,Fiber,2,1,118,16,220,3,0,3,6,East,1,No,Light,Not Offered,1
C0714,59,Male,38,372,12716,Two Year,UPI,DSL,1,0,160,5,301,3,10,2,10,,0,No,System,Not Offered,0
C1311,40,Female,,1069,30819,Monthly,UPI,DSL,1,0,38,0,90,2,20%,1,9,South,0,Yes,Dark,Not Offered,0
C0401,48,Female,13,843,9327,1 Year,Credit Card,Fiber,0,0,61,14,117,3,15,1,10,South,0,Yes,Dark,Not Offered,0
C0027,61,male,,631,9675,Monthly,Debit Card,,2,1,108,0,196,3,15,0,6,West,1,Yes,System,Not Offered,0
C1897,45,Male,15,553,8312,two year,UPI,Fiber,0,0,,3,337,1,0,1,10,East,1,No,Dark,Not Offered,0
C2157,49,Female,10,802,6813,Two Year,Credit Card,,6,0,155,0,281,1,15,0,8,West,1,Yes,Light,Not Offered,0
C0480,39,Female,5,734,3310,monthly,UPI ,Fiber,3,2,83,23,146,4,10,0,3,East,1,Yes,System,Rejected,1
C0819,23,Male,16.0,663,9029,Annual,debit card,Fiber,3,2,169,2,316,4,15,0,6,West,1,Yes,Dark,Not Offered,0
C0639,66,Female,6,905,5416,Monthly,NetBanking,Fiber,1,1,134,21,264,2,0,0,6,South,2,Yes,Dark,Not Offered,0
C0206,24,Male,9,495,3783,Month-to-Month,UPI,Fiber,3,2,99,1,185,2,15,0,4,South ,1,Yes,Light,Rejected,1
C0978,52,Male,30,800,22823,TWO YEAR,Credit Card,DSL,3,1,,2,145,4,5,0,8,South,0,No,Dark,Not Offered,0
C1719,41,Male,52,550,"28,609",Monthly,UPI,Fiber,2,1,146,1,251,1,0,1,6,East,0,No,Light,Not Offered,0
C1765,40,Male,32,671,21495,Monthly,Credit Card,DSL,2,0,86,5,188,4,0%,1,7,West,0,No,Light,Not Offered,0
C1326,53,Female,8,885,7091,Annual,Card,Fiber,1,0,81,6,145,3,0,0,8,west,0,No,Dark,Not Offered,0
C1270,49,Female,14,946,12604,Monthly,Credit Card,DSL,1,0,68,3,114,2,5,0,8,East,1,No,Dark,Accepted,0
C0569,48, Female ,10,759,6842,Annual,NetBanking,Fiber,0,0,140,1,253,5,10,0,9,North,1,No,System,Not Offered,0
C1442,61,Male,31,1023,31697,Monthly,Credit Card,Fiber,2,1,175,5,313,2,0,2,5,North,2,No,System,Not Offered,0
C2336,52, Female ,11,779,7699,Two Year,Card,DSL,6,3,44,25,79,3,10,0,,North,0,No,Dark,Rejected,1
C1658,42,Male,8.0,703,5643,ANNUAL,Credit Card,dsl,4,1,100,11,182,4,0,0,5,West,2,Yes,Light,Not Offered,0
C1098,30,MALE,19.0,895,15350,monthly,,Fiber,2,1,117,2,208,1,10,0,6,North,0,Yes,Dark,Not Offered,0
C2390,46,F,37,856,30102,ANNUAL,NetBanking,,0,0,100,12,189,3,5,0,10,East,1,No,Light,Not Offered,0
C2142,31, Male ,16,569,8200,Monthly,UPI ,Fiber,1,1,105,2,194,6,10,2,7,South,1,No,Dark,Not Offered,0
C2131,38,Female,46,527,24242,Annual,upi,Fiber,1,0,148,2,280,3,0,0,10,South,0,No,Light,Not Offered,0
C0755,33,Female,36,874,23600,Monthly,UPI,Fiber,1,1,96,15,175,3,25,0,7,East ,1,No,Light,Not Offered,0
C0864,59,Female,34,758,24468,1 Year,UPI,fiber,3,1,58,7,136,5,5,3,7,South,1,No,System,Not Offered,0
C1387,29,male,4,488,1974,Monthly,credit card,Dsl,3,1,64,16,104,2,0,0,4,South,0,No,System,Rejected,1
C1620,57,Female,36,639,22973,Annual,UPI,Fiber,2,1,127,0,213,3,0,0,7,West,1,Yes,Dark,Not Offered,0
C0581,29,Female,19,791,12765,Two Year,Credit Card,Fiber,8,5,57,16,122,3,15,1,1,West ,0,No,Dark,Rejected,1
C1294,43,Male,24,,17239,Annual,NetBanking,Fiber,0,0,74,2,150,2,0,0,9,West,0,No,Light,Not Offered,0
C2348,66,Male,8,616,"4,724",Annual,Credit Card,None,1,1,177,8,324,3,5,2,7,South,0,Yes,Light,Not Offered,0
C0134,41,Female,35,964,28675,Monthly,NetBanking,DSL,0,0,183,0,326,5,15,0,8,West,0,No,System,Accepted,0
C0127,44,F,36,732,26372,Monthly,,FIBER,2,1,164,1,316,1,0,0,6,South,1,Yes,Dark,Not Offered,0
C0420,36,Female,,610,16464,2 Year,UPI,None,1,0,64,4,138,1,0,0,10,East,1,Yes,Light,Not Offered,0
C0361,49,Male,22,761,16752,Monthly,netbanking,DSL,1,1,57,1,123,2,0,0,6,East,1,No,Dark,Not Offered,0
C1281,41,Male,36,952,"34,286",Monthly,Debit Card,Fiber,1,1,89,1,160,4,0,1,6,West,0,No,Light,Not Offered,0
C1705,38,male,29,719,18767,MONTHLY,Credit Card,FIBER,1,1,172,0,313,3,10,0,7,West,0,Yes,Dark,Not Offered,0
C1876,19, Male ,14,855,10199,Monthly,Card, Fiber ,3,2,134,14,253,3,15,0,4,South,1,No,Light,Rejected,1
C1414,44,Male,69,,"40,961",Annual,Card,DSL,0,0,95,9,181,6,20,2,10,North ,0,Yes,System,Not Offered,0
C0612,42,Male,14,1102,14669,Monthly,Credit Card,DSL,2,1,171,9,308,3,5,1,6,EAST,1,No,Dark,Rejected,1
C0724,32,Female,23,705,15438,Annual,Debit Card,DSL,,1,146,7,266,4,5,2,6,south,1,Yes,Light,Not Offered,0
C2369,46,M,22,664,"13,857",Monthly,Credit Card,DSL,2,1,53,3,86,3,5,0,6,west,1,No,System,Not Offered,0
C0006,35,Female,72,545,33368,ANNUAL,NetBanking,DSL,0,0,116,0,215,3,15,1,10,West,2,No,System,Not Offered,0
C2317,33,F,4,902,3420,Monthly,Credit Card ,Fiber,1,1,86,0,176,1,5,7,5,North,1,Yes,Dark,Accepted,1
C2271,68,Male,18,591,10659,Annual,NetBanking,DSL,4,3,93,15,163,2,0,1,3,South,0,Yes,System,Rejected,1
C0315,51,Female,47,528,"24,811",Annual,credit card,None,1,0,187,12,328,3,0,0,10,West,0,No,Dark,Not Offered,0
C1861,32,Male,39,699,21789,1 Year, upi,DSL,2,0,124,4,220,4,20,2,10,North,0,No,Dark,Not Offered,0
C1368,44,female,12,886,10620,Two Year,DEBIT CARD,DSL,1,0,162,6,283,1,0,0,10,East,0,No,Light,Not Offered,0
C1965,24,Male,38,834,31682,Monthly,NetBanking,FiberOptic,1,1,75,4,165,2,0%,0,7,South,0,No,System,Not Offered,0
C1384,64,Male,41,463,17058,Two Year,Credit Card,None,2,1,156,12,301,1,10,2,10,SOUTH,0,No,Dark,Not Offered,0
C0193,30,Female,34.0,781,23922,Annual,UPI,DSL,1,0,,2,116,3,10,0,9,East,1,Yes,Dark,Not Offered,0
C1744,37,Female,31,752,23354,ANNUAL,NetBanking,None,1,0,163,8,296,6,0,0,9,West,0,No,Dark,Not Offered,0
C0433,30,Female,14,793,9435,Monthly,NetBanking,Fiber,1,1,,35,230,4,15,2,7,South,0,Yes,System,Rejected,1
C0998,28,male,41,691,"28,322",One Year,Credit Card,Fiber,5,0,161,4,307,4,0,0,8,North,0,Yes,System,Not Offered,0
C2164,38,Male,72,686,"46,901",TWO YEAR,Credit Card,DSL,0,0,49,1,118,3,5,0,10,East,1,No,Light,Not Offered,0
C1331,36,Female,69,845,52501,TWO YEAR,Credit Card,Fiber,3,1,168,3,310,3,10,2,9,East,0,No,Dark,Not Offered,0
C1359,71,Female,,688,"11,716",Monthly,NetBanking,Fiber,2,1,71,7,145,3,0,1,6,East,0,Yes,System,Not Offered,0
C2148,44,Female,25,703,15860,Month-to-Month,UPI,Fiber,1,0,120,15,198,3,10,1,9,East,0,No,Light,Not Offered,0
C1818,33,MALE,22,581,10888,Annual,UPI,DSL,3,0,134,8,242,4,15,4,9,West,0,Yes,Dark,Not Offered,0
C2288,50, Female ,33,701,"23,141",ANNUAL,UPI,DSL,4,1,194,1,341,2,0,0,6,West ,1,No,Light,Not Offered,0
C0287,41, Female ,50,646,"27,451",Monthly,UPI,DSL,0,0,,11,297,2,15,2,10,North,0,Yes,Dark,Not Offered,0
C1492,35,Female,31,541,16762,Annual,UPI,FIBER,0,0,115,0,216,2,0,3,10,East,0,Yes,Light,Not Offered,0
C0461,24,FEMALE,17,453,7698,Monthly,UPI,Fiber,2,0,78,1,153,4,0,0,,NORTH,0,Yes,Light,Not Offered,0
C1122,43,Male,22,726,15969,Annual,netbanking,Fiber,3,0,86,2,172,3,0,4,,South,0,No,Light,Not Offered,0
C1789,45,Male,12,707,8086, monthly ,UPI,DSL,1,1,46,2,84,4,5,1,6,East ,2,Yes,Dark,Not Offered,0
C2233,50,Male,46,887,38725,Monthly,Credit Card ,Fiber,,0,117,12,188,3,5,0,9,NORTH,1,No,System,Not Offered,0
C2343,63,Female,18,601,10840,Annual,NetBanking,Fiber,5,3,124,17,225,4,0,0,2,east,0,No,Dark,Rejected,1
C1282,52,Female,5,500,2368,Two Year,UPI,None,2,1,95,4,185,3,5,0,7,North,1,Yes,System,Not Offered,0
C2368,50,Male,14,782,10927,Annual,, Fiber ,2,1,128,6,235,4,0,0,7,East,1,Yes,System,Not Offered,0
C0837,56,Female,15,909,12267,Two Year,UPI,DSL,,1,141,12,276,3,10,0,7,East,0,No,Dark,Not Offered,0
C1000,44,Female,37,786,29067,Monthly,UPI,,0,0,158,4,287,2,0,0,9,NORTH,1,No,Dark,Not Offered,0
C1298,24,Female,7,701,3945, monthly ,Credit Card,Fiber,3,2,85,17,142,4,20,0,3,South,3,No,System,Rejected,1
C1032,38,Female,19,621,11204,2-Year,UPI,Fiber,0,0,121,2,226,3,5,0,10,South,1,No,System,Not Offered,0
C0974,74,Male,26,657,14520,ANNUAL,upi,Fiber,1,0,136,3,257,2,15,0,9,South,1,No,Dark,Not Offered,0
C1846,46,Female,18,"1,138","19,486",Monthly,Debit Card,Fiber,0,0,94,0,180,3,5,5,,East,0,No,Light,Not Offered,0
C2215,31,FEMALE,51,730,37234,Annual,UPI,None,0,0,88,1,177,3,0,0,9,South,0,Yes,Light,Not Offered,0
C1693,53,Male,13.0,918,"10,792",Annual,UPI,Fiber,1,0,90,10,182,1,10,2,9,South,0,Yes,Light,Accepted,0
C0005,36,Female,29,683,17839,Two Year,NetBanking,Fiber,2,1,108,7,212,4,10,0,8,,3,Yes,System,Not Offered,0
C2234,47,female,11,511,5352,Monthly,UPI,Dsl,2,1,97,13,210,2,5,1,5,North,1,Yes,System,Not Offered,0
C2265,41,male,13,470,5808,Monthly,UPI,None,1,1,101,24,187,2,5,3,7,South,1,No,Dark,Not Offered,0
C0004,41,Female,22,750,12366,Annual,NetBanking,Fiber,1,0,143,8,250,2,25,0,10,East,0,No,System,Not Offered,0
C2107,33,Female,18,590,10093,Annual,,DSL,7,1,171,4,327,3,5,0,5,east,2,No,Dark,Not Offered,0
C1772,43,Female,30,608,18253,Monthly,upi,Fiber,2,0,100,8,191,1,0,1,7,East,0,Yes,System,Not Offered,0
C1538,40,Male,68,883,60058,TWO YEAR,Debit Card,dsl,0,0,57,2,111,1,0,0,10,WEST,0,No,Dark,Not Offered,0
C0806,56,Male,21,1036,20668,Annual,Credit Card,FIBER,0,0,113,0,186,2,5,2,10,EAST,0,Yes,Dark,Not Offered,0
C0268,59,Male,23,514,"10,057",Annual,credit card, Fiber ,0,0,65,11,118,4,15,1,10,South,1,No,Light,Not Offered,0
C0194,29,Male,41,775,"30,198",Monthly,Credit Card,DSL,0,0,89,10,179,3,5,1,9,North,1,No,System,Not Offered,0
C0285,47,M,4,655,1989,Two Year,NetBanking,FIBER,3,1,135,16,256,1,25,0,,North,1,Yes,Light,Not Offered,0
C1631,29,M,72,704,48161,Monthly,,DSL,0,0,56,12,119,4,5,0,10,North,2,Yes,System,Not Offered,0
C0628,20,Male,32,787,25170,Monthly,NetBanking,,1,1,134,3,234,1,0,1,6,South,0,Yes,System,Not Offered,1
C2239,51,Male,36,649,22190,Monthly,CREDIT CARD,Fiber,2,1,112,1,211,5,5,0,6,West,0,Yes,System,Not Offered,0
C0145,53, Male ,23,708,14600,Annual,Debit Card,DSL,1,0,90,13,188,2,10,0,9,North,0,Yes,System,Not Offered,0
C1376,37,Male,39,554,18367,Monthly,Credit Card,DSL,1,0,99,14,198,1,15,0,10,South,0,No,System,Not Offered,0
C0872,40,Female,22,786,17259,Two Year,Debit Card,Fiber,2,1,126,5,215,1,0,1,8,West,1,Yes,System,Not Offered,0
C2187,29,F,17,516,8298,Annual,NetBanking,DSL,0,0,126,7,242,2,5,1,10,North,0,Yes,Dark,Not Offered,0
C2112,40,Male,8,705,5662,Annual,UPI,Fiber,0,0,84,15,185,4,0%,2,8,North,1,No,Dark,Not Offered,0
C1792,18,Female,49,501,24537,Two Year,Credit Card,None,0,0,91,1,175,3,0%,2,10,East,1,Yes,Dark,Not Offered,0
C0828,47,Male,58,556,29000,Annual,NetBanking,Fiber,0,0,75,0,143,3,10,0,,North,2,Yes,System,Not Offered,0
C2387,42,M,,574,15820,Monthly,UPI,None,3,1,150,2,269,3,5,0,6,West,0,Yes,System,Not Offered,0
C0372,46,Female,17,719,12197, monthly ,Debit Card,Fiber,0,0,202,12,371,3,0,2,8,East,1,No,Light,Not Offered,0
C0286,27,Male,32,,13968,Monthly,credit card,DSL,1,0,97,1,192,2,0,0,8,West,0,No,Dark,Not Offered,0
C1418,40, Female ,17,687,11678,Annual,UPI,DSL,1,1,36,1,86,2,0,1,8,South,0,No,Dark,Not Offered,0
C1896,52,Female,69,879,51546,Month-to-Month,NetBanking,None,4,2,96,0,198,3,15,0,5,NORTH,0,No,System,Not Offered,0
C2378,72,Male,6,467,2638,1 Year,Debit Card,none,2,0,72,17,140,1,5,2,8,West,1,No,Light,Not Offered,0
C1975,31,Female,28,657,17518,Monthly,UPI,DSL,7,4,132,25,248,2,5,0,1,East,2,No,Light,Rejected,1
C0175,40,male,28,761,20236,Monthly,Credit Card,Fiber,4,1,82,2,157,4,5,0,5,North ,0,No,Dark,Rejected,1
C0776,41,Female,35,1035,36202,1 Year,UPI,Fiber,2,0,147,4,273,2,0,0,9,West,0,No,System,Not Offered,0
C1017,48,Male,8,994,7987,Annual,UPI,Fiber,1,0,130,3,247,1,0,5,8,North,1,No,System,Not Offered,0
C1333,29,Male,46,597,"27,450",Annual,UPI,DSL,0,0,124,9,263,1,0,1,10,North,1,No,Dark,Not Offered,0
C1954,18,Male,24,532,10847,two year, upi,DSL,7,1,67,9,145,3,15,2,6,EAST,1,No,System,Not Offered,0
C0743,53,Female,30,630,18918,Two Year,Credit Card,Fiber,3,1,177,2,316,4,0,1,6,East,0,Yes,System,Not Offered,0
C1583,35,Male,23,1037,22690,two year,UPI,Fiber,0,0,111,11,199,4,5,1,10,West,1,Yes,System,Not Offered,0
C0590,36, Male ,46,432,17885,Annual,UPI,Fiber,1,0,147,1,267,3,10,0,10,West,0,Yes,System,Not Offered,0
C1315,44,F,27,585,15023,Two Year,Credit Card,Fiber,3,2,68,1,130,2,5,0,5,North,1,No,System,Not Offered,0
C0770,32, Female ,26,596,"14,684",Annual,,FiberOptic,2,0,96,4,168,2,5,0,9,East,0,No,Dark,Not Offered,0
C0094,54,Female,12,911,9840,Annual,UPI,DSL,0,0,130,13,217,5,10,0,10,South,0,No,Light,Not Offered,0
C1858,48,Female,18,549,9383,Monthly,Credit Card,,3,1,132,6,249,3,5,1,6,West,0,No,Dark,Not Offered,0
C0187,34,Female,24,682,"15,517",Monthly,UPI,Fiber,4,2,149,24,258,3,5,0,3,South,0,No,System,Rejected,1
C0694,46,male,35,903,30020,Monthly,Debit Card,Fiber,3,2,123,3,216,3,5,1,4,North ,2,No,System,Rejected,1
C1247,27,Female,46,950,43682,Monthly,NetBanking,DSL,1,1,97,2,162,2,0,0,7,West,1,No,System,Not Offered,0
C0923,59,Male,59,660,35062,Monthly,NetBanking,Fiber,0,0,171,0,341,1,10%,1,9,West,1,No,Light,Not Offered,0
C0671,35,Female,45,911,38963,Annual,NetBanking,DSL,2,0,42,0,106,4,5,1,10,South,2,Yes,System,Not Offered,0
C0525,66,Male,34,653,21080,MONTHLY,Card,Fiber,1,0,54,19,120,3,5%,1,,East,0,No,Light,Accepted,0
C0337,49,MALE,26.0,724,"18,849",Two Year,UPI,None,3,0,200,7,366,2,0,1,9,West,1,No,Dark,Not Offered,0
C0731,48,Male,14,659,9208,1 Year,Debit Card, Fiber ,1,0,84,14,147,2,0,1,,west,0,No,Dark,Not Offered,0
C0124,45,Female,32,635,20287,Two Year,upi,DSL,1,0,163,2,300,6,0,0,9,north,2,No,Dark,Not Offered,0
C2340,31,Female,25,676,15211,Monthly,,None,1,1,115,22,213,2,10%,0,6,West,1,Yes,Light,Not Offered,0
C0773,36,Male,16,1018,13837,Two Year,UPI,Fiber,0,0,93,21,190,2,15,2,10,West,1,No,System,Not Offered,0
C0482,62,Female,18,791,14288,Annual,Debit Card,Fiber,0,0,142,6,264,1,0,0,,South,0,No,Light,Not Offered,0
C1577,35,female,19,548,9886,Annual,,Fiber,0,0,106,1,178,2,5,0,10,West,1,Yes,Light,Not Offered,0
C0533,45,F,7,529,3738,Two Year,Card,DSL,5,0,94,3,182,3,0,1,7,EAST,0,Yes,Dark,Not Offered,0
C2309,54,Female,62,838,46796,Monthly,Card,Fiber,7,1,46,6,113,2,10,3,4,South,0,Yes,Dark,Rejected,1
C0796,60,Female,3,623,1852,Monthly,UPI,,2,1,135,18,242,6,0,3,5,South ,1,No,Dark,Rejected,1
C0170,21,Male,22,773,17011,Annual,debit card,DSL,2,1,107,1,191,2,0,0,7,North,1,Yes,System,Not Offered,0
C1118,50,Female,15,800,10796,Annual,Credit Card,None,0,0,108,4,183,2,10,0,10,South,1,No,System,Not Offered,0
C2013,57,F,49.0,412,18152,One Year,NETBANKING,FiberOptic,0,0,96,10,171,2,10,2,10,East,2,Yes,Dark,Not Offered,0
C1925,49,Female,25,617,"13,091",Annual,Credit Card,Fiber,0,0,143,2,279,4,15,0,10,North,0,No,Dark,Accepted,0
C1427,47,MALE,9,913,7383,Monthly,Credit Card,Fiber,,1,131,28,232,3,10,0,6,South,2,Yes,Light,Rejected,1
C0518,35,MALE,45,595,26782,Monthly,,No Service,0,0,159,1,302,2,0,0,9,west,1,No,Dark,Not Offered,0
C2243,30,Female,36,1414,45795,Monthly,Credit Card,DSL,3,1,69,1,155,3,10,1,6,East,0,No,System,Not Offered,0
C1102,59,Female,13,443,4887,monthly,Debit Card,dsl,1,0,103,12,220,4,15,0,9,,1,Yes,Light,Not Offered,0
C0679,37,Female,16,671,"10,722",Annual,UPI,Fiber,,0,102,2,193,1,0,0,9,South,0,No,Light,Not Offered,0
C1446,38,Female,15,569,6417,Monthly,UPI,DSL,3,1,49,6,100,2,25,1,5,West,2,Yes,System,Accepted,0
C0674,47,Female,28,841,21197,Annual,UPI,Fiber,2,0,100,0,208,2,10,7,15,SOUTH,0,Yes,Light,Accepted,0
C2033,53,Male,19,,15691,monthly,NetBanking,,2,1,75,0,143,1,10,1,6,South,3,No,Dark,Not Offered,0
C0744,32,Female,17,876,14160,Monthly,UPI,Fiber,0,0,101,19,181,1,5,0,8,West,0,No,Dark,Not Offered,0
C1014,20,Male,25,924,20809,Two Year,UPI,Fiber,0,0,105,4,185,1,10,0,10,South,0,No,System,Not Offered,0
C2026,31,Male,10,373,"3,336",Monthly,Credit Card,dsl,2,1,88,7,180,1,10,0,6,West,1,No,Light,Not Offered,0
C2010,59,Female,8,598,4061,Monthly,Credit Card,DSL,4,2,109,2,189,3,15,2,4,South,0,Yes,System,Rejected,1
C0179,26,Male,47,717,"33,718",Annual,UPI,Fiber,0,0,107,5,180,4,0,2,10,West,0,No,System,Not Offered,0
C1453,45,Female,18,544,9802,Monthly,Credit Card,Fiber,2,0,102,7,176,5,0,0,7,West,1,Yes,System,Not Offered,0
C1082,44,Male,26,903,23492,Annual,UPI,Fiber,2,0,130,1,249,2,0,1,,East,0,No,Light,Not Offered,0
C0351,36,Female,8,527,3983,Two Year,Credit Card,None,0,0,144,0,278,2,5,1,9,East,0,Yes,System,Accepted,0
C1937,41,Male,17.0,369,4699,Monthly,Debit Card,Fiber,2,0,102,6,190,3,25,0,9,East,0,Yes,Dark,Not Offered,0
C1448,54,Female,19,586,8375,Monthly,Credit Card,DSL,0,0,212,0,370,1,25,1,9,West,0,No,Dark,Not Offered,0
C0342,46,Male,38,399,12893,Monthly,UPI,DSL,6,3,176,18,340,4,15,0,,North,0,No,System,Rejected,1
C1737,68,Female,40,1079,38845,Annual,NetBanking,DSL,1,0,20,13,54,4,10%,2,10,South,3,No,System,Not Offered,0
C1957,50,Female,16,654,9913,Monthly,Credit Card,Fiber,2,1,158,7,307,1,5,1,5,North,0,Yes,Dark,Not Offered,0
C1355,27,Female,50,913,45635,Annual,,Fiber,0,0,131,17,215,3,0,0,10,North,1,No,Light,Not Offered,0
C1462,50,Male,17,676,11500,Annual,UPI,fiber,1,0,99,2,171,3,0,0,8,West,2,No,Light,Not Offered,0
C1455,65,Male,26,698,13628,Monthly,UPI,Fiber,2,1,73,9,132,3,25,3,6,East,2,Yes,Dark,Not Offered,0
C1466,59,Female,62,829,51404,Two Year, upi,Fiber,2,0,,5,184,2,0,0,10,West,0,No,System,Not Offered,0
C1648,26,Male,12,646,7743,Annual,UPI,DSL,0,0,172,28,306,2,0%,1,9,South,0,No,Light,Not Offered,0
C1318,37,Female,14,638,8950,Annual,UPI,,0,0,93,2,204,2,0,0,9,North,0,No,Light,Not Offered,0
C0470,27,Male,27,907,22063,Annual,UPI,DSL,0,0,189,15,363,3,10,3,9,west,0,Yes,Light,Not Offered,0
C1807,32,Male,37,732,27118,Month-to-Month,UPI,Fiber,8,3,,16,300,2,0,1,1,East,2,Yes,System,Rejected,1
C0479,39,F,13,973,11431,One Year,UPI,Fiber,0,0,181,10,316,2,10,0,10,East,2,Yes,Light,Not Offered,0
C0114,34, Male ,25,898,22417,Two Year,upi,Fiber,,2,157,25,292,1,0,0,2,North,0,Yes,Dark,Not Offered,1
C0547,61,Male,40,691,26240,2 Year,UPI,Fiber,0,0,170,0,309,4,5,2,10,East,3,Yes,Light,Not Offered,0
C1567,30,Male,4,727,2606,Annual,Credit Card,,0,0,91,0,180,2,10,1,9,West,0,No,Light,Not Offered,0
C1625,65,Female,22,841,18529,Monthly,UPI,DSL,0,0,90,20,172,3,0,0,8,East,0,No,Dark,Not Offered,0
C1229,51,M,18,823,12580,Annual,Credit Card,dsl,7,2,106,5,201,3,15,0,4,South,0,Yes,System,Not Offered,0
C2257,45,Female,15,1023,15344,Two Year,Debit Card,DSL,3,2,101,1,161,3,0,0,5,East,3,Yes,System,Not Offered,0
C2147,41,Male,30,965,28940,Monthly,UPI,Fiber,4,0,96,2,175,1,0,0,6,South,1,Yes,Dark,Not Offered,0
C1257,60,Male,29,603,17481,Annual,NetBanking,Fiber,1,0,91,10,165,4,0,0,9,North,2,No,Light,Not Offered,0
C2075,18,Male,54,805,43470,Month-to-Month,Credit Card,DSL,0,0,187,4,352,4,0,0,9,North,1,Yes,Dark,Not Offered,0
C1314,26,Male,32,,15271,Annual,UPI,Fiber,3,0,,11,65,1,25,1,9,South,0,Yes,Light,Not Offered,0
C0889,66,Female,23,619,13517,Monthly,,Fiber,6,3,139,15,266,4,5%,0,1,South,0,No,Light,Accepted,1
C1292,60, Male ,22,611,10750,Monthly,NetBanking,DSL,7,4,93,17,162,3,20,0,1,North,2,Yes,Dark,Rejected,1
C0061,28,Male,19,799,14415,monthly,UPI ,DSL,5,1,168,1,312,2,5,0,5,South,0,Yes,System,Rejected,1
C1437,55,Male,25,836,16705,Annual,Credit Card,dsl,2,1,96,8,146,2,20,0,8,East,0,No,Light,Not Offered,0
C2267,26,Male,45,778,34999,Monthly,Credit Card,,0,0,171,0,320,1,0,0,9,North,1,No,Dark,Not Offered,0
C1799,57,Female,8,526,3785,Monthly,DEBIT CARD,Fiber,6,2,92,20,162,4,10,1,,East,2,Yes,Light,Accepted,1
C0504,57,Female,9,985,"7,584",MONTHLY,UPI ,,3,2,127,18,232,2,15,2,3,East,0,Yes,Light,Rejected,1
C2055,32,Female,50,800,40010,Monthly,NetBanking,Fiber,1,0,90,7,175,3,0,2,8,East,1,No,Dark,Not Offered,0
C0431,31,Female,32,619,18840,Monthly,Debit Card,Fiber,2,1,104,1,209,1,5%,0,5,West,2,Yes,Light,Accepted,0
C1139,23,Male,47,715,31908,Monthly,NetBanking,Fiber,5,2,92,10,159,4,5,1,4,East,0,No,Light,Rejected,1
C0023,20, Male ,30,626,15025,Monthly,NetBanking,Fiber,3,2,96,12,201,4,20,0,4,EAST,0,Yes,System,Rejected,1
C1185,30,Male,16,602,8595,Two Year,Debit Card,Fiber,3,2,121,2,218,4,15,1,7,South,0,No,Dark,Not Offered,0
C0818,38,Male,23,718,16550,Annual,Debit card,Fiber,2,0,129,3,255,5,0,0,9,North,1,No,Dark,Not Offered,0
C0049,28,Male,24,632,13637,Annual,UPI,None,0,0,139,0,259,4,10,0,9,North,0,No,Dark,Not Offered,0
C0552,40,Female,7,-45,5569,Monthly,NetBanking,FIBER,6,1,123,4,222,2,10,0,4,,1,Yes,Dark,Rejected,1
C0840,52,Male,8,863,6545,Annual,UPI,Fiber,0,0,112,13,191,3,5,0,9,West,1,No,Dark,Not Offered,0
C0753,18,Female,23.0,922,19056,Monthly,UPI,fiber,2,0,69,1,132,3,10,0,7,West,1,No,Light,Not Offered,0
C0781,115,Female,24,822,17761,Monthly,Credit Card,DSL,4,1,122,8,240,3,10,0,6,West,0,No,Light,Not Offered,0
C1896,52,Female,69,879,51546,Month-to-Month,NetBanking,None,4,2,96,0,198,3,15,0,5,NORTH,0,No,System,Not Offered,0
C2181,60,MALE,39,901,35177,Annual,NetBanking,FIBER,1,0,107,6,203,5,0,0,,South,2,Yes,System,Not Offered,0
C1887,25,Female,24,605,12350,Monthly,UPI,DSL,3,0,116,20,205,1,15,1,7,North,2,Yes,System,Not Offered,0
C1042,47,Female,17,558,8496,Two Year,UPI,Fiber,0,0,62,14,129,3,10,1,10,South,2,Yes,Dark,Not Offered,0
C0817,45,F,49,796,"37,041",ANNUAL,NetBanking,Fiber,1,0,133,14,250,3,5,0,10,East ,0,No,System,Not Offered,0
C1781,59,Female,34,608,"18,624",Monthly,UPI,Fiber,0,0,133,10,235,4,10,0,9,east,1,Yes,System,Not Offered,0
C0655,34,Male,20,1060,21209,Annual,upi,,0,0,56,9,103,2,0,2,9,South,0,No,Light,Not Offered,0
C0090,63,female,26,982,25532,ANNUAL,Credit Card,DSL,4,1,151,18,291,3,0,0,6,SOUTH,0,Yes,Dark,Not Offered,0
C0713,33,Female,20,434,8692,Annual,NetBanking,Dsl,3,2,158,15,299,2,0,1,,West,0,Yes,Dark,Rejected,1
C0030,32, Male ,13,,9865,Annual,Credit Card,Fiber,2,0,101,1,181,3,5,0,9,North,0,Yes,System,Not Offered,0
C2022,51,Male,27,695,17857,monthly,Credit Card,Fiber,4,2,138,27,247,3,5%,0,3,EAST,0,No,Dark,Rejected,1
C2300,38,Female,10,568,5094,Monthly,UPI,DSL,4,1,67,1,121,4,10,4,5,East ,0,Yes,System,Rejected,1
C0395,20,Male,19,602,9699,Monthly,Debit Card,DSL,2,1,139,1,265,3,15,0,7,West,2,No,Dark,Not Offered,0
C1390,19,Male,25,299,5623,Two Year,UPI,No Service,1,0,86,21,163,2,25,2,10,West ,0,Yes,Light,Not Offered,0
C1733,34,Male,,932,21412,Two Year,UPI,None,0,0,136,11,260,5,0,0,10,South,0,Yes,Light,Not Offered,0
C2045,18,Female,32,323,9815,One Year,UPI,Fiber,0,0,100,20,192,2,5,3,10,South,2,No,Dark,Not Offered,0
C1826,29,female,37,656,18176,TWO YEAR,NetBanking,Fiber,3,1,129,7,252,3,25,1,8,South,0,Yes,Light,Not Offered,0
C0650,37,Female,61,551,26880,Two Year,Credit Card,Fiber,7,2,96,6,188,1,20,0,6,North,1,No,Dark,Not Offered,0
C1130,37,Female,39,417,16274,Two Year,Debit Card,Fiber,0,0,104,4,198,2,0,0,10,East,1,Yes,Dark,Not Offered,0
C1917,35,Female,65,546,28417,Two Year,Debit Card,None,0,0,158,6,266,2,20,1,10,South,3,No,System,Not Offered,0
C1213,39,Male,37,950,31619,Monthly,Credit Card,None,3,1,84,2,177,4,10,0,7,South,0,No,Light,Not Offered,0
C0647,53,Male,28,536,14224,1 Year,Credit Card,,0,0,141,3,259,1,5,0,10,South,2,Yes,Dark,Not Offered,0
C1706,41,M,37.0,787,24755,Two Year,UPI,dsl,0,0,93,3,174,4,15%,0,10,south,0,No,Light,Not Offered,0
C1899,46,Male,7,657,4610,Annual,Credit Card,FIBER,0,0,51,1,84,2,0,1,9,East,0,No,System,Not Offered,0
C0803,31,Female,29,,21052,Annual,,DSL,0,0,136,2,219,1,0,0,9,West,0,Yes,System,Not Offered,0
C0387,19,Male,28,777,20649,Annual,UPI ,None,0,0,77,0,135,2,5%,2,9,North,1,No,Dark,Not Offered,0
C1703,28,Female,19.0,779,14050,Annual,UPI,DSL,,2,144,1,258,3,5,0,4,East,0,No,Dark,Rejected,1
C0595,39,Female,36,561,18185,MONTHLY,Debit Card,Fiber,5,3,115,16,245,3,10,0,2,North,0,Yes,Dark,Rejected,1
C0464,19,Female,46,1033,47530,Annual,UPI,Fiber,4,0,64,2,144,3,0,0,8,East,0,No,System,Not Offered,0
C1438,67,Female,17,643,"9,806",Monthly,Credit Card,Fiber,2,1,39,8,85,5,10,0,6,South,1,Yes,Light,Not Offered,0
C1027,56,M,39,930,34440,Monthly,Debit Card,Fiber,1,0,107,4,222,2,5,2,9,,0,Yes,System,Not Offered,0
C0399,68,female,16,662,9501,Annual,UPI,,1,0,-10,0,171,0,10,1,10,North,0,Yes,Dark,Not Offered,0
C0971,30,Male,15,642,9589,Two Year,Debit Card,DSL,1,0,79,2,143,3,0,1,9,West,0,No,Light,Not Offered,0
C2260,25,Male,32,414,13219,Annual,Credit Card,DSL,4,1,84,0,172,3,0,2,6,East,0,No,System,Not Offered,0
C1729,32,Male,11,758,7915,Annual,UPI,Fiber,0,0,164,9,292,4,5,0,10,West,1,Yes,System,Not Offered,0
C1296,39,FEMALE,15,918,12360,annual,UPI, Fiber ,0,0,129,19,236,3,10,2,10,West,0,No,Light,Not Offered,0
C1067,52,Female,17,582,9915,Annual,NetBanking,FIBER,-5,1,53,6,100,4,0,3,6,North,1,No,Light,Not Offered,0
C0637,58,Female,10,740,6640,monthly,UPI,DSL,2,1,110,4,204,2,10,4,5,East ,3,No,System,Rejected,1
C0565,50,Male,25,777,"16,511",monthly,Credit Card,FiberOptic,1,1,162,13,273,2,15,2,7,North,0,No,Light,Not Offered,0
C0630,40,female,72,687,46983,Month-to-Month,Debit Card,Fiber,9,4,92,17,142,3,5,0,1,North,0,No,Dark,Rejected,1
C1735,46,Male,72,891,57707,Monthly,UPI,Fiber,0,0,56,50,88,5,10,0,9,West,1,Yes,Dark,Not Offered,0
C0126,31,Male,39,817,28683,Annual,UPI ,FiberOptic,0,0,89,13,179,4,10,0,10,West,1,No,Dark,Not Offered,0
C1451,25,Male,,856,"42,807",One Year,Debit Card,None,3,1,69,4,129,2,0,0,8,East,2,Yes,System,Not Offered,0
C0945,55,Male,27,668,16244,One Year,Credit Card,None,9,1,167,7,308,2,10,0,5,South,0,Yes,Light,Rejected,1
C2244,27,Female,33,877,28957,Monthly,NETBANKING,fiber,1,1,92,4,180,4,0,0,6,South,2,Yes,System,Not Offered,0
C1152,23,Male,50,777,34962,2-Year,UPI,,1,0,146,5,264,2,10,0,10,East,1,No,Dark,Not Offered,0
C1940,42,male,31,847,23616,Monthly,UPI,DSL,6,4,24,15,55,2,10%,0,1,East,0,No,Dark,Accepted,1
C0022,42,Female,21,579,9091,Monthly, upi,Fiber,3,1,77,1,169,3,25%,3,6,North,0,Yes,Light,Rejected,1
C0168,46,Male,28,594,15779,Monthly,UPI,DSL,1,0,78,4,151,5,5,1,8,,0,No,Light,Not Offered,0
C1923,26,Male,45,661,29727,One Year,NetBanking,DSL,0,0,118,6,238,2,0,1,10,North,2,Yes,Light,Not Offered,0
C2074,40,Female,,621,11176,Monthly,Credit Card,No Service,1,0,47,12,93,1,0,2,8,North,2,Yes,Dark,Not Offered,0
C1605,32,MALE,27,,17008,monthly,Credit Card,Fiber,4,2,165,3,299,1,5,1,4,North,0,No,System,Rejected,1
C0899,42,MALE,66,861,"42,607",Annual,UPI,Fiber,0,0,137,5,243,4,25,0,10,East,0,Yes,Light,Not Offered,0
C2312,32,Female,26,377,9308,Two Year,,DSL,1,0,100,1,183,3,5,1,10,West,1,Yes,Dark,Not Offered,0
C1902,61,Male,15,813,9752,monthly,Credit Card,DSL,3,2,111,6,217,1,20,0,4,North,0,Yes,System,Rejected,1
C0182,42,F,14,723,9644,Monthly,NetBanking,Fiber,3,1,175,2,335,3,5,0,5,EAST,1,Yes,Light,Rejected,1
C0501,33,Female,49,798,35189,Two Year,UPI,None,1,0,103,7,220,2,10,2,10,West,1,No,Dark,Not Offered,0
C0499,41,Female,23,792,16374,Monthly,UPI,Fiber,3,2,67,18,121,4,10,0,4,South,1,Yes,System,Accepted,1
C2214,50,Male,8,325,2460,Monthly,Debit Card,Fiber,2,1,148,31,285,2,5,0,5,West,2,No,Light,Rejected,1
C0163,40,Female,25,873,19618,Annual,NetBanking,Fiber,0,0,92,5,173,2,10%,2,9,south,2,Yes,System,Not Offered,0
C1370,47,Female,7,761,"5,328",Month-to-Month,Net Banking,Fiber,10,4,186,16,327,1,0,0,1,South,2,No,Light,Rejected,1
C0528,40,Female,27,623,13478,Monthly,NetBanking,DSL,,0,95,11,169,3,20,0,8,South,2,Yes,Dark,Not Offered,0
C0415,45,Female,7,1041,7307,Monthly, upi, Fiber ,2,1,130,5,234,2,0,1,6,South,1,Yes,Dark,Accepted,0
C1800,53,Male,19,764,"14,478",Annual,UPI,Fiber,2,0,119,3,263,4,0,0,8,West,0,Yes,Dark,Not Offered,0
C0321,44,Male,22,849,14955,Annual,UPI,DSL,3,1,100,0,190,2,20,0,7,South,0,Yes,System,Not Offered,0
C0119,31, Male ,25,429,10716,Monthly,UPI,Fiber,2,1,64,15,154,2,0,0,6,North,1,Yes,System,Not Offered,0
C2100,43,Male,20,767,13791,Monthly, upi,FIBER,2,0,110,6,209,2,10,3,,West,1,No,Light,Not Offered,0
C0883,47,Male,22,465,9705,Two Year,UPI,Fiber,1,0,162,14,282,1,5,1,10,East,0,Yes,Dark,Not Offered,0
C1607,53,Male,29,553,"16,019",Monthly,UPI,DSL,0,0,86,0,160,3,0,1,8,South,0,Yes,Dark,Accepted,0
C1474,24,Female,34,944,30528,Two Year,upi,None,7,3,163,18,278,3,5,2,2,South,0,No,Dark,Rejected,1
C0736,35,MALE,58.0,533,27808,Annual,Debit Card,Fiber,0,0,87,3,169,2,10,1,10,South,1,No,Dark,Not Offered,0
C0075,65,female,35,793,25004,Monthly,UPI,,3,1,90,10,167,2,10,0,5,WEST,0,No,Light,Not Offered,0
C1021,45,Female,33,714,22404,2-Year,Credit Card,DSL,0,0,117,24,241,1,5,0,10,north,1,Yes,Dark,Not Offered,0
C1135,25,Male,25,922,21868,Annual,UPI,Fiber,2,0,100,1,155,3,5,3,9,North,0,No,System,Not Offered,0
C2277,40,Female,,764,"15,252",2-Year,UPI,Fiber,4,2,108,4,211,1,0%,2,5,,1,Yes,System,Not Offered,0
C0459,47,Female,18,637,10342,Monthly,UPI,DSL,1,1,208,0,381,2,10,1,7,North ,2,No,System,Rejected,1
C1253,42,Female,41.0,,29246,MONTHLY,,DSL,3,1,117,11,226,4,10,0,6,North,0,No,Light,Not Offered,0
C0678,38,Male,20,867,16455,Monthly,NetBanking,DSL,2,1,99,0,209,3,5,0,6,South,0,No,Dark,Not Offered,0
C1068,35,Female,19.0,799,14429,Monthly,Credit Card,Fiber,2,1,79,2,155,1,5,0,5,North,1,No,Light,Not Offered,0
C0059,60,Male,48.0,1011,46067,annual,Credit Card,DSL,0,0,108,21,191,4,5,0,10,South,0,No,Dark,Not Offered,0
C0394,51,Male,25,850,21290,Two Year,UPI,FiberOptic,0,0,140,16,265,3,0,0,10,East,1,Yes,Light,Not Offered,0
C0110,28,Female,12,722,8662,Annual,DEBIT CARD,DSL,1,0,158,3,294,3,0,0,8,West,0,Yes,Light,Not Offered,0
C1790,46,Female,13,843,9874,Monthly,Credit Card,None,0,0,132,1,245,2,10,1,9,West,0,Yes,System,Not Offered,0
C1675,57,Female,37.0,833,30863,Annual,UPI,,0,0,112,2,236,4,0,0,10,South,0,No,Light,Not Offered,0
C0270,48,Male,33,1045,27582,Two Year,UPI,DSL,0,0,170,12,302,2,20,2,10,West,0,Yes,Dark,Not Offered,0
C1460,47,male,25,672,"15,150",One Year,Credit Card,Fiber,3,1,158,1,289,1,10,0,7,North,2,No,System,Not Offered,0
C1696,39,Female,34,774,22364,Two Year,UPI,Fiber,0,0,80,0,165,2,15,1,,West,1,No,Dark,Not Offered,0
C0515,18,Male,16,966,13161,Two Year,UPI,Dsl,2,0,135,1,251,3,15,1,10,North,0,No,Light,Not Offered,0
C0684,23,female,42,764,27284,Monthly,NetBanking,Fiber,8,3,139,22,242,3,15,1,1,North,0,No,Light,Rejected,1
C1816,32,Female,72,434,26574,Monthly,Credit Card,Fiber,,0,129,27,210,4,15,1,10,south,1,Yes,Light,Not Offered,0
C1665,42,Male,14,682,8139,Monthly,netbanking,none,,0,77,5,176,3,15,0,8,East ,0,No,Dark,Not Offered,0
C0606,45,Male,10,420,3555,Annual,Credit Card,FiberOptic,2,0,124,13,216,1,15,0,9,South,0,Yes,Light,Not Offered,0
C1853,44,Female,44,660,29022,monthly,Debit Card,DSL,4,0,30,3,67,3,0,0,7,South,0,No,System,Not Offered,0
C0861,26,Male,13,647,"7,589",2-Year,Debit Card,Fiber,1,0,127,3,198,2,10,1,10,East,0,No,Dark,Not Offered,0
C1979,53,Female,19,536,10756,ANNUAL,Credit Card ,DSL,0,0,165,2,289,3,0,0,10,North,0,Yes,Light,Not Offered,0
C1148,52,FEMALE,12,844,9626,monthly,UPI,DSL,1,1,119,9,200,3,5%,1,6,East,1,Yes,Dark,Rejected,1
C1209,64,Female,40,755,30199,MONTHLY,UPI,Fiber,0,0,101,10,199,2,0,0,9,South,0,No,System,Not Offered,0
C2308,35,Female,27,1074,28987,Annual,UPI,Fiber,0,0,97,2,186,2,0,2,9,East,0,Yes,Dark,Not Offered,0
C1526,41, Male ,22,748,15631,Annual,UPI,DSL,1,0,,7,234,2,5,0,10,West,0,No,Light,Not Offered,0
C0706,40,male,19,714,13572,Two Year,UPI,Fiber,4,2,103,0,192,2,0,0,5,East ,2,No,System,Not Offered,0
C0549,27,MALE,7,875,5205,Annual,NetBanking,DSL,7,4,181,20,323,3,15,0,1,East,2,No,Light,Rejected,1
C0034,34,Female,18,613,11068,Two Year,UPI,DSL,1,0,116,9,201,2,0,0,10,South,0,No,System,Not Offered,0
C0984,36,male,31,948,29352,One Year,NetBanking,DSL,0,0,87,6,165,1,0,0,9,West,0,Yes,Dark,Not Offered,0
C0824,40,Male,25,,15936,Month-to-Month,UPI,DSL,0,0,102,12,205,2,10,2,8,South,2,Yes,Dark,Not Offered,0
C1860,45, Male ,22,433,8579,Month-to-Month,debit card,dsl,1,1,116,12,214,4,10,2,7,South,1,No,Dark,Accepted,0
C0452,51,Male,9,722,"6,464",Monthly,NetBanking,DSL,3,1,132,10,247,4,0,0,4,West,1,No,Dark,Rejected,1
C1078,37, Male ,60,600,"36,031",MONTHLY,,None,0,0,106,11,202,2,0,0,8,West,1,Yes,Light,Not Offered,0
C1815,28,Male,,739,23896,Monthly,Debit Card,None,2,0,122,20,215,3,15,0,8,West,1,Yes,System,Not Offered,0
C0851,39,Male,15,1082,"16,241",Annual, upi,,0,0,92,2,168,4,0,3,10,NORTH,0,No,System,Not Offered,0
C0718,18,Male,15,628,7993,ANNUAL,Credit Card,Fiber,0,0,115,0,208,3,15,0,10,East,1,Yes,Light,Not Offered,0
C0906,39,Female,46.0,997,38967,Monthly,Credit Card,DSL,0,0,164,2,281,3,15,0,10,West,2,No,System,Not Offered,0
C2135,27,Male,30,694,"16,602",One Year,Credit Card,,3,0,147,3,270,5,20,0,9,North,0,Yes,Light,Not Offered,0
C1208,18,Female,13,351,3661,Monthly,UPI,DSL,1,0,92,3,181,2,20,0,8,South,1,No,System,Not Offered,0
C1377,53,Male,27,605,15543,Annual,UPI,,1,0,108,0,227,1,5,0,9,North,0,No,Light,Not Offered,0
C1412,27,Female,25,799,17984,Monthly,Card,None,5,2,170,20,274,2,10,1,3,East ,0,Yes,Dark,Rejected,1
C1441,45,Female,8,456,3625,MONTHLY,Credit Card,Fiber,5,3,72,21,151,2,0,0,1,west,0,Yes,Dark,Rejected,1
C0205,36,Female,36,794,21447,Annual,UPI,DSL,1,1,145,4,263,4,25,0,9,East,0,No,Light,Not Offered,0
C1275,39,Female,35,1026,32344,2 Year,NetBanking,Fiber,0,0,170,0,279,3,10,0,10,south,1,Yes,Dark,Not Offered,0
C0199,57,male,20,904,18063,annual,Credit Card,DSL,1,0,85,1,170,2,0,0,9,West,1,Yes,System,Not Offered,0
C1677,37,Female,19,527,"10,028",Two Year,UPI,Fiber,1,1,111,0,231,3,0,2,7,West,2,No,System,Not Offered,0
C1908,24,Male,25,997,23717,Annual,UPI,FiberOptic,2,1,74,3,151,4,5,0,,South,0,No,Light,Not Offered,0
C1396,46,Male,34,972,31418,Monthly,Debit Card,Fiber,0,0,119,6,241,3,5,0,,North,1,Yes,Light,Not Offered,0
C1335,18,Female,16,866,13871,Monthly,Credit Card,DSL,3,2,110,16,216,4,0,0,3,,0,No,Dark,Rejected,1
C0116,29,Male,12.0,686,7414,Monthly,UPI,,0,0,98,6,175,4,10,1,9,north,1,No,Light,Not Offered,0
C2269,47,male,5,516,2601,Monthly,UPI,Fiber,1,1,146,18,255,3,0,0,5,North ,0,Yes,Dark,Rejected,1
C0137,67,Female,35,779,25881,Monthly, upi,DSL,1,1,96,8,184,4,5,0,6,,1,Yes,Light,Not Offered,0
C0249,45,Male,21.0,595,11876,Annual,UPI,DSL,0,0,144,7,266,2,5,0,9,East,1,Yes,System,Not Offered,0
C1057,60, Male ,33,790,22160,MONTHLY,Debit Card,fiber,0,0,48,2,84,5,15,1,9,South,1,Yes,Dark,Not Offered,0
C2241,51,Male,25,753,16946,Two Year,Debit Card,none,0,0,68,13,145,1,10,0,10,WEST,2,No,Light,Accepted,0
C0443,41,Male,27,792,16037,Monthly,UPI,,,1,148,4,292,3,25,1,7,East,0,No,Light,Not Offered,0
C0363,31,Female,61,477,27612,Annual,NetBanking,DSL,1,1,48,9,92,3,5,0,9,East,2,Yes,Dark,Not Offered,0
C2264,26,Female,24,735,14132,Monthly,UPI ,Fiber,0,0,69,11,124,2,20,0,9,West,0,No,System,Not Offered,0
C0532,18,MALE,24,656,14186,Two Year,UPI,,1,0,149,3,293,2,10,1,10,East,3,Yes,Dark,Not Offered,0
C0524,40,Female,10,686,5846,Monthly,NetBanking,Fiber,2,1,20,1,70,2,15,2,6,West,0,No,Dark,Rejected,1
C1871,53,Female,25,841,19988,1 Year,DEBIT CARD,DSL,,1,110,4,189,2,5,1,6,North,0,Yes,Dark,Not Offered,0
C0516,40,Female,46,522,24040,Monthly,UPI,DSL,0,0,104,8,203,3,0,3,9,SOUTH,1,No,Light,Not Offered,0
C0936,49,Female,12.0,532,"6,383",Annual,Debit Card,DSL,0,0,150,0,264,2,0,1,9,West,2,Yes,Light,Not Offered,0
C1128,55,Female,16,523,7536,Monthly,UPI,Fiber,4,1,74,4,145,3,10%,1,5,EAST,1,Yes,Light,Rejected,1
C2356,38,Male,61,649,33660,Annual, upi,DSL,0,0,163,4,330,4,15,1,10,North,1,No,Dark,Not Offered,0
C1045,42,Female,39,830,30768,Annual,Credit Card,Fiber,0,0,145,1,267,2,5,0,,East,0,No,Dark,Not Offered,0
C2251,54,Male,56,678,34168,Monthly,Debit Card,Fiber,2,1,110,17,212,3,10,1,7,West,2,No,Light,Not Offered,0
C0957,43,Female,56,826,41640,ANNUAL,upi,Fiber,1,0,105,19,202,3,10,0,10,South,1,No,Dark,Not Offered,0
C2182,51,male,27.0,601,"15,409",Monthly,Credit Card,Fiber,0,0,79,16,162,2,5,0,9,North,0,No,Light,Not Offered,0
C2209,49,Female,28,945,26443,Annual,UPI,DSL,0,0,121,0,231,4,0,0,9,South,1,No,System,Not Offered,0
C2200,35,Male,14,668,8840,Annual,UPI,None,4,0,95,4,180,4,5,3,8,West,1,Yes,Light,Not Offered,0
C0147,56,Female,32.0,649,18694,MONTHLY,Debit Card,Fiber,3,1,140,10,261,1,10,0,6,East,0,No,System,Accepted,0
C0643,43,Male,24,-45,21926,Two Year,Credit Card ,DSL,3,0,187,6,361,3,5,0,9,West,0,No,Dark,Not Offered,0
C1544,42,Male,42.0,1061,44577,monthly,Credit Card,Fiber,4,0,153,2,282,1,0,1,8,West,1,Yes,Dark,Not Offered,0
C2141,26,Male,72,566,34661,Annual,UPI,Fiber,2,0,90,6,200,3,15,1,10,North,1,No,Dark,Not Offered,0
C1316,29,Male,15,537,8049,Monthly, upi,Fiber,3,2,94,14,185,3,0,1,3,East,1,Yes,Dark,Rejected,1
C0273,42,Male,14,560,6638,One Year,upi,Fiber,4,1,126,14,240,3,15,0,7,North,2,Yes,Light,Not Offered,0
C1454,18,Male,22,"1,124",18525,TWO YEAR,Credit Card,Fiber,0,0,147,3,272,1,25,2,10,East,0,No,Dark,Not Offered,0
C1239,47,Male,15,538,6033,Annual,Credit Card,DSL,1,0,93,27,182,3,25,1,10,West,0,Yes,System,Not Offered,0
C1669,37,Female,25,684,13683,Monthly,NetBanking,Fiber,5,1,,12,226,3,20,1,5,North,1,No,Dark,Rejected,1
C0450,53,Male,33,569,18802,Annual,Credit Card,DSL,5,0,181,12,347,3,0,0,7,South ,0,Yes,System,Not Offered,0
C1701,59,Male,11,960,8969,ANNUAL,NETBANKING,Fiber,0,0,157,0,265,3,15,0,9,WEST,0,No,Dark,Not Offered,0
C0158,40,Male,37,700,24561,One Year,Credit Card,DSL,3,2,78,3,153,3,5,0,6,North,1,Yes,Dark,Not Offered,0
C0707,38,Female,,702,37298,Monthly,UPI,DSL,,0,146,2,296,4,10,0,9,South,0,Yes,Light,Not Offered,0
C2154,71,Female,27,554,11981,MONTHLY, upi,DSL,0,0,,14,169,2,20%,1,9,South,2,No,Dark,Not Offered,0
C0922,24,Female,9,682,6118,Month-to-Month,Debit Card,Fiber,1,1,97,4,187,2,0,0,5,West,0,Yes,System,Rejected,1
C1585,47,male,33,511,16861, monthly ,Credit Card,Fiber,0,0,43,2,60,1,0,0,8,South ,0,Yes,Light,Not Offered,0
C1053,49,Male,11,540,5304,Monthly,Credit Card,Fiber,4,3,149,16,266,42,10,0,1,West,1,No,System,Rejected,1
C0077,54,Female,32,621,17878,Annual,Debit Card,Fiber,1,1,84,2,162,3,10,0,7,South,1,No,Light,Not Offered,0
C1642,25,Female,18,683,11074,Monthly,Net Banking,Fiber,1,0,80,6,178,4,10%,1,8,South,0,Yes,System,Not Offered,0
C2046,30,Male,39,638,23603,Monthly,UPI,DSL,2,0,138,2,251,3,5,0,8,West,1,No,System,Not Offered,0
C2195,28,Female,,379,9360,Annual,CREDIT CARD,,2,1,76,3,163,2,15,0,8,East,0,Yes,Light,Not Offered,0
C0492,26,male,57,1093,59223,Annual,UPI,DSL,2,0,65,3,136,2,5,5,10,,0,No,System,Not Offered,0
C0093,49,Male,10,441,4447,Monthly,UPI ,Fiber,2,1,78,3,147,4,0,0,6,South,1,Yes,System,Accepted,0
C0877,45,Male,46,1007,44028,One Year,NetBanking,Fiber,1,1,206,0,386,5,5,0,8,East,0,No,System,Not Offered,0
C0414,31, Female ,46,613,"26,798",Two Year,UPI,Fiber,3,1,163,6,305,1,5,2,8,NORTH,2,Yes,Dark,Not Offered,0
C0275,23,Male,15,868,11696,Two Year,Credit Card,,1,1,66,8,129,2,10,1,8,South,1,Yes,Dark,Not Offered,0
C1388,29,Female,61,735,35913,Annual,Credit Card, Fiber ,3,0,117,3,228,3,20,0,9,East,0,Yes,System,Not Offered,0
C0037,28,Male,32,636,"18,303",Annual,Credit Card,Fiber,0,0,114,7,215,3,10,0,9,North,0,No,Light,Not Offered,0
C0423,75,F,18,621,9510,Annual,UPI,Fiber,,0,88,2,160,2,15,0,9,West,1,No,Light,Not Offered,0
C0918,42,Male,28,780,19642,Monthly,NetBanking,DSL,3,2,44,2,66,3,10,1,4,North,1,No,Light,Rejected,1
C1859,55, Female ,11,652,6800,Annual,Credit Card,DSL,0,0,73,13,142,3,5,0,9,West,1,Yes,System,Not Offered,0
C2067,37,female,16,720,9784,Two Year,UPI,DSL,3,2,,2,180,4,15,2,5,South ,0,No,Light,Not Offered,0
C0995,20,Female,19.0,603,11456,Annual,UPI,DSL,0,0,,7,83,2,0,0,9,East,1,No,Light,Not Offered,0
C0296,43,Female,32,592,18975,MONTHLY,upi,Fiber,2,1,108,21,189,2,0,0,6,West,3,No,Dark,Not Offered,0
C1587,47,Male,42,872,"34,802",Annual,UPI,Dsl,1,1,140,8,254,4,5,2,8,South,0,Yes,System,Not Offered,0
C0782,45,Male,22,851,17769,TWO YEAR,Credit Card,dsl,1,0,183,0,347,2,5,1,9,East,3,No,Dark,Not Offered,0
C1894,37, Female ,21,663,13243,Annual,NetBanking,DSL,0,0,97,4,182,4,5,3,,North,0,No,System,Accepted,0
C1202,54,Male,23,772,13313,Monthly,Credit Card,Fiber,1,1,148,14,274,4,25,0,7,South ,1,No,System,Not Offered,0
C1558,52,Male,21.0,809,14470,Two Year,UPI,Fiber,0,0,76,32,133,3,15%,0,10,WEST,0,No,System,Not Offered,0
C1385,24,female,11,799,8356,1 Year,Debit Card,DSL,0,0,62,1,144,3,5,0,8,North,0,Yes,Light,Not Offered,0
C2042,55,MALE,43,947,40704,Annual,UPI,Fiber,2,1,101,5,187,2,0,1,8,East,1,Yes,Dark,Not Offered,0
C1857,30,Female,67,599,34114,monthly,NetBanking,dsl,5,0,116,3,228,4,15,0,7,,1,Yes,Dark,Not Offered,0
C1929,34,Male,11,1233,13548,Monthly,NetBanking,Dsl,1,1,112,17,217,2,0,1,5,North,2,Yes,Light,Rejected,1
C1903,54,Male,24,730,17531,Monthly,Debit Card,DSL,2,1,100,2,177,4,0,0,5,West,0,Yes,Dark,Not Offered,0
C1069,24,Female,33,655,21574,Monthly,Credit Card,DSL,3,1,175,0,335,3,0,2,5,South,0,No,Dark,Accepted,1
C1114,55,Male,13,601,6621,One Year,NetBanking, Fiber ,2,1,110,1,206,2,15,0,8,West,1,No,Dark,Not Offered,0
C0934,58,Female,53,505,26775,two year,Debit Card,Fiber,5,1,146,0,275,1,0,1,7,East,0,Yes,Light,Not Offered,0
C0265,55,Female,41,937,"34,578",Two Year,CREDIT CARD,Fiber,5,1,62,0,110,2,10,0,8,West,2,Yes,Light,Not Offered,0
C0471,56,Female,41,458,15955,Annual,UPI,none,1,0,86,3,154,3,15,1,10,South,1,No,Dark,Not Offered,0
C0455,36,Male,35,847,28207,Annual,NetBanking,Fiber,2,1,77,3,137,2,5,0,6,,0,Yes,Light,Not Offered,0
C1626,62,Male,72,749,53922,Annual,CREDIT CARD,Fiber,0,0,156,1,288,3,0,3,9,West,0,Yes,Dark,Not Offered,0
C2035,43,Male,14,686,8618,Annual,UPI,DSL,0,0,84,33,152,2,10,3,10,East,0,Yes,System,Not Offered,0
C0801,48,Female,10,788,7883,Two Year,netbanking,Fiber,2,1,105,6,163,2,0,0,6,South,2,Yes,Dark,Not Offered,0
C1801,35,male,8,918,7339,Annual,Card,DSL,2,0,74,6,163,4,0,0,8,NORTH,3,No,Light,Not Offered,0
C0895,57,M,8,618,3716,Annual,UPI,None,1,0,117,7,219,4,25,0,9,WEST,0,Yes,Dark,Not Offered,0
C2282,38,Male,,552,24834,Annual,Credit Card,DSL,,0,142,2,275,3,0,1,,South,0,No,System,Not Offered,0
C2140,42,Female,42,495,16623,Two Year,NetBanking,None,3,0,139,23,251,2,20,0,10,West,0,No,Light,Not Offered,0
C2191,49,Female,20.0,379,6814,Annual,UPI,DSL,0,0,84,21,166,2,10,1,,South,1,Yes,Dark,Not Offered,0
C1218,55,Female,11,892,9853,Two Year,Debit card,dsl,1,0,49,2,83,2,0,0,10,South,1,Yes,Dark,Not Offered,0
C0821,33,Female,28,936,24892,Monthly,,Fiber,3,1,124,10,237,2,5,0,5,South,2,No,Dark,Rejected,1
C0967,37,Female,,578,11279,Annual,NetBanking,Fiber,3,0,79,8,127,3,15,1,8,South,1,No,Dark,Not Offered,0
C2275,48,Male,30,735,19827,Two Year,UPI,Dsl,0,0,91,1,170,3,10,2,10,East ,0,No,Dark,Not Offered,0
C0343,48,FEMALE,12,722,7790,Month-to-Month,Card,none,4,2,93,21,166,2,10,0,3,South,1,Yes,Dark,Rejected,1
C1930,33, Female ,16,625,7485,Annual,Debit Card,FiberOptic,3,2,73,5,152,2,25,1,6,North,1,No,Dark,Not Offered,0
C0180,42,Male,35,749,22278,Monthly,upi,DSL,6,1,146,24,289,3,15,0,4,,0,No,System,Rejected,1
C0990,41,Male,23,509,11691,Annual,CREDIT CARD,Fiber,4,2,109,4,248,2,0,1,5,North,0,No,System,Not Offered,0
C2005,47,Female,24,,14427,Annual, upi,,0,0,67,5,115,1,20,0,10,South,0,Yes,Light,Not Offered,0
C1783,60,Male,,836,7964,Monthly,UPI,None,2,1,110,22,214,3,5,1,5,South,0,No,Light,Rejected,1
C0980,30,Female,39,486,18942,Annual,UPI,DSL,0,0,139,13,248,1,0,3,10,South,0,No,System,Accepted,0
C2298,65,Male,29,779,21468,Two Year,Debit card,None,0,0,175,4,302,2,5,1,10,South,1,Yes,Dark,Not Offered,0
C1831,67,Male,6,698,"3,784",Monthly,Credit Card,none,2,1,89,0,133,4,10,2,6,East,0,No,Dark,Rejected,1
C1647,47,Male,10,921,8762,Annual,NetBanking,DSL,0,0,162,36,307,3,5,4,10,west,3,No,System,Not Offered,0
C0113,42, Male ,2,,1567, monthly ,UPI,None,5,3,181,20,333,2,0,1,1,East,0,Yes,Light,Rejected,1
C2194,24,Male,34,721,20839,TWO YEAR,Debit Card, Fiber ,1,1,106,4,207,1,15,0,9,East,0,Yes,Dark,Not Offered,0
C2379,18,Male,27,902,24368,Monthly,Credit Card, Fiber ,3,0,126,2,230,3,0,0,7,South,1,No,Light,Not Offered,0
C0070,38,Female,56,951,53231,Two Year,,Fiber,0,0,51,0,93,2,0,1,10,South,0,No,System,Not Offered,0
C1530,49,female,24,434,9379,Monthly,UPI ,DSL,0,0,58,26,121,2,10,0,9,North,0,Yes,Dark,Not Offered,0
C2118,46,Female,46,467,21478,Annual,UPI,DSL,1,0,83,6,178,3,0,1,10,West,2,Yes,System,Not Offered,0
C2266,53,Male,19,695,12522,Monthly,Credit Card ,dsl,2,1,127,8,234,3,5,0,6,South,1,No,System,Not Offered,0
C1091,59,Female,30,853,20466,Monthly,,None,4,2,,4,259,4,20,0,4,North,0,No,Dark,Accepted,1
C1616,20,Female,8,718,5741,Two Year,UPI,None,3,1,61,4,103,3,0,0,7,,2,No,Light,Not Offered,0
C2114,42,Male,11,888,9748,Annual,UPI,Fiber,1,0,,1,101,4,0,2,8,West,0,Yes,Light,Not Offered,0
C1332,46,Male,25,838,20916, monthly ,Credit Card ,DSL,8,5,146,20,288,2,0,1,1,South,0,Yes,System,Rejected,1
C0903,46,FEMALE,23,773,14238,MONTHLY,NetBanking,DSL,2,1,89,0,178,1,20,0,,West ,0,Yes,Light,Not Offered,0
C1362,46,Male,34,738,20075,Monthly,Credit Card,DSL,0,0,56,1,109,2,20%,0,8,North,0,No,System,Not Offered,0
C1428,38,Female,25,640,14436,Annual,netbanking,Fiber,2,0,109,3,199,2,10,1,9,East ,0,Yes,Dark,Not Offered,0
C2383,55,Male,12,761,"7,768",Annual,UPI,DSL,3,2,20,5,70,2,15,0,,North,0,Yes,Dark,Not Offered,0
C0568,35,Female,9,611,5459,Annual,NetBanking,FIBER,,0,187,9,330,3,0,2,9,SOUTH,2,No,Dark,Not Offered,0
C0331,22,Male,37,374,13813,Two Year,UPI,Fiber,1,1,106,8,185,2,0,0,8,South,2,No,System,Not Offered,0
C2084,42,Female,23,772,15972,Monthly,Debit card,DSL,4,2,135,19,251,4,10,0,3,South ,1,No,Light,Rejected,1
C1060,43,Male,13,521,6793,Monthly,UPI,Fiber,3,0,68,4,119,3,0,1,6,South,1,No,System,Not Offered,0
C1463,36,Female,23,694,14332,Annual,UPI,Fiber,0,0,133,1,260,2,10,2,10,East,2,Yes,System,Accepted,0
C2155,33,Male,14,696,9691,Monthly,Credit Card,None,5,2,104,16,179,2,0,2,3,South,3,Yes,Light,Rejected,1
C2188,41,Male,43,,26025,Two Year,UPI,None,5,1,117,22,181,3,10,2,7,East,0,No,Light,Not Offered,0
C1182,29,Female,49,681,31647,Annual,UPI,FiberOptic,4,1,85,0,169,3,5,2,7,East,0,No,Light,Not Offered,0
C1682,47,Male,20,605,9073,Monthly,Credit Card,,0,0,94,0,191,4,25,1,8,East,0,Yes,System,Not Offered,0
C0251,31,MALE,15,912,12320,Two Year,credit card,None,5,0,129,25,244,4,10,0,8,North,0,Yes,System,Not Offered,0
C0102,39,Male,6,728,4148,Monthly,NetBanking,,2,1,161,10,296,1,5,1,6,,1,No,Dark,Rejected,1
C1840,27,Male,22,815,17929,Annual,credit card,Fiber,4,1,20,19,28,4,0,1,6,South,1,No,Light,Not Offered,0
C0146,32,Female,57,533,"30,363",Monthly, upi,Fiber,2,1,116,4,207,2,0,0,7,West,0,No,Dark,Not Offered,0
C0271,29,Male,51,716,36507,Monthly,credit card,None,1,0,103,3,217,2,0,2,,West,0,No,System,Not Offered,0
C1488,48,Male,33,688,20424,Annual,CREDIT CARD,Fiber,9,5,103,14,187,2,10,1,1,East,0,No,Dark,Rejected,1
C1630,43, Male ,49,406,17909,Annual,NetBanking,Fiber,0,0,49,0,124,2,10,1,10,North,2,Yes,Light,Not Offered,0
C1120,22,Male,12,710,8523,Two Year,upi,Fiber,1,0,142,3,234,3,0,0,9,East,0,Yes,Dark,Not Offered,0
C1240,53,Male,34,663,20318,Two Year,UPI ,Fiber,0,0,147,0,278,2,10,1,10,EAST,0,No,Dark,Not Offered,0
C0460,43,Female,26,479,11829,monthly,,Fiber,3,1,83,3,172,1,5,0,6,South,1,Yes,Dark,Not Offered,0
C1375,44,Male,9,518,4682, monthly ,NetBanking,Fiber,1,1,,5,173,1,0,0,6,North,1,No,Dark,Not Offered,0
C1226,32,Female,23,838,"17,308",Monthly,UPI,Fiber,0,0,116,8,207,3,10,0,9,West,1,Yes,Dark,Not Offered,0
C1933,18,Male,14,767,9656,TWO YEAR,Credit Card,None,1,0,97,23,186,3,10,0,10,North,0,Yes,Light,Not Offered,0
C1751,28,Male,20,750,12700,Monthly,Debit Card,FIBER,2,0,124,1,235,1,15,0,8,north,1,Yes,Dark,Not Offered,0
C0768,32,Female,20,468,"8,388",One Year,UPI,Fiber,2,1,109,10,205,2,10,0,7,East,1,Yes,Dark,Not Offered,0
C0621,41,Female,6,733,4193,Annual,NetBanking,Fiber,1,0,120,0,253,4,5,1,8,East,0,Yes,System,Not Offered,0
C0886,61,Male,31,524,14625,Two Year,UPI,Fiber,0,0,137,0,242,2,10,0,10,West,1,No,Dark,Not Offered,0
C0164,40,Male,24,"1,000",20411,One Year,upi,DSL,0,0,136,0,259,3,15,1,10,West,1,Yes,Dark,Not Offered,0
C0839,61,F,56,871,"48,785",two year,Debit Card,Fiber,0,0,143,0,265,2,0,0,10,West,2,No,Light,Not Offered,0
C2261,61,Female,16.0,955,15301,Monthly,,DSL,1,0,94,5,177,2,0,3,8,East,0,Yes,System,Not Offered,0
C1107,36,Female,28,624,15678,Two Year,CREDIT CARD,Fiber,1,0,140,4,273,3,10,2,10,EAST,1,Yes,Dark,Not Offered,0
C2226,42,Male,30,826,24771,TWO YEAR,UPI,Fiber,3,1,92,2,179,2,0,0,7,South,0,No,Light,Not Offered,0
C1327,42,Female,11,793,8246,Two Year,Credit Card,Fiber,3,1,93,0,173,4,5,1,7,East,0,No,System,Not Offered,0
C0215,27,Male,25,671,16736,Monthly,,DSL,0,0,113,0,226,4,0,0,9,South,2,Yes,System,Not Offered,0
C1269,44,Female,49,624,29031,Monthly,CREDIT CARD,Fiber,2,1,82,0,137,1,5,0,7,South ,0,No,Dark,Accepted,0
C1787,39,Female,22,666,14675,Annual,,DSL,2,1,120,12,211,3,0%,3,,West,2,Yes,Light,Rejected,1
C2205,18,Male,26,545,10624,Monthly,UPI,DSL,0,0,100,0,166,1,25,1,9,North,0,Yes,System,Not Offered,0
C1072,57,Female,27,412,11129,monthly,Credit Card ,Fiber,2,1,182,2,332,3,0%,0,6,south,1,No,System,Accepted,0
C0014,51,Male,16,763,12187,Annual,Debit Card,Fiber,3,0,89,9,185,4,0,1,8,North,0,Yes,Light,Not Offered,0
C0319,42,Female,30,671,19120,Monthly,UPI,dsl,2,1,124,7,216,4,5,0,5,South,0,Yes,Light,Not Offered,0
C1018,49,Male,18,828,13405,Annual,UPI,Fiber,1,0,122,20,222,5,10,0,9,South,3,No,Dark,Not Offered,0
C1008,26,Female,35,750,22288,Annual,NetBanking,Fiber,1,0,73,5,143,3,15,0,9,North,0,No,System,Not Offered,0
C0715,45,Female,21,786,12379,Monthly,UPI,DSL,2,1,105,8,167,1,25,0,6,North,0,Yes,Dark,Not Offered,0
C2105,57,Female,19,790,15042,Monthly,NetBanking,None,7,1,109,14,212,3,0,0,3,West,3,No,System,Rejected,1
C2370,22,Male,30,911,24598,Annual,UPI, Fiber ,2,0,176,4,325,3,10,0,9,East,0,Yes,Dark,Not Offered,0
C1624,37,female,8,765,6135,Annual,NetBanking,Fiber,1,1,54,0,113,4,0,0,,South,0,No,Light,Not Offered,0
C0171,30,MALE,13,750,7823,Monthly,Credit Card,DSL,5,3,130,15,243,2,20,1,3,North ,0,Yes,System,Rejected,1
C0669,40,Female,39,513,19029,Two Year,Debit Card,DSL,1,0,,12,283,5,5,0,10,South,1,Yes,Dark,Not Offered,0
C1051,18,Female,24,632,13600,annual,UPI, Fiber ,2,1,98,0,175,1,10,2,7,North,0,No,System,Not Offered,0
C1736,34,Female,44,990,39178,2-Year,UPI,Fiber,2,1,121,12,250,1,10,1,8,West,1,No,Dark,Not Offered,0
C2065,31,Female,45.0,877,39429,Annual,Credit Card,Fiber,0,0,99,1,219,4,0%,0,10,South,2,Yes,System,Not Offered,0
C1398,37,Female,7,1341,"8,468",Annual,UPI,Fiber,6,3,150,22,260,2,10,1,1,East,0,No,Light,Rejected,1
C2153,26,Male,15,864,12308,Two Year,,Dsl,,0,110,10,202,4,5,0,9,West,1,No,Light,Not Offered,0
C1479,20,Male,31,685,20169,Annual,UPI,None,1,0,61,11,120,3,5,0,9,East,0,No,System,Not Offered,0
C0362,142,Female,16,744,11901,Annual,UPI,None,5,0,115,9,224,2,0,0,7,East,2,Yes,System,Not Offered,0
C0587,51,M,14,941,13204,Two Year,UPI,None,2,1,112,2,201,2,0,1,8,East,0,Yes,Dark,Not Offered,0
C0069,33,Male,12,1049,11960,Monthly,NetBanking,No Service,1,1,110,4,197,5,5,0,7,South,2,No,Light,Rejected,1
C1165,48,MALE,23,768,17658,Two Year,Credit Card,DSL,0,0,93,2,187,1,0,1,0,South,0,No,Dark,Not Offered,0
C0693,42,Female,37,,29669,Two Year,NetBanking,Fiber,0,0,130,8,254,4,20,0,10,South,1,Yes,Dark,Not Offered,0
C0672,36,Female,21,763,14386,TWO YEAR,Credit Card,DSL,2,1,96,3,173,2,10,1,8,south,0,No,System,Not Offered,0
C0844,49,Male,16,-500,12900,monthly,UPI,DSL,2,1,129,0,232,4,0,1,5,South,2,Yes,Dark,Not Offered,0
C2145,42,M,39,945,34982,Annual,Credit Card,Fiber,0,0,133,35,247,2,5,1,10,North,0,Yes,System,Not Offered,0
C0107,37,Female,16,806,12924,Monthly,Net Banking,DSL,2,1,99,3,191,3,0,0,6,East,1,Yes,Light,Not Offered,0
C1976,46,Female,11,926,8147,Annual,,DSL,0,0,72,14,130,4,20,0,9,East,0,No,Dark,Not Offered,0
C1157,50,M,25,956,23881,Annual,UPI ,None,1,0,,14,151,3,0%,0,9,North,2,No,Dark,Not Offered,0
C0367,28,Male,11,1045,10341,Annual,Credit Card,Fiber,1,1,131,3,257,4,10,0,7,East,0,Yes,System,Not Offered,0
C1796,37,Male,14,662,8793,Two Year,UPI,Fiber,3,1,28,6,31,2,5,1,7,South,1,No,Light,Not Offered,0
C0044,30,Male,8,-45,5345,Monthly,Debit Card,Fiber,4,3,91,18,180,1,5,1,1,North,0,Yes,Light,Rejected,1
C0081,40,MALE,8,780,5967,Two Year,UPI, Fiber ,3,0,150,0,291,2,5,0,7,South,2,Yes,Dark,Not Offered,0
C1407,50,Male,20,596,11947,Annual,Debit card,Fiber,1,1,146,8,278,1,0,0,7,East,3,Yes,Light,Not Offered,0
C0710,37,female,30,771,23081,Two Year,NetBanking,Fiber,1,0,,6,229,3,0,1,,North,0,No,Dark,Not Offered,0
C0908,53,Male,62,791,49012,Two Year,upi, Fiber ,0,0,108,5,205,2,0,0,,North,0,Yes,System,Not Offered,0
C1028,54,Male,8,1018,8140,Monthly,UPI,Fiber,6,4,71,17,125,4,0,0,1,EAST,1,No,System,Not Offered,1
C0560,34,Male,55,478,24991,Annual,Credit Card,Fiber,0,0,68,2,121,3,5,0,10,East,1,Yes,Light,Not Offered,0
C0410,40,Female,23,731,13451,Annual,UPI,dsl,2,0,112,4,201,2,20,0,9,south,0,No,System,Not Offered,0
C1695,30,Male,26,801,18739,Annual,UPI,Fiber,2,0,106,19,211,3,10,3,8,North ,1,No,Dark,Not Offered,0
C0557,41,Male,11,699,7669,2 Year,upi,Fiber,1,0,88,0,170,2,0,2,9,West,0,No,System,Not Offered,0
C1402,40,Male,5,,1233,Annual,NetBanking,DSL,2,1,154,7,284,2,25,0,7,North,1,Yes,Dark,Not Offered,0
C1536,46,Male,29,696,"18,154",two year,Credit Card,None,1,0,135,29,230,2,10,1,9,south,0,Yes,Dark,Not Offered,0
C2128,38, Female ,37,865,25617,Monthly, upi,None,0,0,103,2,202,2,20,2,10,South,1,No,System,Not Offered,0
C1918,34,Female,46,912,35677,Two Year,NETBANKING,DSL,1,1,109,2,180,2,15,1,9,North,0,Yes,Light,Not Offered,0
C1422,61,Male,16,857,"13,033",Month-to-Month,Credit Card,Fiber,1,0,156,0,305,2,5,0,8,East,0,Yes,Dark,Not Offered,0
C0039,38,Male,34.0,730,18578,Monthly,UPI,Fiber,,2,114,12,204,4,25,0,4,North,1,Yes,Light,Rejected,1
C0962,48,Female,23,819,15981,Monthly,UPI,Fiber,1,1,153,1,263,2,15,1,6,East,1,No,Light,Not Offered,0
C0393,41,Male,4,704,2795,Annual,NetBanking,Fiber,3,1,182,10,308,4,0%,0,6,NORTH,0,No,Light,Not Offered,0
C1457,38,male,24,845,19255,Monthly,Credit Card,DSL,2,1,99,6,216,3,5,0,6,North ,3,Yes,Dark,Not Offered,0
C0931,51,Male,23,666,15328,Annual,UPI,None,0,0,49,1,121,3,0,5,10,North,0,No,Dark,Not Offered,0
C1820,49,Female,63,545,30890,Annual,Credit Card,DSL,1,0,157,0,283,3,10,1,10,South,2,No,Light,Not Offered,0
C0026,30,F,23,918,21130,ANNUAL,Credit Card,DSL,0,0,150,1,263,4,0,1,10,South,0,No,Dark,Not Offered,0
C1776,36,Female,20,315,4708,Monthly,UPI,None,0,0,148,0,272,2,25,0,10,EAST,0,No,Light,Not Offered,0
C1958,43,Female,50,315,13382,Monthly,Credit Card,Fiber,1,0,100,1,223,3,15,2,9,North,0,Yes,System,Not Offered,0
C1244,57,M,24,898,19354,Monthly,Debit Card,DSL,7,4,151,18,275,1,10,0,1,North ,2,No,Dark,Rejected,1
C1171,44,Female,25,590,13973,Annual,UPI,Fiber,6,4,98,19,167,2,5,2,1,North,2,No,System,Rejected,1
C0909,70,MALE,27,678,17391,annual,UPI,Fiber,3,0,115,3,207,1,5,0,8,,0,Yes,System,Not Offered,0
C1938,31,F,13,,6944,Monthly,Credit Card ,None,2,0,142,8,257,2,25,1,8,North,1,Yes,Light,Not Offered,0
C1919,39,Female,15,697,10443,Annual,UPI,DSL,0,0,123,7,209,2,0,0,10,South,0,No,System,Not Offered,0
C1475,59,MALE,46,555,"24,253",Two Year,,,1,0,110,7,204,2,5,5,10,WEST,0,No,Dark,Not Offered,0
C2079,31,MALE,11,424,4210,Annual,UPI,Fiber,0,0,135,1,256,2,10,1,10,North ,3,Yes,Dark,Not Offered,0
C0852,46,Male,43,661,28448,1 Year,CREDIT CARD,Fiber,0,0,64,4,126,4,0,2,9,South,0,No,System,Not Offered,0
C1464,36,Male,,883,8410,Two Year,NETBANKING,Fiber,0,0,152,13,271,3,5,1,9,South,1,Yes,System,Accepted,0
C0808,42,M,24,851,18365,Annual,Credit Card,Fiber,0,0,156,0,302,3,10,0,9,North,1,Yes,Dark,Not Offered,0
C1406,68,Male,16,743,11907,Annual,UPI,DSL,0,0,119,1,216,2,0,1,,North,0,Yes,System,Not Offered,0
C2096,48,Female,20,948,18005,Annual,UPI,DSL,5,1,124,3,239,4,5,0,5,West,0,No,System,Not Offered,0
C1180,40,Female,8,1151,6943,Monthly,Credit Card,Fiber,1,1,101,4,172,2,25,1,6,East,0,No,System,Accepted,1
C1178,45,Female,48,652,31275,Annual,Credit Card,DSL,1,0,64,0,149,2,0,1,10,West,1,No,System,Not Offered,0
C2137,41,Male,4.0,1032,3699,monthly,Debit Card,Fiber,8,3,72,20,174,3,10,0,1,South,1,Yes,Dark,Rejected,1
C0225,54,Female,34,363,12340,Two Year,UPI,DSL,2,1,113,35,231,1,0,1,,West,1,No,Dark,Not Offered,0
C0065,18,FEMALE,67,624,39688,Annual,Credit Card,Fiber,2,1,121,0,233,3,5,1,8,East,0,No,System,Not Offered,0
C1357,75,Female,25,710,"17,768",Annual,UPI,DSL,2,1,181,1,338,1,0,0,6,North,2,No,Light,Not Offered,0
C0628,20,Male,32,787,25170,Monthly,NetBanking,,1,1,134,3,234,1,0,1,6,South,0,Yes,System,Not Offered,1
C1304,32,F,15,821,11722,Monthly,NetBanking,Fiber,4,2,150,15,268,3,5,1,3,South,2,Yes,Light,Rejected,1
C0491,38,Male,15,836,12535,Monthly,NetBanking,FIBER,2,1,93,31,170,3,0,0,6,East,1,Yes,System,Rejected,1
C0691,32,Male,13,965,12516,Annual,UPI,Fiber,0,0,117,17,216,3,0,0,10,North,1,No,System,Not Offered,0
C1525,58,Male,38,650,19769,Annual,Credit Card,None,1,1,85,4,132,1,20,1,9,South,0,Yes,Dark,Not Offered,0
C0734,42,Male,46,733,33734,Monthly,Debit Card,None,1,1,94,1,222,2,0,0,7,West ,0,Yes,System,Not Offered,0
C1358,28,Male,38,671,22959,MONTHLY,NetBanking,None,3,2,154,3,283,2,10,0,5,North,1,Yes,Light,Not Offered,0
C0629,35,MALE,60.0,587,35195,Annual,NetBanking,Fiber,1,0,84,3,150,2,0,0,10,South,1,Yes,Light,Not Offered,0
C2324,44,Female,32,703,19126,Two Year,Credit Card,Fiber,4,2,102,12,191,2,15,0,6,East ,0,No,System,Not Offered,0
C1928,69,Male,9,961,8656,Monthly,UPI,Fiber,2,1,156,40,256,1,0,1,4,NORTH,1,No,Dark,Not Offered,1
C0584,33,Female,2.0,764,1483,Two Year,Credit Card,DSL,3,0,114,0,213,2,5,1,8,South,1,No,System,Not Offered,0
C2029,52,MALE,14,453,5715,Monthly,NetBanking,Fiber,0,0,125,10,236,3,10,1,10,North,1,No,Light,Not Offered,0
C1195,53,Female,27,563,13687, monthly ,Credit Card ,Fiber,1,1,152,12,266,3,10,0,6,West,2,No,Light,Not Offered,0
C2072,42,Male,45,932,41958,Month-to-Month,Credit Card,None,0,0,90,1,159,3,0,0,10,East,3,No,System,Not Offered,0
C1549,60,Female,22,874,18268,2 Year,Debit Card,DSL,,0,56,4,87,2,5,0,10,South,1,Yes,Light,Not Offered,0
C1395,54,Male,30,461,13123,Month-to-Month,NetBanking,Fiber,1,0,105,15,207,4,5,0,8,East,1,No,System,Not Offered,0
C2129,39,MALE,19,737,13297,Monthly,Credit Card,Fiber,1,1,130,0,219,4,5,0,7,North,1,Yes,Light,Not Offered,0
C0948,40,Male,35,708,24777,Monthly,,Fiber,2,0,118,1,234,1,0,0,6,North,2,No,Dark,Not Offered,0
C0312,42,FEMALE,13,648,6711,Two Year,UPI,DSL,1,0,78,16,135,2,20,0,10,East,0,Yes,Light,Not Offered,0
C0371,35,Male,9,758,6136,Month-to-Month,netbanking,DSL,4,1,103,9,209,2,10,0,5,North,0,No,System,Rejected,1
C0427,44,M,,781,14613,2 Year,Credit Card,None,1,0,72,2,124,2,15,0,10,East,1,No,Dark,Not Offered,0
C1066,39,Male,33,675,18910,two year,NetBanking,none,1,0,123,14,252,2,15,0,10,South,1,Yes,Light,Not Offered,0
C1629,25,female,15,753,11318,Month-to-Month,UPI, Fiber ,1,1,132,0,255,3,0,0,6,South,0,No,Light,Rejected,1
C0866,26,Male,17,822,13303,Monthly,Credit Card,Fiber,1,0,84,2,135,2,5,1,8,West,0,No,System,Not Offered,0
C1307,66,Male,5,604,3021,Annual,UPI,Fiber,0,0,48,1,100,4,0,4,9,North,0,No,Dark,Not Offered,0
C0618,39,Female,34,617,"20,971",Monthly,UPI,Fiber,0,0,141,2,292,5,0,0,8,West,2,No,Dark,Not Offered,0
C2242,26,Male,22,564,11817,Monthly,UPI ,Fiber,2,1,,15,225,3,5,2,6,North,1,Yes,Dark,Accepted,0
C1514,38,Female,31,978,24229,2-Year,UPI,DSL,0,0,93,2,221,4,20,0,10,West,0,No,System,Not Offered,0
C2232,35,Male,16,828,13228,ANNUAL,Debit Card,DSL,4,2,157,0,273,1,0,0,4,North,2,No,Light,Rejected,1
C0959,42,Female,26,843,20813,monthly,NetBanking,None,0,0,134,0,255,3,5,0,8,East,2,No,System,Not Offered,0
C2061,46,Male,31,712,22056,Monthly,Credit Card,Fiber,2,1,117,16,225,2,0,0,6,NORTH,0,No,Dark,Not Offered,0
C1637,29,Male,46,845,36914,Two Year,NetBanking,Fiber,3,0,87,10,161,3,5,0,9,North,0,No,System,Not Offered,0
C2008,31,Male,41,606,24853,2-Year,,Fiber,2,1,101,16,211,2,0,1,8,North,2,No,Light,Not Offered,0
C2101,46,female,22,425,9337,Two Year,Credit Card,dsl,1,0,131,20,248,2,0,0,10,west,2,Yes,Dark,Not Offered,0
C0073,29,Female,19,654,11162,Annual,NetBanking,Dsl,0,0,134,2,250,3,10,2,10,North,1,No,System,Not Offered,0
C1991,56,Female,32,510,14740,Monthly,Credit Card,Fiber,0,0,134,21,261,4,10,2,8,East,0,Yes,Light,Not Offered,0
C1411,42,Male,29,803,19814,Annual,NETBANKING,Fiber,0,0,92,2,180,2,15,0,10,West,1,No,Dark,Not Offered,0
C1546,49,Female,30,369,9990,Annual,NetBanking,None,1,0,91,2,178,3,10,0,9,South,0,No,Light,Not Offered,0
C1843,41,Female,23,781,13468,Annual,Credit Card,None,2,0,174,0,321,3,25,0,9,South,1,Yes,Dark,Not Offered,0
C1089,21,Female,16,794,11448,Annual,,DSL,0,0,,2,54,4,10,0,10,East,0,Yes,Light,Not Offered,0
C0723,50,Male,32,709,19289,Monthly,Debit Card,DSL,1,1,145,21,263,1,15,0,7,South,1,No,System,Not Offered,0
C2357,35,female,21,-500,13616,Monthly,UPI ,DSL,4,0,101,13,186,2,20,0,7,East ,2,No,System,Not Offered,0
C0545,45,Male,22,751,16530,Monthly,Debit Card,DSL,0,0,93,29,186,2,0,2,8,West,0,Yes,Light,Not Offered,0
C2178,41,Male,19,1072,17342,Monthly,UPI,DSL,0,0,91,0,196,3,15,1,9,East,1,Yes,Dark,Not Offered,0
C1485,43,Female,6,656,3168,Monthly,Debit Card,Fiber,3,2,73,1,146,2,20,0,4,West,1,Yes,System,Rejected,1
C1522,22,F,27,992,26763,Monthly, upi,DSL,1,0,75,7,147,1,0,1,7,NORTH,1,No,Dark,Not Offered,0
C0810,75,F,24,338,8097,Monthly,UPI,Fiber,0,0,115,2,209,3,0,0,9,North,0,No,Dark,Not Offered,0
C1469,49,Male,2,648,983,Monthly,CREDIT CARD,Fiber,6,2,135,14,270,3,25,0,2,North,1,Yes,Dark,Rejected,1
C1046,41,Female,31,811,25111,Annual,,DSL,3,0,80,1,156,3,0,2,8,North,0,No,Dark,Not Offered,0
C1434,24,Female,15,527,7940,Annual,UPI,DSL,0,0,70,9,137,2,0,0,10,West,0,Yes,System,Not Offered,0
C1911,30, Female ,33,819,24343,Annual,NetBanking,Fiber,3,1,77,0,165,2,10,0,7,North ,0,Yes,System,Not Offered,0
C1244,57,M,24,998,19354,Monthly,Debit Card,DSL,7,4,151,18,275,1,10,0,1,North ,2,No,Dark,Rejected,1
C0797,18,Female,42,,29513,Two Year,UPI,Fiber,2,1,154,3,290,2,0,0,9,East,0,No,System,Not Offered,0
C0905,44,FEMALE,72,1020,66112,Two Year,NETBANKING,DSL,3,0,23,3,70,2,10,0,10,South,2,Yes,Dark,Not Offered,0
C0767,29,Male,25,852,19192, monthly ,Credit Card ,DSL,1,0,98,5,186,4,10,3,8,West,2,Yes,Light,Not Offered,0
C2313,42,Male,48,663,25450,Two Year, upi,Fiber,1,0,141,3,257,3,20,0,10,West,0,No,System,Not Offered,0
C0816,43,Female,11,706,7745,Monthly,NetBanking,DSL,3,1,127,2,201,2,0,0,4,West,0,No,System,Rejected,1
C0626,28,Male,9,775,5586,Monthly,netbanking,Dsl,5,2,119,24,217,4,20,0,3,South,0,Yes,Dark,Rejected,1
C1764,69,Male,,569,4841, monthly ,Debit Card,Fiber,3,2,,34,82,3,15,0,3,East,1,Yes,Dark,Rejected,1
C1271,47,Male,72,602,36831,Annual,UPI,Fiber,3,1,79,5,164,1,15%,1,8,west,1,No,Light,Not Offered,0
C1545,45,Male,19,964,17386,Annual,Credit Card,Fiber,0,0,149,3,259,2,5,0,9,West,1,Yes,System,Not Offered,0
C1542,50,FEMALE,44,680,28468,Monthly, upi,Fiber,0,0,155,2,299,2,5,1,9,East,2,No,Light,Not Offered,0
C2172,39,Female,41,900,33206,Two Year,Credit Card,Fiber,3,1,55,1,125,3,10,0,8,North,2,No,Dark,Not Offered,0
C1766,56,Male,31,674,19821,Two Year,,fiber,5,2,65,7,164,3,5%,1,5,SOUTH,0,Yes,Dark,Not Offered,0
C2175,27,Female,27,761,19500,Two Year,NetBanking, Fiber ,1,0,102,7,179,2,5%,0,10,North,2,No,Light,Not Offered,0
C0838,39,FEMALE,19,531,10050,Annual,UPI,DSL,7,1,177,0,302,3,0,0,5,East,0,Yes,System,Rejected,1
C0689,38,Female,11,923,8645,Monthly,NetBanking,dsl,7,1,69,20,146,2,15,0,3,East,1,Yes,Light,Rejected,1
C0543,41,Male,32,541,17303,Monthly, upi,Fiber,1,0,,4,250,3,0,0,7,North,1,Yes,System,Not Offered,0
C0777,28,Male,10,872,8287,monthly,,DSL,2,1,197,1,343,4,5,0,6,South,2,No,System,Not Offered,0
C1994,40,male,18.0,728,12454,Monthly,UPI,DSL,2,1,60,11,144,5,5,0,6,West,0,Yes,Dark,Not Offered,0
C0809,43,Female,19,683,12982,Month-to-Month,upi,DSL,1,0,109,1,220,1,0,0,8,South,1,Yes,System,Not Offered,0
C0157,42,Male,22,999,21967,Monthly,NETBANKING,Fiber,2,1,131,4,239,3,0,1,5,South,1,No,System,Accepted,1
C0792,43,Male,15,650,8777,Annual,UPI,Fiber,0,0,134,3,246,3,10,1,10,South,0,Yes,System,Not Offered,0
C2301,42,Male,18,800,12950,Monthly,Card,None,1,0,161,5,286,3,10,1,8,West,2,Yes,Light,Not Offered,0
C0503,33,Male,19,,11375,Annual,UPI,DSL,2,1,120,18,230,1,5,0,,North,0,No,System,Not Offered,0
C1146,24,Female,17,598,9698,Month-to-Month,upi,DSL,,2,20,13,19,4,5,0,4,East,1,Yes,System,Rejected,1
C1694,40,female,25,813,18301,Two Year,Credit Card,dsl,1,0,131,14,227,1,10,2,10,West,0,No,Dark,Not Offered,0
C0579,42,Male,3,643,1733,Two Year,Debit Card,Fiber,1,0,123,15,236,4,10,0,9,West ,2,Yes,Dark,Accepted,0
C1184,18,M,72,,37626,Two Year,Credit Card,No Service,,3,155,0,262,3,0,0,4,West,3,No,Light,Not Offered,0
C0103,39,Male,35,751,24972, monthly ,Credit Card,None,1,1,119,1,211,3,5,0,6,East,1,Yes,Light,Not Offered,0
C1731,47,F,14,594,"7,921",two year,UPI,DSL,0,0,85,11,172,3,5,3,10,West,1,Yes,Dark,Not Offered,0
C2203,64,Male,22,569,11923, monthly ,UPI,Fiber,4,1,,0,223,3,5,0,5,west,0,Yes,Dark,Rejected,1
C0640,30,Male,10,457,3671,MONTHLY,Credit Card, Fiber ,1,0,37,1,100,3,20,2,8,East,0,No,Dark,Not Offered,0
C2316,37,Female,19,551,10438,Monthly,UPI,Fiber,2,1,86,1,175,4,0%,1,6,South,0,Yes,Dark,Rejected,1
C0188,29,female,40,709,28355,Annual,netbanking,Fiber,0,0,145,0,263,4,0,0,10,North ,0,No,System,Not Offered,0
C1183,61,FEMALE,50.0,924,34675,monthly,NetBanking,Dsl,3,2,82,5,147,2,25,0,5,SOUTH,1,Yes,Dark,Not Offered,0
C0954,31,Male,31,703,"19,612",Annual,NetBanking,DSL,1,0,106,0,180,3,10,0,9,West,0,Yes,Light,Not Offered,0
C0992,34,Male,52,854,"44,406",Two Year,Card,Fiber,1,0,145,2,249,1,0,1,10,North,0,No,System,Not Offered,0
C1482,45,Female,32,735,22346,Monthly,UPI,Fiber,3,1,97,17,185,4,5,0,,South ,0,Yes,Dark,Rejected,1
C1504,32,Male,11,641,"6,327",Annual,UPI,Fiber,1,1,152,13,252,3,10%,1,8,West,2,Yes,Dark,Not Offered,0
C0360,18,Male,40,668,21354,Monthly,UPI,Fiber,3,2,157,5,299,2,20,0,,West,0,No,System,Rejected,1
C1433,70,Male,32,786,"20,123",Annual,Credit Card,Fiber,0,0,38,3,67,1,20,0,10,North,0,No,System,Not Offered,0
C1360,26,male,5,942,4219,2-Year,Credit Card,Fiber,0,0,149,0,250,4,10,1,9,North,1,Yes,Dark,Not Offered,0
C2121,21,Male,,782,17581,Annual,NETBANKING,Fiber,0,0,145,6,235,4,10,5,9,South,0,Yes,System,Not Offered,0
C1241,38,F,4,769,2484,Two Year,Net Banking,Fiber,1,0,34,0,69,2,20,1,9,West,2,No,Light,Not Offered,0
C0608,48, Male ,,840,"28,700",ANNUAL,UPI,Fiber,1,0,126,31,240,2,10,1,10,East,1,No,Light,Not Offered,0
C1951,40,F,12,744,8047,Annual,,Fiber,1,0,129,7,225,1,10,2,,SOUTH,2,Yes,Light,Not Offered,0
C1942,46,Female,17,590,9489,Annual,NetBanking,Fiber,6,1,,2,214,2,5,0,5,East,1,No,System,Not Offered,0
C0490,73,Female,20,861,15491,Monthly,Debit Card,DSL,0,0,155,3,275,2,10,1,9,North,1,No,Light,Not Offered,0
C2398,23,Female,12,924,10559,Month-to-Month,UPI,Fiber,1,0,190,0,344,3,5,1,,West,2,No,System,Not Offered,0
C1645,54,Female,52,681,35400,2-Year,UPI,DSL,2,1,195,2,358,3,0,0,8,South,0,No,Light,Not Offered,0
C2130,30,Female,26,934,24295,Monthly,NetBanking,Fiber,0,0,72,3,140,2,0,1,7,North,0,No,Dark,Not Offered,0
C2165,68,Male,13,484,6307,Monthly,NetBanking,Fiber,1,1,85,1,146,4,0,2,6,East,2,No,System,Not Offered,0
C0390,46,Male,40,885,33616,Monthly,NetBanking,None,,1,66,3,101,3,5,0,6,West,1,Yes,Dark,Not Offered,0
C1058,40,Female,15,342,5099,annual,,DSL,1,1,238,1,443,2,0,3,8,SOUTH,1,No,Dark,Not Offered,0
C0653,57,MALE,26,612,14322,Annual,UPI,Fiber,0,0,68,0,99,3,10,0,10,North,1,No,System,Not Offered,0
C1237,41,Female,28,299,8381,Monthly,UPI,DSL,0,0,87,7,175,3,0,2,9,North,0,Yes,Light,Not Offered,0
C0574,21,Male,24.0,780,"16,834",Annual,,Fiber,0,0,96,2,189,2,10,1,10,East,1,Yes,Dark,Not Offered,0
C1115,30,Female,18,519,8414,One Year,Credit Card,Fiber,4,2,41,6,100,2,10,1,5,South,0,Yes,Dark,Not Offered,0
C1900,38,Male,20,1126,20255,Monthly,Credit Card,Fiber,1,1,,1,135,3,10,2,7,West,0,No,Dark,Not Offered,0
C0434,40,Male,13,,6548,Annual,NetBanking, Fiber ,2,0,58,7,132,2,20,0,9,North,1,No,Dark,Not Offered,0
C1310,33,Female,29,745,21589,Annual,UPI,Fiber,1,0,116,3,193,2,0,5,9,East,0,Yes,Light,Not Offered,0
C1910,36,Female,45,809,32762,Monthly,Credit Card,DSL,2,0,156,9,277,4,10,0,9,West,0,No,Dark,Not Offered,0
C0904,35,Male,20,691,13793,Monthly,UPI,,,2,111,2,200,3,0,0,4,South,2,Yes,Dark,Accepted,1
C0489,24,Male,28,814,20525,Monthly,,Fiber,0,0,125,9,247,1,10,0,,North,0,Yes,Dark,Not Offered,0
C0233,39,Male,56.0,725,36540,One Year,UPI,None,0,0,101,4,172,2,10,0,10,West,0,No,System,Not Offered,0
C0951,59,MALE,46,901,39391,Annual,Debit Card,Fiber,5,3,143,15,257,1,5,0,3,South,0,No,Dark,Rejected,1
C1721,36,Male,40,765,27544,Annual,NetBanking,DSL,5,0,179,3,312,1,10,0,9,NORTH,0,No,System,Not Offered,0
C1584,58,Female,10,828,6641,Two Year,Debit Card,Fiber,3,1,107,0,196,2,20,0,8,west,0,No,Dark,Not Offered,0
C2168,48,Male,9,640,5734,Two Year,UPI,DSL,4,1,94,17,199,5,0,0,7,North,0,No,System,Not Offered,0
C1996,28,Female,15,589,8403,Monthly,Credit Card,None,3,2,92,4,183,5,5,0,4,East,1,Yes,Light,Rejected,1
C2021,30, Male ,15,659,7923,Monthly,Net Banking,Fiber,0,0,148,3,280,2,20,0,9,South,3,No,Dark,Not Offered,0
C0036,37,Male,29,482,11891,Monthly,NetBanking,Fiber,4,1,86,3,183,4,15,0,6,East,0,Yes,Dark,Not Offered,0
C1252,48,Male,8,-500,5726,Monthly,UPI,fiber,4,2,86,37,164,2,0,0,,South,0,Yes,Dark,Rejected,1
C0264,41,Female,23,753,16429,Monthly,CREDIT CARD,Fiber,3,2,124,17,254,1,5,2,3,West,0,Yes,Light,Rejected,1
C2289,32,Male,53,977,46609,Monthly,Credit Card,DSL,3,0,80,6,164,3,10,4,8,West,1,Yes,Light,Not Offered,0
C1539,34,Female,24,435,8865,Annual,UPI,DSL,0,0,108,0,209,4,15,0,10,NORTH,0,Yes,Light,Not Offered,0
C1419,41,Male,45,345,13959,Monthly,UPI,No Service,2,0,108,1,220,1,10,5,8,West,0,No,Light,Not Offered,0
C0133,65,Female,21,875,18382,Annual,UPI,DSL,1,1,111,1,236,3,0,0,7,North,2,Yes,Light,Not Offered,0
C0665,40,Female,26,896,22134,Monthly,Debit Card,DSL,3,2,129,2,240,3,5,1,4,EAST,0,No,System,Accepted,1
C1131,53,Female,28,631,16795, monthly ,UPI,Fiber,1,0,122,7,226,2,5,1,8,North,0,No,Dark,Not Offered,0
C1591,55,female,49,422,19641,2-Year,UPI,Fiber,1,1,154,0,276,4,5,6,9,East,0,Yes,Light,Not Offered,0
C0278,36,Female,32,815,23465,Monthly,UPI,fiber,4,2,132,14,266,2,10,0,3,NORTH,1,Yes,System,Rejected,1
C0704,40,Female,24,895,21451,Monthly,Debit Card,Fiber,5,2,86,15,128,2,0,0,2,,0,No,Light,Rejected,1
C1757,23,Male,72,,"56,611",2 Year,Credit Card,Fiber,1,1,116,6,210,2,5,3,8,South,1,Yes,Light,Not Offered,0
C1921,18,Male,34,545,15753,Annual,,Fiber,3,1,92,21,169,3,15,0,6,north,1,Yes,Light,Not Offered,0
C2338,62, Female ,43,411,16776,Monthly,UPI , Fiber ,3,0,146,2,271,3,5,0,7,East ,1,No,System,Not Offered,0
C1221,58,Female,56,769,38757,Two Year,UPI,Fiber,6,0,117,12,196,3,10,0,9,west,2,Yes,Light,Not Offered,0
C1655,43, Male ,21,886,18634,Annual,Credit Card,None,7,1,95,2,188,2,0,0,5,South,1,No,System,Not Offered,0
C0043,29,Male,53,445,21223,Monthly,NetBanking,,1,1,,11,225,4,10,0,8,North,0,No,System,Not Offered,0
C1533,24,Female,25,794,18852,monthly, upi,DSL,2,1,84,1,153,3,5,0,6,West,0,No,Light,Not Offered,0
C1678,20,Male,14,549,7708,Annual,Credit Card,Fiber,0,0,134,10,231,3,0,0,10,South,0,No,Light,Not Offered,0
C1009,41,Male,8,527,3795,Monthly,Credit Card,fiber,2,1,181,9,329,3,10,0,5,south,0,Yes,System,Rejected,1
C2342,24, Female ,10,1123,9546,Annual,NetBanking,DSL,0,0,,1,312,4,15,2,10,North,1,No,System,Not Offered,0
C0222,41,Female,23,972,22344,Annual,NetBanking,DSL,6,3,124,19,246,3,0,0,2,East,0,Yes,System,Rejected,1
C1002,51,female,6.0,633,3243,Monthly,Credit Card,Fiber,3,1,,14,329,3,15,1,5,South,2,Yes,Dark,Rejected,1
C0035,40,Female,35,808,26855,2 Year,NetBanking,Dsl,0,0,71,2,147,1,5,3,10,,1,No,Light,Not Offered,0
C0830,50,Female,43,893,36465,Monthly,Debit Card,Fiber,0,0,148,20,264,3,5,1,10,North,2,No,Light,Not Offered,0
C1571,37,Female,22,781,16331,Annual,UPI,Fiber,0,0,194,3,369,2,5,0,9,south,0,No,Light,Not Offered,0
C1529,27,Female,29,634,"18,359",Monthly,UPI,Dsl,0,0,152,5,245,3,0,0,7,EAST,0,No,Light,Not Offered,0
C0346,75,male,12,773,9267,Monthly,Credit Card,dsl,0,0,46,9,102,3,0,0,8,South,2,No,Light,Not Offered,0
C0907,62,Female,19,802,15266,Monthly,UPI,Fiber,0,0,164,10,296,1,0,1,8,NORTH,0,No,Light,Not Offered,0
C1562,46,Female,28,681,18103,Annual,UPI,Fiber,1,0,139,2,251,3,5,1,9,South,2,Yes,System,Not Offered,0
C1050,52,Female,55,814,42541,Monthly,Debit Card,Fiber,2,0,127,0,248,3,5,0,8,west,0,No,Light,Not Offered,0
C2236,51,Male,17,830,"14,137",Two Year,netbanking,DSL,2,1,85,0,156,6,0,0,7,South,2,Yes,Light,Not Offered,0
C2179,36,Female,51,696,"33,718",Monthly,CREDIT CARD,fiber,0,0,55,5,99,3,5,1,9,East,0,Yes,System,Not Offered,0
C0262,27,Female,24,738,16784,Monthly,Credit Card ,Fiber,2,1,,7,281,2,5,0,6,West ,0,No,System,Not Offered,0
C2030,27,Male,44,853,37522,Annual,Credit Card,DSL,1,1,96,2,202,2,0,0,8,East,0,Yes,Light,Not Offered,0
C2365,37,Female,32,672,21495,Annual,Credit Card,DSL,,2,94,19,187,3,0,0,3,South,1,No,Light,Rejected,1
C2111,43,Female,9,645,5803,Monthly, upi,,2,1,181,4,312,1,0,1,5,East,1,Yes,Dark,Not Offered,0
C0582,35,Female,36,853,30687,Annual,Credit Card,,2,1,171,10,300,3,0,3,7,West,2,No,System,Not Offered,0
C1220,56,Male,66,597,37430,Monthly,UPI,DSL,0,0,192,3,350,1,5,0,9,East,0,No,Light,Not Offered,0
C1119,27,Female,24,687,14794, monthly ,NetBanking,DSL,8,1,142,23,267,2,10,0,3,NORTH,0,Yes,Dark,Rejected,1
C0804,150,male,6,929,4731,Two Year,UPI,DSL,5,3,144,10,262,1,15,1,4,North,2,No,System,Not Offered,0
C2249,39,FEMALE,13,787,9727,Annual,Credit Card,Fiber,4,1,86,0,169,3,5,0,,East,3,No,Dark,Not Offered,0
C1173,23,Male,19,948,18008,annual,Card,Fiber,0,0,177,0,302,3,0,1,8,East,1,No,System,Not Offered,0
C2247,32,Male,30,642,16369,Two Year,UPI,,0,0,167,3,334,3,15,0,10,North,0,No,System,Not Offered,0
C1906,41,Female,46,724,28336,Monthly,UPI,Fiber,6,3,113,16,208,1,15,0,2,South,0,No,System,Rejected,1
C0531,24, Female ,44,890,33286,Monthly,Credit Card,DSL,1,0,78,2,141,2,15,3,10,North,1,Yes,System,Not Offered,0
C1681,62,Male,13,411,5090,Monthly,NetBanking,dsl,0,0,142,5,241,3,5,0,8,South,1,Yes,System,Not Offered,0
C1774,38,FEMALE,25,899,20198,Monthly,Credit Card,Fiber,2,1,157,10,290,2,10,0,5,EAST,0,No,Dark,Rejected,1
C1212,47, Female ,23,678,15584,Monthly,NetBanking,FiberOptic,5,3,21,15,54,3,0,1,1,East,2,Yes,System,Accepted,1
C0658,36,female,18,439,7543,Annual,NetBanking,DSL,2,0,100,3,186,3,5,5,9,North,0,Yes,Dark,Not Offered,0
C0172,67,Female,18,622,10073,Two Year,Credit Card,None,0,0,,0,156,2,10,0,10,North,3,Yes,Light,Accepted,0
C2318,18,Male,69,1003,58812,Monthly,UPI,fiber,0,0,100,2,203,3,15,1,10,West,0,Yes,Dark,Not Offered,0
C0230,38,Female,38,575,20780,Annual,,Fiber,0,0,127,4,244,4,5,1,10,North,0,Yes,Light,Not Offered,0
C2389,55,Female,17,676,11487,Monthly,Credit Card,DSL,3,1,182,5,339,4,0,0,5,south,0,No,Light,Not Offered,0
C1955,37,Male,16,,"9,562",Monthly,Credit Card,DSL,1,1,132,3,272,1,10,0,6,West,0,Yes,Light,Not Offered,0
C1313,39,Female,49,,21922,Annual,,Fiber,0,0,94,9,165,2,15,1,10,West,0,Yes,System,Not Offered,0
C1424,39,Female,13,965,11940,Annual,UPI ,Fiber,4,1,144,1,258,2,5,0,7,West,0,No,Light,Not Offered,0
C1365,45,Male,5,369,1676,two year,Credit Card,DSL,1,1,149,11,271,3,10,0,9,North,1,No,Light,Not Offered,0
C1145,41,Male,15,652,8812,annual,Credit Card,Fiber,1,1,78,26,139,1,10,1,8,East,3,Yes,Light,Not Offered,0
C1888,58,Female,6,848,4056,Monthly,UPI,DSL,2,1,98,5,219,3,20%,0,5,EAST,0,No,System,Accepted,0
C0550,26,Female,41,941,38573,Annual,UPI,Fiber,2,0,149,11,252,4,0,0,10,north,1,Yes,Dark,Not Offered,0
C2304,43,Female,72,644,46384,Annual,NetBanking,None,2,1,118,17,234,1,0,0,7,East,3,No,System,Not Offered,0
C0385,26, Female ,21,820,16337,Monthly,UPI ,None,6,1,134,30,267,4,5,0,3,,0,Yes,System,Accepted,1
C2327,52,F,29,483,12631,Monthly,UPI,DSL,4,2,185,10,343,5,10,1,4,South,1,Yes,System,Rejected,1
C0958,20,Male,5,594,2961,Annual,Credit Card ,Fiber,0,0,166,3,299,3,0,2,8,North,0,No,Light,Not Offered,0
C1989,18, Female ,29,624,18080,Two Year,Debit Card,DSL,,1,65,12,131,3,0,0,7,West,0,Yes,System,Not Offered,0
C1242,47,Female,10,592,5911,Two Year,Credit Card,Fiber,0,0,201,1,341,3,0,0,10,North,0,No,Dark,Not Offered,0
C0725,60,Female,25,403,9586,1 Year,debit card,Fiber,2,1,122,19,239,3,5,2,8,South,1,No,System,Not Offered,0
C0238,57,FEMALE,6,572,3450,Annual,Net Banking,DSL,2,1,124,49,245,3,0,0,6,West,1,Yes,System,Rejected,1
C1070,48,FEMALE,25,960,21574,Monthly,Credit Card,Fiber,3,1,120,1,240,1,10,0,5,south,0,No,Light,Not Offered,0
C1300,53,Male,19,549,10388,Monthly,NetBanking,,0,0,108,12,195,2,0,2,7,North,2,No,Light,Not Offered,0
C0109,47,Female,19,707,12751,One Year,NetBanking,DSL,0,0,147,22,251,2,5,2,10,WEST,1,Yes,Light,Not Offered,0
C1166,33,Male,26,798,18675,two year,Credit Card,Fiber,0,0,177,1,327,2,10,1,10,South,0,Yes,Light,Not Offered,0
C0469,57,F,25,522,13055,Two Year,,DSL,3,2,128,16,230,1,0,0,6,,2,Yes,Dark,Not Offered,0
C0619,18,Female,28,714,19996,One Year,UPI,None,2,0,25,20,79,3,0,3,8,East,1,No,System,Not Offered,0
C0307,44,Male,27,477,12877,Monthly,NetBanking,Fiber,1,1,,2,203,4,0,0,6,North,2,Yes,Dark,Not Offered,0
C1967,50,Female,46,464,"21,336",Annual,NetBanking,,0,0,128,7,208,1,0,1,10,West,1,No,Light,Not Offered,0
C1707,19,Male,23,1154,23891,Monthly,NetBanking,Fiber,4,2,104,15,205,2,10,2,3,West,0,Yes,Light,Rejected,1
C1712,56,Male,16,858,"10,940",Annual,Credit Card,DSL,9,2,136,25,236,2,20,3,3,East,1,Yes,Light,Rejected,1
C1878,64,Female,21,934,"16,666",Monthly,Debit Card,Fiber,4,2,136,25,255,4,15,0,,South,0,Yes,Light,Rejected,1
C0229,26,Female,56,768,32257,Monthly,UPI,Fiber,2,0,149,13,272,2,25,0,9,South,1,No,System,Not Offered,0
C0318,49,Male,23,926,"20,236",Monthly,upi,DSL,1,0,100,4,185,2,5,5,8,SOUTH,0,Yes,System,Not Offered,0
C0789,40,Male,9,483,3690,Annual,UPI,DSL,3,2,119,2,222,2,15,1,6,West,1,No,Dark,Not Offered,0
C1049,47,male,29,821,20233,Annual,Credit Card,DSL,0,0,127,12,237,3,15,1,10,North,2,No,System,Not Offered,0
C0798,49,Male,38,926,"35,180",Annual,UPI,None,2,0,145,3,267,2,0,0,9,South,1,No,Light,Not Offered,0
C0154,56, Female ,19,620,10586,Monthly,Credit Card,Fiber,3,0,133,9,227,4,10,0,7,West,0,No,Light,Not Offered,0
C0685,60,Female,6,712,4301,Monthly,UPI, Fiber ,3,1,140,9,287,5,0,1,5,,1,Yes,Light,Accepted,1
C2104,32,Female,20,581,11604,Annual,Credit Card ,Fiber,3,1,78,7,135,5,0,0,5,West,1,No,System,Not Offered,0
C0614,44,Male,27,749,18881,Annual,NetBanking,Fiber,4,0,110,8,190,2,0,0,7,West ,3,Yes,Light,Not Offered,0
C1164,32,Female,23,851,19588, monthly ,Credit Card,DSL,1,0,131,9,244,2,0,0,8,North,1,No,Dark,Not Offered,0
C2290,45,Female,67,583,35161,Monthly,Credit Card,Dsl,1,0,65,31,140,3,10,0,9,South,0,Yes,Dark,Not Offered,0
C0623,51,Male,18,605,9805,Two Year,UPI,DSL,5,2,96,13,208,4,10,0,5,West,2,No,Light,Not Offered,0
C0191,30,Female,29,821,17793,Annual,Credit Card,DSL,1,0,129,6,264,3,25,4,10,West,0,Yes,Dark,Not Offered,0
C2015,49,Male,34,830,23971,Monthly,Debit Card,DSL,1,1,105,3,204,3,15,0,7,East,2,Yes,System,Not Offered,0
C2208,53,Male,36,987,31960,Annual,Credit Card,,1,0,106,1,192,3,10,0,9,South,1,Yes,Light,Not Offered,0
C2386,60,Female,62,519,30581,One Year,UPI,Fiber,1,1,170,1,320,2,5,0,9,North,0,No,Dark,Not Offered,0
C1374,42,Male,21,658,13124,Annual,NetBanking,DSL,3,2,156,12,311,4,5,1,5,North ,0,No,Light,Not Offered,0
C1386,18,Male,12,490,5581,Monthly,UPI,DSL,1,0,92,5,162,5,5,2,8,North,1,Yes,Light,Not Offered,0
C1254,42,MALE,29,709,18509,monthly,Credit Card,fiber,3,1,97,0,186,3,10,0,6,East,1,No,Dark,Not Offered,0
C0196,41,Male,13,708,9200,Monthly,NetBanking,DSL,0,0,86,2,189,3,0,0,8,East,0,Yes,System,Not Offered,0
C1319,55,Female,35,628,21971,1 Year,NetBanking,dsl,0,0,90,0,175,4,0,2,9,West,1,No,Dark,Not Offered,0
C0979,36,Female,7.0,,4952,Monthly,Credit Card,DSL,3,1,149,10,270,1,10,1,4,north,0,No,Dark,Rejected,1
C2024,54,Male,37,549,20311,Annual,Credit Card,,1,1,151,1,266,3,0,0,9,North,0,No,System,Not Offered,0
C1468,75,Female,12,622,7473,Monthly,UPI,FIBER,0,0,,5,98,2,0,0,9,West,1,Yes,Dark,Not Offered,0
C1083,33, Male ,,585,13888,MONTHLY,Credit Card, Fiber ,1,1,121,2,214,3,5,0,6,East,1,Yes,Dark,Not Offered,0
C1076,51,Female,9,299,2412,Annual,Credit Card,None,1,0,97,0,187,4,10,1,9,East,0,Yes,Dark,Not Offered,0
C0527,32,Female,13.0,678,8830,Two Year,UPI,DSL,1,0,117,3,202,4,0,0,10,South,3,No,Light,Not Offered,0
C1495,18,M,7,903,5676,Annual,Credit Card,Fiber,2,1,172,2,315,4,10,0,7,South,0,Yes,Dark,Not Offered,0
C1879,34,Female,52,511,22565,Annual,Debit Card,DSL,0,0,59,2,99,2,15,1,10,,1,No,Dark,Not Offered,0
C2320,54,Female,9,883,"7,582",Monthly,,DSL,5,3,116,17,205,3,5,1,1,North,2,No,Dark,Rejected,1
C0681,55,Female,23,888,20409,Annual,NetBanking,Fiber,0,0,87,1,176,2,0,0,9,north,1,No,System,Not Offered,0
C1671,39,Male,24,669,13612,Monthly,UPI,DSL,6,1,119,8,233,3,15,1,5,North,3,No,System,Rejected,1
C0494,64,Male,,809,13086,Two Year,UPI ,None,1,0,153,14,289,3,15,0,10,West,0,No,System,Not Offered,0
C2299,38,Female,19,655,12464,Two Year,Credit Card,fiber,3,1,102,0,188,2,0,0,6,North,0,Yes,Light,Not Offered,0
C1580,45,Female,48,842,40421,Annual,UPI,Fiber,1,1,138,16,253,5,0,1,8,NORTH,2,No,Dark,Not Offered,0
C1338,48,Male,37.0,532,16700,Two Year,Credit Card,,0,0,109,31,195,2,15,0,10,South,2,No,Dark,Accepted,0
C1791,51,Male,5,329,1380,Monthly,UPI,Fiber,4,2,161,14,301,2,20,4,3,North,0,No,Light,Rejected,1
C0900,47,F,30,374,8998,Monthly,Credit Card,DSL,6,3,115,29,223,2,20,0,2,East,2,No,System,Rejected,1
C0534,54,Female,22,747,14792,Monthly,Net Banking,dsl,,1,120,0,222,3,10,0,5,North,0,No,Dark,Not Offered,0
C1232,28,Male,25,475,11279,Monthly,debit card,Fiber,0,0,166,3,308,4,5%,0,9,North,1,No,Light,Not Offered,0
C0256,34,Female,14,299,4190,Two Year,NetBanking,Fiber,0,0,130,4,236,1,0,0,10,South,1,Yes,Dark,Not Offered,0
C0512,52,MALE,8,,2335,Annual,NetBanking,Fiber,1,0,68,10,116,1,5,0,9,North,1,No,Light,Not Offered,0
C0466,36,Female,19,,12516,MONTHLY,Credit Card,FiberOptic,6,4,98,14,188,1,0,3,1,South ,1,Yes,System,Rejected,1
C1175,44, Male ,35,770,25589,Two Year,UPI,DSL,0,0,125,1,230,1,5,0,10,East,1,Yes,System,Not Offered,0
C1037,44,Male,19,1052,18025,Monthly,NetBanking,Fiber,2,1,79,3,149,1,10,1,7,South,0,No,Light,Not Offered,0
C1512,40,Female,31,630,18530,Monthly,Credit Card,DSL,0,0,150,0,263,3,5,0,8,South,0,No,Light,Not Offered,0
C0155,45,Female,34,721,20845,Two Year,Debit card,None,2,1,79,16,166,2,15,0,,North,0,Yes,System,Not Offered,0
C0939,64,Female,18,809,13814,annual,UPI,NONE,1,0,147,0,254,3,5%,5,9,West ,1,No,Dark,Not Offered,0
C1154,51,Female,9,551,4709,Annual,Debit Card,Fiber,0,0,118,13,246,1,5,2,9,North,1,Yes,Light,Not Offered,0
C1177,25,Female,13,582,7576,Annual,Credit Card,Fiber,5,2,107,0,216,4,0,2,4,West,0,Yes,Light,Accepted,1
C0258,49,FEMALE,24,917,20899,Monthly,Debit Card,FIBER,2,1,120,5,212,3,5,0,5,West,1,No,Light,Rejected,1
C0096,33,Female,39,671,26153,Monthly,,Fiber,0,0,49,18,99,3,0,0,9,South,0,Yes,Light,Not Offered,0
C0728,40, Female ,29,600,14751,2 Year,NetBanking,DSL,0,0,136,0,250,2,15,0,10,South,1,Yes,System,Accepted,0
C1285,50,Female,24,831,17964,Two Year,UPI,Fiber,2,1,80,19,137,3,10,0,7,West,0,No,Light,Not Offered,0
C0572,25,Female,70,561,31423,Month-to-Month,Debit Card,Fiber,3,2,150,7,270,3,20,0,6,,2,No,System,Not Offered,0
C1506,54,female,22,765,16826,Annual,UPI,DSL,9,4,162,16,298,1,0,0,1,East,3,Yes,System,Rejected,1
C1541,40, Male ,14,563,7463,Monthly,UPI,NONE,4,2,111,12,199,4,5,0,4,West,0,Yes,Light,Rejected,1
C1926,38,Female,72,585,42103,Monthly,NetBanking,fiber,0,0,197,0,344,4,0,0,9,EAST,2,No,System,Not Offered,0
C0859,22,Female,56.0,499,26535,Two Year,Credit Card,Fiber,2,0,145,4,277,2,5,1,10,North,1,No,Dark,Not Offered,0
C0820,23,Female,38,674,21716,Annual,UPI,DSL,5,3,126,9,253,1,15,5,4,North,0,No,System,Rejected,1
C0878,52,Male,36,611,20860,annual,Debit Card,FIBER,1,0,131,12,250,1,5%,0,9,North,0,No,System,Not Offered,0
C1291,49,Female,39,540,18922,Annual,NetBanking,Fiber,0,0,131,8,224,4,10,2,10,South,0,No,System,Not Offered,0
C0562,35,Female,50,366,13768,Monthly,Credit Card,Fiber,4,3,28,4,58,2,25,2,4,West,2,No,System,Not Offered,0
C2217,45,FEMALE,13,655,6382,Annual,NetBanking,Fiber,1,0,73,1,127,3,25,0,10,North,3,Yes,Dark,Not Offered,0
C0025,44,Male,25,689,16365,Two Year,credit card,FIBER,0,0,113,5,224,1,5,0,10,West,1,Yes,Dark,Not Offered,0
C1167,35, Female ,30,680,16333,Annual,Debit card,DSL,3,2,80,0,165,2,20,0,5,West,0,Yes,Light,Not Offered,0
C0880,41,Female,22,506,10015,Annual,Debit Card,Fiber,0,0,104,6,167,4,10,0,9,North,1,No,Light,Accepted,0
C1863,46,Female,31.0,,26318,annual,UPI,Fiber,2,1,97,2,172,2,0%,1,6,South,3,No,Dark,Not Offered,0
C1497,35,Male,36,819,28016,Two Year,debit card,Fiber,0,0,125,12,242,3,5,0,10,South ,2,No,System,Not Offered,0
C2151,28,Male,26,970,25242,Monthly,,DSL,2,1,126,6,218,3,0,2,6,East,1,Yes,Dark,Not Offered,0
C2283,59,Male,28,598,13424,Monthly,Credit Card,fiber,2,1,127,0,245,1,20,0,6,North,0,Yes,System,Not Offered,0
C0520,30,Female,5,444,2240,Annual,Credit Card,DSL,3,0,98,1,178,1,0,0,8,East,3,No,Light,Not Offered,0
C1364,41,F,33,798,23673,2-Year,Credit Card,Fiber,9,5,130,17,249,3,10,0,1,West,1,Yes,Light,Rejected,1
C0867,38,Male,10,906,8137,monthly,Credit Card,Fiber,1,1,47,1,108,3,10,1,6,North,1,No,Light,Not Offered,0
C2110,61,Male,30,681,17366,TWO YEAR,credit card,None,2,1,70,1,165,2,15,1,7,South,0,Yes,Light,Not Offered,0
C0779,48,Female,17,638,10293,Annual,Credit Card,Fiber,2,0,112,1,186,4,5,0,9,South,0,No,System,Not Offered,0
C1121,51, Female ,12,,8924,Two Year,upi,Dsl,3,0,146,5,267,4,10,2,9,West,0,Yes,Light,Not Offered,0
C0391,25,Female,17,435,7392,Two Year,UPI, Fiber ,,0,129,8,224,3,0,0,10,West,0,Yes,System,Not Offered,0
C0189,44,Male,33,,27628,Annual,Debit Card,Fiber,3,2,35,8,81,4,0,0,5,South,1,No,Dark,Rejected,1
C2263,24,Female,8,710,5097,Two Year,NetBanking,fiber,1,0,67,17,123,3,10,1,10,West,3,No,Light,Not Offered,0
C2093,48,Male,33,796,23644,Two Year,UPI,NONE,0,0,85,0,177,2,10,0,10,East,1,Yes,Light,Not Offered,0
C1823,58,Female,18,581,9438,Two Year,UPI,DSL,0,0,124,3,241,6,10,1,,East,0,Yes,Dark,Not Offered,0
C0057,30,Male,16,876,11198,Month-to-Month,UPI,Dsl,2,1,103,0,227,3,20,0,7,North,0,Yes,Light,Not Offered,0
C1015,48,Male,50,840,41974,Annual,UPI,Fiber,0,0,122,2,247,4,0,0,,North,2,Yes,Dark,Not Offered,0
C1473,64,Male,72,,63877,Monthly,Card,Fiber,0,0,99,15,187,1,5,2,10,EAST,0,No,Dark,Not Offered,0
C1686,25,M,57,695,37644,Annual, upi,Fiber,0,0,80,0,140,4,5,0,,West,0,Yes,System,Not Offered,0
C2156,38, Male ,10,750,5605,Two Year,Credit Card,DSL,2,0,85,10,153,2,25,2,10,North,1,No,Light,Not Offered,0
C1515,32,Female,8,440,3157,Monthly,NetBanking,Fiber,3,1,122,8,246,2,10,0,5,East,3,Yes,Dark,Rejected,1
C1743,23,Male,13,714,8776,Monthly,Debit Card, Fiber ,2,1,178,1,312,2,5,0,6,West,0,No,Light,Not Offered,0
C1627,31,Female,17,,11449,Annual,UPI ,Fiber,0,0,84,0,127,2,0,1,9,East,2,No,System,Not Offered,0
C1914,29,Male,15,712,"10,695",Annual, upi,Dsl,0,0,66,4,124,2,0,1,10,east,0,No,System,Not Offered,0
C0607,34,Female,10,406,3662,Monthly,NetBanking,Fiber,2,1,123,2,219,2,10,1,5,South,0,Yes,Dark,Not Offered,0
C0786,18,Male,29,714,18636,Two Year,NETBANKING,DSL,0,0,78,5,186,1,10,0,10,North,1,Yes,Dark,Not Offered,0
C2086,47,male,25,967,22969,TWO YEAR, upi,None,0,0,105,6,209,4,5,1,10,South,0,No,Light,Not Offered,0
C2020,35,Male,27,857,"23,131",Monthly, upi,Fiber,4,0,161,15,319,5,0,0,6,North,1,Yes,Light,Not Offered,0
C0892,55,Male,72,549,37564,Annual,Credit Card,Fiber,0,0,59,8,141,3,5,1,10,East,0,Yes,Dark,Not Offered,0
C0473,62,Male,26,639,16571,Annual,Credit Card,DSL,0,0,113,5,222,3,0,2,9,East,0,No,System,Not Offered,0
C0076,62,Male,44.0,727,31987,Monthly,Credit Card,DSL,3,0,,19,285,2,0,0,8,East,2,Yes,Dark,Not Offered,0
C1012,26,Female,25,777,17511, monthly ,UPI,Fiber,1,1,165,19,314,3,10,0,6,West,2,No,Light,Not Offered,0
C0737,58,Male,17,832,13441,Monthly,Credit Card,DSL,3,2,159,6,298,3,5,1,4,SOUTH,0,Yes,Dark,Rejected,1
C1563,4, Female ,45,727,31086,Annual,UPI,Fiber,0,0,102,31,191,3,5,0,10,East,1,No,System,Not Offered,0
C1084,57,Male,42,646,27116,Annual,,fiber,1,0,226,14,416,3,0,0,9,East,0,Yes,Dark,Not Offered,0
C0458,54,Male,19.0,856,13824,Annual,UPI,DSL,,0,78,3,156,3,15,1,10,South,0,No,Dark,Not Offered,0
C1367,55,Male,39,602,22313,Two Year,Credit Card,DSL,1,0,143,0,270,2,5,1,10,South,2,Yes,Light,Not Offered,0
C1351,44,female,17,607,9313,Two Year,DEBIT CARD,DSL,0,0,106,1,200,4,10,1,,North,0,Yes,System,Not Offered,0
C0301,29,Female,29,796,21946,Monthly,NetBanking,Fiber,1,1,143,2,286,3,5,0,6,East,2,No,System,Not Offered,0
C1802,75,Male,27,936,25271,Two Year,Credit Card,Fiber,10,5,139,21,261,3,0,0,1,South,0,No,Light,Rejected,1
C1192,38,Male,41,632,23306,Monthly,Debit Card,DSL,0,0,152,11,311,1,10,0,9,North ,0,No,Light,Not Offered,0
C0417,51, Female ,,882,8725,Monthly,Credit Card,FIBER,4,1,174,9,283,3,10,1,5,South,2,No,System,Rejected,1
C1004,59,Female,,800,22308,Two Year,Credit Card,dsl,1,0,84,4,170,3,10,0,10,East,0,No,System,Not Offered,0
C0353,70,Male,30,582,17447,annual,Debit Card,DSL,1,0,122,0,223,4,0,0,9,East,0,No,Dark,Not Offered,0
C1559,40,MALE,12,799,9560,Annual,NetBanking,DSL,0,0,131,2,241,3,0,0,9,EAST,0,Yes,Light,Not Offered,0
C0302,40,Female,6,641,3869,Annual,UPI,Fiber,2,1,112,0,201,3,0,1,7,,1,No,Dark,Not Offered,0
C0465,44,Female,32,499,14354,MONTHLY, upi,Fiber,2,0,54,7,117,3,10,3,9,South,0,No,Light,Accepted,0
C1425,63,Male,36,,25462,Annual,Credit Card,Fiber,0,0,97,2,200,1,10,0,10,West,2,Yes,Light,Not Offered,0
C0445,50,female,39,881,34363,Monthly,Credit Card,fiber,3,2,63,3,103,2,0,1,5,South,0,Yes,Dark,Rejected,1
C1450,18,Male,49,1055,49089,Annual,Debit Card,Fiber,0,0,111,3,223,4,5,1,10,South,0,Yes,Dark,Not Offered,0
C1112,37,M,27,1006,27148,Two Year,UPI, Fiber ,0,0,246,0,424,1,0,0,10,South,0,Yes,Light,Not Offered,0
C1748,26,Male,25,299,7441,Annual,UPI,Fiber,0,0,128,0,241,3,0,0,9,North,1,Yes,System,Not Offered,0
C0812,46,MALE,11,808,7971,Monthly,UPI,None,1,1,123,0,187,1,10,1,7,North,0,No,Dark,Not Offered,0
C2326,71,M,3,520,1458,Annual,Credit Card,Fiber,1,1,114,3,246,5,5,0,7,East,1,No,Dark,Not Offered,0
C1634,43,F,15,668,9050,Annual,,Fiber,0,0,170,4,332,3,10,0,9,west,0,No,Dark,Not Offered,0
C0542,53,Male,26,483,11273,Monthly,UPI , Fiber ,0,0,84,1,183,3,10,0,,NORTH,0,No,Light,Not Offered,0
C1142,40,FEMALE,47,943,37663,Annual,upi,DSL,3,2,59,6,138,4,15,0,6,North,2,Yes,Dark,Not Offered,0
C1777,59,Female,20,665,11996,Monthly,Credit Card,None,1,0,105,1,214,2,10,0,8,East,0,Yes,System,Not Offered,0
C1339,19,Female,7,752,5271,ANNUAL,Credit Card,FiberOptic,0,0,123,0,263,4,0%,0,9,West,0,No,Dark,Not Offered,0
C0413,55,Male,43,545,23439,Month-to-Month,UPI,Dsl,0,0,33,12,107,2,0,0,9,North,0,Yes,Dark,Not Offered,0
C2364,45,Female,53,904,45498,Month-to-Month,UPI,DSL,1,1,92,2,180,1,5,0,6,south,0,Yes,Dark,Not Offered,0
C1250,51,Male,32,570,18221,Monthly,NetBanking,FIBER,3,0,141,11,236,3,0,1,7,West,1,Yes,Light,Not Offered,0
C0529,18, Male ,13,783,7663,Monthly,NetBanking,fiber,1,0,127,0,232,1,25,1,8,South,1,Yes,Dark,Not Offered,0
C1805,51,Female,25.0,809,18211,Monthly,UPI,No Service,1,0,126,2,238,2,10,1,8,North,2,Yes,System,Accepted,0
C1086,44,Male,20,707,12028,ANNUAL,UPI ,Fiber,3,2,56,7,119,3,15,0,6,South,0,Yes,Dark,Not Offered,0
C0404,27,Male,11,,7243,Monthly,UPI,Fiber,1,1,172,6,306,5,10,0,6,West,1,No,Light,Rejected,1
C2395,40,Male,21,488,8701,Month-to-Month,Credit Card,DSL,5,0,165,2,311,3,15,0,6,North,0,No,Light,Not Offered,0
C1576,66,Female,16,499,7577,Monthly,UPI,DSL,3,0,108,8,197,3,5,1,,West,1,No,Dark,Not Offered,0
C1961,27,Female,9,715,6427,Monthly,Debit Card,Fiber,2,1,104,2,237,3,0,5,6,East,1,Yes,System,Rejected,1
C0352,48,Female,13,818,10127,Annual,NetBanking,Fiber,3,0,101,0,206,2,5,1,8,South,0,Yes,Dark,Not Offered,0
C0822,18,male,29,685,14915,Annual,Debit Card,Dsl,0,0,128,4,252,2,25,0,,South,0,Yes,Dark,Not Offered,0
C0732,54,Female,14,369,"4,912",Annual,Credit Card,DSL,0,0,115,16,217,2,5,0,10,East,0,Yes,Light,Not Offered,0
C2044,38,Male,14,755,8995,Annual,,Fiber,3,0,115,16,225,3,15,0,8,east,0,Yes,Dark,Not Offered,0
C1030,18,Female,15,884,12611,Annual,UPI ,FiberOptic,0,0,57,1,139,2,5,1,9,SOUTH,2,No,System,Not Offered,0
C1633,22,Female,14,1094,11459,Annual,UPI,Fiber,0,0,117,27,204,3,25,2,10,east,2,Yes,Dark,Not Offered,0
C2069,18,Male,23,626,12237,Two Year,UPI,DSL,1,0,73,7,130,2,15,1,,South,0,No,Dark,Not Offered,0
C0538,34,F,27,615,"14,966",Monthly,UPI,Fiber,4,1,44,6,116,3,10,0,5,North,0,No,Light,Not Offered,0
C2189,50,Male,16,740,"10,677",annual,upi,,0,0,,3,301,3,10,1,10,West,0,Yes,Dark,Not Offered,0
C0138,33,MALE,30.0,686,20556,Annual,Credit Card,DSL,1,1,170,0,318,4,0,1,,South,0,No,Light,Not Offered,0
C0267,27,Female,,634,21041,Monthly,UPI,None,2,0,32,7,100,3,15,2,9,East,0,Yes,Light,Not Offered,0
C1036,42,Female,20,864,16444,annual,Credit Card,Fiber,1,0,148,10,251,4,5%,0,9,North,1,Yes,System,Not Offered,0
C2384,51,Male,14,747,9943,Monthly,UPI,Fiber,2,1,146,2,278,2,5,1,6,North,3,Yes,Light,Not Offered,0
C1185,30,Male,16,632,8595,Two Year,Debit Card,Fiber,3,2,121,2,218,4,15,1,7,South,0,No,Dark,Not Offered,0
C0117,52,Male,28,759,18053,Monthly,UPI,DSL,5,1,95,0,203,2,15,0,5,South,0,No,System,Not Offered,1
C0297,54,Female,8,643,4891,Monthly,Debit Card,DSL,5,3,141,19,263,2,5,0,1,North ,1,Yes,Light,Accepted,1
C1898,45,Male,41,369,15119,Annual,Credit Card ,Fiber,0,0,119,9,198,2,0,0,10,West,1,No,Dark,Not Offered,0
C0474,34,Female,60,774,"46,424",Monthly,UPI,None,3,1,111,17,201,3,0,0,6,south,0,Yes,System,Not Offered,0
C0982,45,Female,39,653,24182,Monthly,upi,,1,0,116,4,220,3,5,0,9,North,0,Yes,System,Not Offered,0
C1754,44,Female,35,740,24616,Two Year,Debit Card,Fiber,120,0,99,18,178,2,5,0,10,South,0,No,System,Not Offered,0
C1880,66,Male,13,859,11160,Monthly,,DSL,3,2,111,21,228,2,0,0,3,East,1,No,Dark,Rejected,1
C1656,47,F,,1080,25268,Annual,Credit Card,,1,1,91,3,168,1,10,2,7,South ,1,Yes,System,Not Offered,0
C2183,46,Male,17,831,11990,1 Year,Credit Card,dsl,0,0,135,0,235,4,15,1,9,East,0,No,System,Not Offered,0
C2201,18,Female,24,565,13548,monthly,UPI,NONE,1,1,76,6,143,3,0,0,5,South,0,Yes,Light,Not Offered,0
C1548,34,Male,10,740,7410,Monthly,CREDIT CARD,Fiber,8,1,92,17,171,3,0,0,2,West,0,No,System,Rejected,1
C0673,35,Female,54,452,24387,Two Year,UPI, Fiber ,5,3,109,12,210,4,0,1,4,East,0,Yes,Light,Not Offered,0
C1494,39,Male,,719,"17,470",Annual,DEBIT CARD,Fiber,3,2,73,5,147,2,10,0,5,South,0,No,Dark,Not Offered,0
C1568,52,Male,7,415,2905,Annual,Debit Card,Fiber,0,0,119,4,206,3,0,0,9,West,0,No,System,Not Offered,0
C0098,52,Male,27,624,16017,Monthly, upi,None,2,1,139,2,264,3,5,0,5,East,0,No,System,Not Offered,0
C0481,39, Female ,16,667,10674,Monthly,UPI,FiberOptic,1,1,131,2,239,4,0,0,7,South,1,No,System,Not Offered,0
C0771,49,Male,31,854,22517,Annual,UPI,,2,0,121,1,216,1,15,4,8,SOUTH,0,Yes,Dark,Not Offered,0
C2041,51,Male,23,661,15205,Monthly,UPI,Fiber,3,1,149,3,266,3,0,0,5,North,3,No,System,Not Offered,0
C0074,44,Female,18,958,17239,Two Year,,Fiber,0,0,56,11,139,2,0,3,10,South,0,Yes,Light,Not Offered,0
C0173,32,Female,20,678,11536,Monthly,Credit Card,DSL,6,3,193,18,364,2,15,2,1,South,0,Yes,Dark,Rejected,1
C0659,25,Male,30,762,21746,Two Year,upi,Fiber,1,1,130,2,248,4,5,2,8,East,0,No,Dark,Not Offered,0
C0143,32,Female,51,819,41774,Annual,NetBanking,Fiber,1,0,115,0,210,4,0,2,,North,0,No,Light,Accepted,0
C1231,31, Male ,24,614,"12,494",Annual,Credit Card,Fiber,0,0,159,3,289,1,15,0,10,South,1,Yes,Light,Not Offered,0
C0486,64,male,72,869,56330,Monthly,NetBanking,Fiber,0,0,51,0,83,3,10,1,,NORTH,0,Yes,Dark,Not Offered,0
C0284,59,female,41,357,14662,monthly,NetBanking,DSL,0,0,95,3,193,1,0,0,10,West,1,Yes,System,Not Offered,0
C1317,52,Male,37,984,34574,Annual,UPI,DSL,1,1,70,0,135,2,5,1,8,South,0,No,System,Not Offered,0
C1711,49,Female,28,773,20535,Annual,UPI,Fiber,0,0,100,4,189,2,5,5,9,East,0,Yes,Light,Not Offered,0
C2014,41,Female,17,676,10333,Two Year,Credit Card,DSL,2,1,20,5,70,3,10,0,8,West,2,No,System,Not Offered,0
C0523,74,Male,15,955,12888,Annual,,DSL,1,0,121,5,217,2,10,1,10,North,1,Yes,Dark,Not Offered,0
C1970,41,Female,14,611,6846,Two Year,UPI,DSL,1,1,86,8,143,2,20,0,8,South,0,No,Light,Not Offered,0
C2125,48,Male,9,1074,7688,Two Year,Credit Card,fiber,1,0,110,14,192,3,20,2,10,East,0,Yes,System,Not Offered,0
C0762,19,Female,34,967,29602,Two Year,Credit Card,Fiber,0,0,106,8,217,1,10,1,10,West,0,Yes,Dark,Not Offered,0
C1065,49,Female,,723,"16,623",Monthly,Credit Card,Fiber,2,1,113,11,166,2,0,1,5,North,1,No,Light,Rejected,1
C0546,57,Female,11,674,7414,Annual,UPI,DSL,1,1,76,25,125,3,0,0,6,North,0,Yes,Light,Not Offered,0
C0976,43,Female,16,623,9003,Annual,UPI,Fiber,0,0,70,3,149,4,10%,2,9,South,0,Yes,Dark,Not Offered,0
C0320,37,Female,29,645,16846,Monthly,Credit Card,DSL,2,1,33,0,86,3,10,0,6,West,1,No,Light,Not Offered,0
C1095,55,Female,28,608,17024,Annual,UPI,Fiber,6,2,59,14,108,3,0,0,3,West,0,Yes,Light,Rejected,1
C0648,43,Male,29,692,18058,One Year,Credit Card,DSL,4,1,127,1,223,1,10,0,6,South,0,Yes,Light,Not Offered,0
C0740,54,Female,10,557,5613,Monthly,UPI,Fiber,4,2,202,18,370,3,0,0,2,North,2,Yes,Dark,Rejected,1
C1666,61,Female,8,720,5190,Annual,UPI,Dsl,2,1,164,4,291,3,10,0,7,East,0,No,Light,Not Offered,0
C2198,42,Female,20,548,10380,MONTHLY,NetBanking,Fiber,1,1,,1,184,1,5,0,6,West,1,No,Light,Not Offered,0
C2036,19,Female,11,618,6465,Annual,UPI,Fiber,0,0,88,2,171,4,5,2,9,West,1,No,Dark,Not Offered,0
C1399,54,Female,20,821,13926,Monthly,Credit Card,dsl,2,1,135,3,281,3,15,1,7,East,0,Yes,System,Not Offered,0
C1006,35,Male,15,563,8023,monthly,Debit Card,DSL,1,1,97,21,198,1,5,0,6,West,0,No,Light,Not Offered,0
C0202,52,Male,33,681,17973,Two Year,CREDIT CARD,DSL,1,0,88,4,166,2,20,0,10,North,1,Yes,System,Not Offered,0
C1509,18,Male,25,715,"17,860",Monthly,DEBIT CARD,Fiber,3,2,,21,249,2,0%,1,3,East,0,Yes,Light,Rejected,1
C0429,40,Male,9,947,6829,Annual,Debit Card,DSL,0,0,134,8,248,2,20,0,10,South,1,No,Light,Not Offered,0
C0915,43,Male,44,805,35456,Annual,UPI,DSL,3,0,,2,180,1,0,0,9,South,2,No,Light,Not Offered,0
C1574,42,F,26,833,21645,Monthly,NetBanking,Fiber,3,2,87,32,168,2,0,4,3,West,0,No,System,Rejected,1
C2127,51,Male,38,791,"25,558",Annual,UPI,Dsl,0,0,137,7,247,3,15,2,10,South,1,No,Light,Not Offered,0
C1381,48,Male,19,680,12929,Monthly,Credit Card,Fiber,2,1,137,22,257,1,0,3,5,South,1,Yes,System,Rejected,1
C0380,65,Female,36,806,27582,Two Year,Debit Card,Fiber,5,1,159,12,301,5,5,0,6,South,1,Yes,Dark,Not Offered,0
C1096,27,F,,909,5178,Two Year,Credit Card ,Fiber,2,0,136,6,255,3,5,2,9,South,0,No,Light,Not Offered,0
C0038,41,female,22,780,17194,Monthly,UPI ,DSL,4,1,107,3,192,1,0,1,5,North,1,Yes,System,Rejected,1
C1714,47,Male,8,618,4695,Monthly,netbanking,DSL,3,2,118,2,232,3,5,0,4,East,3,No,Dark,Rejected,1
C2284,39,Male,6,435,2446,Monthly, upi,Fiber,2,1,153,2,289,4,5%,0,6,North,0,Yes,System,Not Offered,0
C1204,38,M,26,496,10936,Monthly,UPI,DSL,0,0,74,5,135,3,15%,3,9,West,1,Yes,Light,Not Offered,0
C1430,37,Female,15,811,12199,Monthly,NetBanking,Fiber,2,1,120,0,216,1,0%,0,5,WEST,0,No,Light,Not Offered,0
C0841,25,Male,29,715,19702,Annual,UPI,None,0,0,111,6,220,3,5,2,10,north,0,No,Dark,Accepted,0
C2186,36,Female,31,694,21502, monthly ,UPI,None,3,1,52,3,117,2,0%,1,5,North,2,No,Dark,Not Offered,0
C2003,18,Female,12,703,8408,Annual,NetBanking,None,0,0,65,1,114,2,0,0,9,South,1,No,System,Not Offered,0
C0416,52,Female,,574,9752,Annual,Debit Card,DSL,3,1,151,21,284,2,0,4,6,South,2,Yes,System,Not Offered,0
C1531,42,Female,33,842,27804,Monthly,UPI,None,0,0,207,6,383,3,0,0,8,West,1,No,Light,Not Offered,0
C1342,52,Male,59,429,20227,Monthly,NetBanking,DSL,4,1,133,4,225,2,20,0,7,North,1,No,Light,Not Offered,0
C1676,32,Male,16,986,13424,Monthly,Credit Card,Fiber,5,3,149,23,242,3,15,0,2,West,0,No,System,Accepted,1
C2329,25,male,32,985,"31,533",Annual,NetBanking,Fiber,4,0,164,9,315,3,0,1,7,East ,1,No,System,Not Offered,0
C1632,56,Male,,936,13124,Monthly,UPI,Fiber,6,4,172,28,324,1,0,0,1,North,0,No,Light,Rejected,1
C1299,59,Female,35,711,24876,Monthly,Debit Card,,0,0,153,0,283,3,0,0,9,East,0,No,Dark,Not Offered,0
C0095,35,Male,52,597,23295,Annual,Credit Card,Fiber,0,0,88,3,177,2,25,1,-1,South,1,Yes,System,Not Offered,0
C1256,62,Male,14.0,997,13260,Monthly,Credit Card,Fiber,2,1,169,3,318,3,5,0,6,South,1,Yes,System,Not Offered,0
C1415,62,Female,30,744,21184,Annual,Debit Card,DSL,1,0,132,16,237,2,5,0,9,North,1,No,Light,Not Offered,0
C0505,29, Female ,28,384,8616,Monthly,Net Banking,None,3,0,124,14,219,1,20,0,9,North,0,No,System,Not Offered,0
C0211,31,Male,14,750,9939,TWO YEAR,UPI,Fiber,0,0,141,0,249,3,5,0,10,East ,0,No,Light,Not Offered,0
C0865,49,Male,35,874,30621,Monthly,NetBanking,DSL,3,1,101,0,196,3,0,0,5,North,1,Yes,System,Accepted,1
C0329,49,female,,610,16789, monthly ,UPI,Fiber,4,1,93,25,179,3,5,3,5,South,1,No,Dark,Rejected,1
C0243,43,Female,35,461,15319,Annual,Credit Card,DSL,1,1,141,22,252,3,5,0,8,East,0,Yes,System,Not Offered,0
C0359,53,Male,31.0,913,28301,Annual,Credit Card,NONE,1,0,101,1,183,2,0,5,8,North,1,No,System,Not Offered,0
C1378,31,Female,52,874,43157,Annual,NetBanking,Fiber,0,0,136,6,262,2,5,1,,West,1,Yes,Dark,Not Offered,0
C1969,39,Female,22,573,"11,307",Monthly,NetBanking,Fiber,1,1,,9,149,2,10,1,6,North,1,No,Light,Not Offered,0
C1465,34,Female,15,687,10294,Annual,UPI,none,0,0,95,25,205,2,0,0,10,East,0,Yes,Light,Not Offered,0
C0730,56,male,36,874,"26,770",Monthly,Net Banking,,2,1,176,10,325,4,15,1,6,East,0,Yes,Light,Not Offered,0
C0058,48,Female,,718,39480,Annual,Credit Card,Fiber,2,0,138,0,250,1,0,0,9,West,0,Yes,Dark,Not Offered,0
C1189,35,Female,16,776,10569,Annual, upi,DSL,4,0,132,4,236,3,15,0,8,North,2,No,Dark,Not Offered,0
C0784,62,Male,39,473,17529,Annual,UPI,Fiber,1,0,93,1,177,1,5,0,10,South,1,Yes,Light,Not Offered,0
C0161,26,F,33,985,29270,Annual,netbanking,Fiber,2,0,143,13,265,4,10,0,8,EAST,0,Yes,System,Not Offered,0
C0825,27,Male,7,802,5630,Monthly,UPI,Fiber,1,1,114,2,206,2,0,0,5,north,1,Yes,Light,Not Offered,0
C0994,40,Male,14,757,10618,Two Year,Debit Card,Fiber,0,0,109,8,225,2,0,0,10,North,0,No,System,Not Offered,0
C0272,37,Male,15,542,7315,Monthly,UPI,None,3,1,106,3,186,3,10,0,6,South,1,Yes,System,Not Offered,0
C0121,21,Male,16,793,12672,Annual,Credit Card,None,2,1,47,8,122,3,0,0,7,North,0,No,System,Not Offered,0
C0082,53,Female,22,640,14055,Two Year,,DSL,0,0,60,7,108,3,0,0,10,WEST,0,Yes,Dark,Not Offered,0
C0002,41,Female,22,616,11513,monthly,Credit Card,NONE,4,2,126,2,220,4,15,0,4,North,1,Yes,Light,Rejected,1
C2199,66,Male,22,737,13776,Monthly,UPI,FIBER,6,1,187,1,343,2,15,1,4,East,3,Yes,Dark,Rejected,1
C1848,42,Male,34,751,25529,Monthly,CREDIT CARD,DSL,6,4,116,19,204,3,0,0,1,North,2,Yes,Light,Rejected,1
C1599,32,Female,7,820,5418,Annual,UPI,fiber,0,0,74,6,141,1,5,1,9,South,1,Yes,Light,Not Offered,0
C2106,28,Female,7,382,"2,544",Monthly,UPI,FiberOptic,1,0,170,9,311,4,5,1,7,North,2,Yes,Light,Not Offered,0
C0010,58,M,40,707,24062,Monthly,NetBanking,FIBER,3,2,105,1,183,2,15,1,5,West,0,Yes,System,Accepted,1
C0160,33,FEMALE,50,909,43195,Monthly,UPI,Fiber,2,1,176,2,313,2,5,0,7,East,0,Yes,Light,Not Offered,0
C1689,38,Male,9,739,5312,Annual,Debit Card,Fiber,4,1,94,15,170,4,20,1,6,East,0,No,System,Not Offered,0
C1784,34,Female,18,930,16719,Monthly,Debit Card,Fiber,2,0,127,2,233,2,0,1,7,North,0,Yes,Light,Not Offered,0
C1024,29,Female,38,597,19271,Two Year,Debit Card,Fiber,,0,94,18,200,2,15,3,10,,1,Yes,Dark,Not Offered,0
C1034,33,Male,,927,22884,Monthly,Credit Card,Fiber,2,0,164,24,320,2,5,1,7,South,1,No,System,Not Offered,0
C0396,46,Male,45,748,30324, monthly ,Credit Card,Fiber,0,0,90,5,162,3,10,1,9,North,0,No,System,Not Offered,0
C1845,60,F,8,609,4841,Monthly,Debit Card,Fiber,3,1,70,10,119,4,0,0,5,South,2,No,Dark,Not Offered,1
C1039,44,Female,55,603,33185,Month-to-Month,UPI,dsl,0,0,38,5,92,3,0,1,9,South,0,No,Light,Not Offered,0
C1560,56, Female ,33,750,23487,Monthly,UPI,None,1,0,114,19,198,2,5,1,8,North,3,Yes,Light,Not Offered,0
C1810,49, Male ,8,,3714,Annual,Credit Card,DSL,1,0,96,5,179,2,10,0,9,South,2,No,Dark,Not Offered,0
C0259,31,Male,21,734,14644,monthly,upi,Fiber,7,4,,16,227,3,5,0,1,East,0,No,Dark,Rejected,1
C0831,57,Female,,763,8700,Annual,Credit Card,Fiber,0,0,110,10,203,2,5,1,10,South,0,Yes,Light,Not Offered,0
C1578,34,Female,32,753,24103,MONTHLY,UPI,Fiber,9,5,58,24,99,1,0,0,1,North,3,Yes,Light,Rejected,1
C0101,51,Male,27,831,21284,monthly,Credit Card, Fiber ,2,0,136,5,261,2,5,3,7,East,0,No,Dark,Not Offered,0
C0613,61,Male,25,394,9853,Annual,UPI,DSL,1,0,118,22,190,4,0,0,9,north,1,No,Light,Not Offered,0
C1643,36,Female,33,679,21286,Two Year, upi,Fiber,0,0,35,5,92,3,5,0,10,,0,No,Light,Not Offered,0
C0144,45,Male,26,617,15212,2-Year,Debit Card,DSL,1,0,132,15,270,4,5,2,10,East,1,No,Light,Not Offered,0
C1272,43,Female,20,576,11499,2-Year,,DSL,0,0,189,12,339,2,0,0,10,East,0,Yes,System,Not Offered,0
C0274,58,Female,26,526,13673,Annual,upi,Fiber,6,0,7200,8,171,3,0,0,7,east,1,Yes,Dark,Not Offered,0
C1935,64,Male,34,956,27661,Monthly,,DSL,0,0,65,2,131,3,15,0,9,East,0,Yes,System,Not Offered,0
C1697,29,Male,11,623,6509,Monthly,Credit Card,Fiber,3,2,125,15,235,2,5,1,3,East,0,Yes,System,Rejected,1
C0594,60,Female,14,751,"8,934",Annual, upi,DSL,4,3,157,24,305,5,15,1,3,South,1,Yes,Light,Rejected,1
C0247,31,Female,24,767,13834,Two Year,netbanking, Fiber ,3,0,141,3,242,3,25,0,10,East,1,No,System,Not Offered,0
C1739,53,Female,19,737,14001,Monthly, upi,DSL,1,1,121,10,214,3,0%,5,6,South ,0,Yes,Light,Not Offered,1
C1520,56, Male ,1,797,797,Monthly,Debit Card,FiberOptic,2,1,82,4,202,1,5,1,6,North,0,Yes,Light,Rejected,1
C1035,36,FEMALE,4,858,3465,Two Year,NetBanking,Fiber,1,1,97,5,159,3,0,0,7,South,2,No,Light,Not Offered,0
C1922,34,Male,18,769,12481,Monthly,Credit Card,,6,3,162,22,290,3,10%,0,1,South,2,No,Dark,Rejected,1
C1817,35,Male,10,535,4327,Annual,Credit Card,Fiber,2,0,117,3,218,1,0%,1,8,North,0,No,Dark,Not Offered,0
C0382,44,Male,46,533,20849,Monthly,UPI,Fiber,8,0,138,3,250,3,15,1,6,East,0,Yes,Light,Not Offered,0
C0676,41,FEMALE,19,641,9768,Monthly,credit card,Fiber,1,1,123,7,229,1,20,1,7,north,1,Yes,Light,Not Offered,0
C1865,40,Male,25,970,"21,846",Annual,UPI,Fiber,1,0,126,7,228,3,10,1,10,east,2,No,System,Not Offered,0
C1038,62,Male,15,510,7276,MONTHLY, upi,DSL,3,1,93,23,182,4,5,0,5,North,1,No,Dark,Rejected,1
C0176,25,M,43,1158,42325,Month-to-Month,NetBanking,,3,1,130,1,247,1,15,1,6,South,0,No,Light,Not Offered,0
C1163,31,Female,25,645,15306,Monthly,UPI,DSL,2,1,134,1,250,3,5,0,6,North,0,Yes,Dark,Accepted,0
C0846,38,Male,13,924,10807,Annual,Debit Card,Fiber,2,1,154,11,255,3,10,0,8,West,1,Yes,System,Not Offered,0
C0588,48,Female,46,716,31296,Two Year,upi,Fiber,1,0,110,11,216,1,5,0,10,West,0,Yes,System,Not Offered,0
C0290,45,Male,48.0,795,38159,Monthly,NetBanking,Dsl,3,2,54,1,110,4,0,0,4,North,1,Yes,Light,Not Offered,0
C2381,35,Male,32,349,10059,Monthly,Credit Card,Fiber,4,1,98,18,199,2,10,2,6,West,0,Yes,Light,Accepted,1
C0297,54,Female,8,643,4891,Monthly,Debit Card,DSL,5,3,141,19,263,2,5,0,1,North ,1,Yes,Light,Accepted,1
C1660,54,Female,25,505,12011,Two Year,UPI,DSL,0,0,181,7,320,3,5,0,10,,1,No,Dark,Not Offered,0
C0720,45, Male ,17,504,8135,Monthly,Debit Card, Fiber ,5,3,127,28,240,3,5,3,2,North,2,No,Dark,Rejected,1
C1886,32,Female,15,780,11748,MONTHLY,Credit Card,DSL,0,0,71,1,132,4,0,0,8,North,0,No,Dark,Not Offered,0
C0498,42,Male,63,704,44354,Annual,UPI ,DSL,1,0,87,10,196,2,0,0,10,East,2,No,System,Not Offered,0
C2152,37,Female,32,709,19315,MONTHLY,UPI,Fiber,4,3,122,26,224,3,15%,3,2,West,0,Yes,System,Accepted,1
C1263,27,Male,21,840,17646,Annual,Debit Card,Fiber,3,0,124,2,229,2,0,0,8,East,0,Yes,System,Not Offered,0
C1467,28,Male,23,1302,25457,Annual,UPI ,DSL,1,0,97,17,175,1,15,3,9,West,0,Yes,System,Not Offered,0
C2279,40,Male,16,801,"12,838",monthly,UPI,Fiber,1,0,127,3,235,4,0,0,8,south,1,No,Dark,Not Offered,0
C2060,56,Female,66,642,33901,Annual,Credit Card,Dsl,0,0,97,2,167,2,20,1,10,East,2,No,System,Not Offered,0
C0634,23,Male,22,538,11860,Monthly,NetBanking,Fiber,0,0,152,3,279,2,0,0,8,East,1,No,System,Not Offered,0
C0203,40,Female,22,830,14571, monthly ,Net Banking,Fiber,1,1,130,1,251,4,20,0,7,South,0,No,Light,Not Offered,0
C0573,38,Female,6,757,"4,514",Monthly,Debit Card,Fiber,1,1,,11,250,2,0,0,5,East,0,Yes,Light,Rejected,1
C0375,24,Male,40,810,30772,Annual,Debit Card, Fiber ,1,0,166,0,301,1,5,3,10,South,0,Yes,Dark,Accepted,0
C0011,34,Male,33,535,14100,Two Year,Credit Card,Fiber,1,0,113,0,220,2,20,0,10,East ,2,Yes,Dark,Not Offered,0
C0142,49,female,18,830,14207,annual,upi,Fiber,5,2,200,7,366,3,5,2,5,EAST,0,No,Light,Not Offered,1
C1026,46,Male,14,490,5134,Monthly,Card,Fiber,1,0,105,11,197,4,25,0,9,West,2,No,Light,Not Offered,0
C0705,45,Female,39,569,17762,Monthly,,DSL,1,0,114,0,211,5,20,0,10,West,0,Yes,Light,Not Offered,0
C0334,51,Female,48.0,728,29685,Annual,Credit Card,,5,1,107,3,188,3,15,0,7,North,3,No,System,Not Offered,0
C1555,38,Female,18,965,17370,1 Year,Credit Card,Fiber,0,0,88,12,164,1,0,4,9,East,0,Yes,System,Not Offered,0
C1124,44,Male,36.0,761,26014,annual,NetBanking,Fiber,,1,99,5,199,2,5,0,7,South,0,Yes,System,Not Offered,0
C0983,31,Female,18,427,7663,Monthly,Debit Card,,,2,99,17,215,3,0,1,3,North,2,No,Light,Rejected,1
C1436,33,Female,72,948,64827,Two Year,Credit Card,Fiber,0,0,104,3,219,1,5%,2,10,NORTH,0,No,System,Not Offered,0
C1710,48,Female,23,675,14716,Annual,Credit Card,Fiber,1,0,170,0,333,1,5,0,9,South,0,Yes,Light,Not Offered,0
C1048,58,Male,11,505,4179,MONTHLY,netbanking,Fiber,5,3,66,29,126,1,25,0,1,North,2,No,System,Rejected,1
C0497,42,Male,37,807,26878,Monthly,NetBanking,dsl,3,1,119,14,238,3,10,1,6,South,0,No,Light,Not Offered,0
C2258,63, Male ,29,697,20225,Annual,UPI ,DSL,1,0,96,7,176,3,0,1,9,South,0,Yes,System,Not Offered,0
C1844,69,Female,14,608,8506,Two Year,Credit Card,Dsl,1,0,190,35,341,1,0,2,10,South,0,Yes,Dark,Not Offered,0
C1094,18,F,66,948,"56,321",2 Year,NetBanking,DSL,2,0,191,1,365,3,10,0,,West,0,Yes,Dark,Not Offered,0
C0690,34,Female,,868,33816,One Year,UPI,FiberOptic,1,0,134,5,237,2,5,1,10,south,1,Yes,System,Not Offered,0
C1833,23,Male,27,680,17454,Annual,Credit Card,Fiber,1,1,140,5,288,3,5,0,8,East,0,No,Dark,Not Offered,0
C0426,33,Female,47,557,20940,Monthly,Card,Fiber,2,0,80,6,189,3,20,0,8,South,0,Yes,System,Not Offered,0
C0403,18,female,14,621,8686,Monthly,Credit Card,Dsl,2,1,104,1,202,5,0,0,6,East,1,Yes,Light,Not Offered,0
C0294,43,FEMALE,26,741,"19,255",1 Year,NetBanking,DSL,0,0,70,7,153,4,0%,0,10,West,1,Yes,Dark,Not Offered,0
C1590,52,Male,5,570,2541,Monthly,UPI,DSL,2,1,30,2,103,2,10,2,5,East,0,Yes,System,Not Offered,0
C2149,40,Female,20,945,18876,Two Year,UPI,Fiber,1,1,113,22,241,1,0,2,7,South,2,No,Dark,Not Offered,0
C1044,62,Female,45,849,32489,Annual,UPI,dsl,0,0,115,6,218,2,15,4,10,South,1,Yes,Light,Not Offered,0
C0255,66,Male,24,633,13654,Monthly,DEBIT CARD,DSL,,1,148,3,266,4,10,0,6,West ,0,Yes,Dark,Not Offered,0
C1064,64,MALE,45,485,21805,annual,UPI,DSL,0,0,95,3,185,3,0,2,,East,2,No,Light,Not Offered,0
C1827,75, Male ,14,610,8540,Annual,NETBANKING,DSL,3,1,134,2,258,2,0,3,6,North,2,Yes,System,Not Offered,0
C0688,51,Female,13,694,8110,Two Year,,,0,0,106,7,213,1,10,1,10,west,0,No,Dark,Not Offered,0
C0062,40,Female,24,563,12217,Monthly,Credit Card, Fiber ,2,0,132,27,231,2,10,0,7,South,0,No,Light,Not Offered,0
C2023,38,Male,23,757,15666,monthly, upi,FIBER,,1,41,11,84,2,10,2,5,East,0,Yes,System,Rejected,1
C1113,75,Female,9,721,5202,Two Year,Debit Card,Fiber,2,0,112,8,186,2,20,0,10,East,3,No,Light,Not Offered,0
C0295,25, Male ,30,660,18813,Monthly,UPI,DSL,3,0,103,0,192,2,5,0,7,East,2,No,Dark,Not Offered,0
C1646,43,Male,42,979,36971,Monthly,Debit Card,Fiber,2,0,56,10,118,2,10,0,8,North,1,No,Light,Not Offered,0
C2310,36,F,52,,23165,Monthly,NetBanking,Fiber,0,0,125,5,219,2,5,0,10,North,0,No,Dark,Not Offered,0
C0310,66,MALE,20,1087,"21,712",Monthly,upi,Dsl,0,0,124,26,211,4,0,4,8,East,2,Yes,Dark,Not Offered,0
C0340,25,Male,38,925,35121,Two Year,credit card,DSL,1,0,90,14,142,5,0,0,10,South ,2,No,Light,Not Offered,0
C1606,60,M,8,762,5183,Monthly,credit card,Fiber,5,1,133,4,246,1,15,1,4,South,1,No,System,Rejected,1
C1779,50,Male,10,434,3833,Monthly,UPI,DSL,8,5,20,24,42,3,10,0,1,North ,0,No,Light,Rejected,1
C0891,34,Female,42,947,33797,Annual,Debit Card,None,0,0,,2,240,3,15,1,10,EAST,1,No,Dark,Not Offered,0
C2390,46,F,37,856,30102,ANNUAL,NetBanking,,0,0,100,12,189,3,5,0,10,East,1,No,Light,Not Offered,0
C1884,50,Male,25,487,11583,Monthly,Debit Card,Dsl,0,0,89,11,186,3,5,1,9,West,0,No,Dark,Not Offered,0
C1085,25,Female,23,729,"12,574",Annual,NetBanking,Fiber,3,1,161,13,316,2,25,0,7,North,1,No,Dark,Not Offered,0
C1636,18,Male,7,541,3398,Monthly,UPI,DSL,3,2,102,21,177,1,10,0,2,South,2,No,Dark,Rejected,1
C1126,53,Male,13,754,9783,Annual,Credit Card,Fiber,999,2,,12,79,3,0,1,4,North,0,Yes,System,Accepted,1
C1889,60,Male,14,595,7076,Monthly,UPI,Fiber,2,0,53,1,120,1,15,0,,North,0,Yes,Light,Not Offered,0
C1498,32,Female,,782,18977,Two Year,Credit Card,DSL,1,0,89,7,170,3,10,0,10,South,0,No,System,Not Offered,0
C0435,22,Male,17.0,831,13410,Month-to-Month,Credit Card,Fiber,1,1,54,6,109,3,5%,1,7,East,1,Yes,Light,Not Offered,0
C2047,61,Male,40,327,12432,ANNUAL,Debit card,Fiber,0,0,140,8,277,1,5,0,10,East,0,No,Light,Not Offered,0
C1249,34,Female,56,619,25988,Month-to-Month,Credit Card,DSL,1,0,123,32,219,5,25,0,10,North ,0,Yes,Dark,Not Offered,0
C1834,31,Male,22,1006,22122,1 Year,,Fiber,0,0,144,14,259,3,0,0,9,West,1,No,System,Not Offered,0
C0338,27,Female,45,604,27202,Annual,Credit Card,DSL,0,0,157,20,302,2,0,0,10,West,0,No,Light,Not Offered,0
C1234,41,Male,30,557,15912,Monthly,Credit Card,Fiber,3,1,111,2,227,3,5,0,6,North,1,Yes,System,Not Offered,0
C0456,46,Female,17,820,10441,Annual,Debit Card,None,0,0,134,10,257,2,25,0,10,South,1,Yes,Light,Not Offered,0
C1909,18,Female,40,447,17871,2-Year, upi,Fiber,2,0,164,2,293,2,0,0,10,East,2,No,System,Not Offered,0
C0174,70,Female,21,991,19746,MONTHLY,Credit Card,DSL,6,1,159,29,286,3,5,0,5,West,1,Yes,System,Rejected,1
C0890,46,Male,28,299,7555,Monthly,UPI,Fiber,2,1,144,31,253,3,10,1,7,North,3,No,Dark,Not Offered,0
C1211,27,MALE,22,1093,24047,Two Year,Credit Card,FIBER,0,0,114,8,217,2,0,2,,West,1,Yes,Dark,Not Offered,0
C1324,26,Female,8,495,3572,One Year,Credit Card,dsl,5,0,188,0,344,3,10,1,8,South,2,No,System,Not Offered,0
C1952,44,female,12,344,3526,Two Year,Credit Card,fiber,0,0,131,7,209,4,15,1,10,East,3,No,Light,Not Offered,0
C0696,36,Male,30,739,18847,Monthly,UPI,DSL,3,1,103,5,196,2,15,4,6,West,1,No,Dark,Not Offered,1
C2224,52,Female,,318,13515,Monthly,Credit Card,DSL,3,1,133,8,252,3,15,0,7,,1,Yes,Light,Not Offered,0
C0293,52,Female,30,816,24485,2 Year,UPI ,Fiber,,0,156,5,305,1,0,0,10,,0,No,Light,Not Offered,0
C1161,58,Male,15,595,7598,Annual,,FIBER,0,0,141,11,259,2,15,1,10,South,1,Yes,Light,Not Offered,0
C2306,38,FEMALE,50,832,33291,Two Year,credit card,Fiber,,0,117,5,243,3,20,0,10,,1,No,Dark,Not Offered,0
C1251,43,Male,13,454,5902,monthly,debit card,Dsl,5,3,94,23,179,5,0,0,2,South ,0,No,System,Accepted,1
C0742,56,Female,33,936,"27,808",Monthly,UPI,DSL,1,1,149,3,275,3,10,0,6,east,1,Yes,Light,Not Offered,0
C0637,58,Female,10,740,6640,monthly,UPI,DSL,2,1,110,4,204,2,10,4,5,East ,3,No,System,Rejected,1
C1543,49,Male,12,690,7893,One Year,UPI,Fiber,0,0,100,5,202,2,5,0,,West,0,No,Dark,Not Offered,0
C1651,18,Male,34,645,19747,1 Year,CREDIT CARD,Fiber,1,0,109,2,204,1,10,0,10,North,0,No,System,Not Offered,0
C1141,29,Female,15,694,9878,Monthly,UPI,DSL,2,1,72,5,125,3,5,0,6,North,1,No,Light,Not Offered,0
C1709,51,Male,45,760,30747,Monthly,Credit Card,Fiber,1,0,169,16,293,2,10,0,9,South,0,Yes,Light,Not Offered,0
C0236,47,female,15.0,580,8258,Annual,UPI,Fiber,0,0,101,4,182,3,5,0,9,East,0,Yes,Light,Not Offered,0
C1061,43,Male,30.0,622,18686,Monthly,,Fiber,2,1,161,24,280,2,0,1,5,North,1,No,System,Not Offered,0
C0437,39,Male,60,703,40051,MONTHLY,Debit Card,DSL,3,0,175,9,327,3,5,0,8,West,0,Yes,System,Not Offered,0
C2070,37,Male,32,606,18428,Annual,Credit Card,Fiber,,0,,11,236,2,5,0,9,North,1,Yes,Dark,Not Offered,0
C0242,38,Female,18.0,,"11,917",Monthly,,Fiber,4,2,172,15,315,3,5,0,3,WEST,1,No,Light,Accepted,1
C0664,42,Male,24,740,"17,724",Monthly,Debit Card,DSL,6,2,117,15,222,1,0,0,3,South,2,Yes,Dark,Rejected,1
C0125,45, Female ,7,627,"4,403",Monthly,upi,Fiber,3,2,146,16,244,1,0,0,3,East,0,Yes,System,Rejected,1
C0162,42,Male,72,873,56570,Annual, upi,None,0,0,94,0,158,1,10,0,10,North,0,No,Light,Not Offered,0
C0854,40,male,13,549,7122,Annual,Credit Card,Fiber,0,0,169,6,322,2,0,1,9,EAST,1,Yes,Light,Not Offered,0
C1279,18,Male,44,728,28832,Monthly,NetBanking,Fiber,0,0,20,11,54,1,10,3,9,East ,0,No,Light,Not Offered,0
C1964,56,Male,39,755,23548,Monthly,NetBanking,Fiber,1,0,160,3,267,2,20,0,9,South,1,Yes,System,Not Offered,0
C2102,46,Male,16,759,10938,Monthly,UPI,Fiber,0,0,145,4,267,2,10,0,,East,2,No,Light,Not Offered,0
C1260,46,Male,7,479,3365,Two Year,Credit Card,Fiber,2,1,102,1,153,3,0,0,8,South,0,No,Light,Not Offered,0
C1480,48, Female ,31,772,23936,Monthly,UPI,Fiber,0,0,133,13,256,3,0,3,8,North,1,No,Light,Not Offered,0
C2146,24,Male,31,517,14399,Monthly,,DSL,1,1,104,1,195,2,10,0,7,South,0,Yes,Dark,Not Offered,0
C1129,56,Male,20.0,692,13800,Two Year,Credit Card ,DSL,7,4,85,21,166,4,0,0,1,West,0,Yes,Dark,Rejected,1
C0072,48,male,37,,24951,Annual,Credit Card ,Fiber,0,0,56,3,92,1,5,1,10,South,0,Yes,Dark,Not Offered,0
C1346,43,Female,18,937,12643,Monthly,Credit Card,DSL,4,2,30,0,52,3,25,4,4,South,1,No,Dark,Rejected,1
C0280,38,Male,25,391,8799,Annual,UPI,Fiber,,0,213,3,393,3,10,0,10,East,0,No,Light,Not Offered,0
C1768,21,Male,33.0,648,21371,Two Year,Credit Card,Fiber,2,1,73,5,131,4,0,1,7,East,1,No,Light,Not Offered,0
C0089,38,Male,38,822,25042,Two Year,upi,DSL,1,0,114,12,227,3,20,0,10,,0,No,Light,Not Offered,0
C1698,56,Male,17,528,8499,Monthly,upi,Fiber,2,0,109,0,187,2,5,2,,South,1,Yes,System,Not Offered,0
C2160,40,MALE,22,792,17385,Two Year,Credit Card,DSL,2,1,99,0,193,4,0,1,8,South,0,No,Light,Not Offered,0
C1054,53,Male,36,540,19431,Two Year,NetBanking,DSL,4,2,103,4,172,3,0,0,5,North,0,No,Dark,Not Offered,0
C2056,43,Female,56,,23585,Monthly,UPI,DSL,1,0,115,3,163,1,15,0,10,North,1,No,Dark,Not Offered,0
C0425,29,Male,29,1238,35911,Two Year,Credit Card,DSL,0,0,78,3,171,2,0,1,9,South,0,Yes,Dark,Not Offered,0
C0996,18,Male,68,888,57325,Annual,Credit Card,DSL,3,0,157,13,260,3,5,1,9,East,2,No,Light,Not Offered,0
C0835,48,Male,22,882,15519,Monthly,credit card,DSL,4,1,120,20,190,3,20,1,5,,0,Yes,Light,Accepted,1
C2371,38,Female,43,728,29731, monthly ,UPI,Fiber,1,0,143,2,257,3,5,0,9,North,1,No,Dark,Not Offered,0
C0888,36, Female ,22,795,16616,Annual,NetBanking,Fiber,0,0,186,0,311,4,5,0,9,East,1,No,Dark,Not Offered,0
C2302,36,Male,8,690,5272,Monthly,Net Banking,Fiber,2,1,90,4,155,2,5,1,6,South,1,No,Light,Not Offered,0
C0398,26,M,9,758,5484,Monthly,Credit Card,FIBER,1,1,114,0,227,3,20,0,6,West,0,Yes,Dark,Rejected,1
C1474,24,Female,34,944,30528,Two Year,upi,None,7,3,163,18,278,3,5,2,2,South,0,No,Dark,Rejected,1
C0785,74, Male ,19,581,10453,Two Year,NETBANKING,DSL,1,0,127,1,252,4,5,1,9,North,1,Yes,System,Not Offered,0
C0153,34,Male,18,673,12139,Monthly,UPI,Fiber,0,0,96,0,180,2,0,0,,West,1,No,Dark,Not Offered,0
C1569,40,Male,45,871,31361,Annual,Credit Card,DSL,1,0,,2,228,4,20,0,10,West,0,No,Light,Not Offered,0
C1532,29,Female,26,531,"13,096",Two Year,Credit Card,DSL,0,0,149,5,294,4,5,0,10,West,1,No,System,Not Offered,0
C0717,56,male,13,685,7123,Monthly,NetBanking,None,,1,155,9,264,5,20,1,6,East,1,No,System,Accepted,0
C1100,25, Male ,12,609,5510,Annual,Credit Card,DSL,0,0,150,8,283,2,25,0,10,West,0,Yes,Light,Not Offered,0
C0462,35,Male,28,745,18749,Monthly,,Fiber,5,2,110,14,200,6,10,0,3,East,0,Yes,Light,Rejected,1
C0929,57,Male,26,632,"15,589",Monthly,UPI,Fiber,1,1,92,3,174,4,5,1,7,East,1,Yes,Light,Not Offered,0
C2134,39,Female,7,299,2101,Two Year,Credit Card,dsl,0,0,114,11,198,2,0,1,10,North,3,No,System,Not Offered,0
C0277,37,Male,14,770,9178,Two Year,,Fiber,6,2,58,3,88,3,15,1,5,SOUTH,1,No,Light,Not Offered,0
C1010,38,Female,24,903,"21,677",2-Year,UPI,Fiber,0,0,141,1,256,3,0,0,,East,1,No,System,Not Offered,0
C0761,50,FEMALE,27,848,22921,Monthly,Card,Fiber,1,1,146,2,267,4,0%,0,6,East,0,Yes,System,Accepted,1
C1702,25,Male,,610,12462,Annual,Credit Card,dsl,0,0,82,10,158,2,15%,3,10,North,2,Yes,Light,Not Offered,0
C1297,57,male,12,877,9974,Annual,upi,DSL,4,0,168,0,330,3,5,1,8,South,1,No,Light,Not Offered,0
C1420,56,Male,30,762,22846,Monthly,UPI,No Service,3,2,115,18,199,1,0,0,3,East,0,No,System,Rejected,1
C1404,42,Female,20,730,14574,2 Year,Credit Card,Fiber,1,0,171,4,329,2,0,0,9,north,1,Yes,Dark,Not Offered,0
C0675,54,Female,,770,9522,Monthly,NetBanking,DSL,2,0,56,1,150,3,5,0,,East,0,Yes,System,Not Offered,0
C0281,48,Male,37,602,22275,Monthly,UPI,DSL,4,1,106,0,191,4,0,0,6,east,0,Yes,System,Not Offered,0
C1650,38,Female,12,655,7844,ANNUAL,UPI,DSL,3,0,168,15,325,2,0,1,8,West,1,No,Light,Accepted,0
C1219,34,Female,44,753,33096,1 Year,upi,DSL,10,0,120,25,206,1,0,1,6,West,1,Yes,Light,Not Offered,0
C0514,40,Male,7,504,3328,Two Year,Credit Card,DSL,0,0,68,6,145,3,5,0,10,West,0,Yes,Light,Not Offered,0
C0332,46,Male,11,719,6718,Annual,,Fiber,1,0,87,1,152,6,15,1,8,West,0,Yes,Light,Not Offered,0
C1476,54,Female,35,384,12090,One Year,UPI,DSL,1,0,135,1,267,3,10%,1,9,West,1,Yes,Light,Not Offered,0
C2210,69,MALE,39,545,19111,Annual,Credit Card,dsl,3,0,102,23,226,1,10,0,9,South,0,No,Dark,Not Offered,0
C1999,58,Male,26,299,7368,Monthly,UPI,Fiber,3,1,178,5,357,2,5,0,5,North,0,Yes,Light,Not Offered,0
C2319,60,Male,38,884,30246,Annual,,DSL,2,1,79,1,138,3,10,1,8,South,0,Yes,System,Not Offered,0
C1056,21,Female,31,834,20701,Month-to-Month,Credit Card,None,3,2,113,5,211,3,20,0,5,West,0,No,Light,Not Offered,0
C1740,43,Male,16,600,7682,Monthly,UPI, Fiber ,0,0,123,8,226,1,20,0,9,east,1,No,Dark,Not Offered,0
C0997,29,Female,16,618,8920,Monthly,UPI,Fiber,2,0,92,1,169,3,10,0,7,south,1,Yes,Light,Not Offered,0
C0729,33,Female,48,,"37,116",Monthly,UPI,fiber,,1,98,3,172,3,0,1,6,South,0,No,Light,Not Offered,0
C1382,18,male,20,639,12163,Monthly,Credit Card,Fiber,2,1,46,1,111,1,5,0,6,North,1,Yes,System,Not Offered,0
C1134,44,Male,11,649,6423,Monthly,,DSL,2,1,,0,260,2,10,0,6,East,1,No,Dark,Not Offered,0
C1162,47,female,27,554,13465,Annual,UPI,Fiber,1,0,,57,256,4,10,0,9,East,0,No,Light,Not Offered,0
C1592,38,Male,36,774,"25,079",Annual,UPI,DSL,3,0,163,7,280,1,10,0,9,west,1,Yes,Light,Not Offered,0
C0960,44,Female,32,677,19478,Monthly,Credit Card,Fiber,1,1,117,0,224,4,10,1,6,North,1,Yes,Dark,Accepted,0
C0279,45,male,55,704,36792,Monthly,Credit Card,Fiber,1,1,78,4,161,2,5,1,6,West,1,No,Light,Not Offered,0
C1821,54,Male,46,659,27290,Monthly,Card,Fiber,1,1,109,3,204,2,10,0,8,South,1,Yes,Dark,Accepted,0
C0349,47,Female,30,709,20212,Monthly,Debit Card,Fiber,1,1,79,5,174,4,5%,0,6,South,2,Yes,System,Not Offered,0
C1510,39,MALE,64,660,40125,Annual,UPI ,Fiber,0,0,,7,194,1,5,0,10,North,1,No,System,Not Offered,0
C0118,43,Male,16,1028,"14,804",Two Year,UPI,DSL,2,0,119,4,207,4,10,2,10,East,1,No,Dark,Not Offered,0
C1778,18,Female,22,779,17164,One Year,UPI,Fiber,2,1,143,13,271,4,0,1,7,NORTH,0,Yes,System,Not Offered,0
C0873,29,Female,26,575,14957,Monthly,CREDIT CARD,dsl,4,0,98,0,192,3,0,1,5,West,2,No,Light,Not Offered,0
C1953,57,F,41,680,25093,Monthly,Credit Card ,FIBER,3,0,119,14,227,5,10,0,8,South,0,Yes,System,Not Offered,0
C1753,45,Male,12,651,6242,Annual,Debit Card,DSL,3,0,214,12,342,5,20,0,8,North,0,No,System,Not Offered,0
C1934,4,Female,12,907,10886,Monthly,Debit Card,None,4,2,116,21,229,3,0,0,3,North,3,No,Light,Not Offered,1
C0953,32,Male,44,934,36983,Two Year,Credit Card,DSL,3,0,130,9,246,3,10,0,10,South,1,No,Light,Not Offered,0
C0739,65,Male,23,756,13084,Two Year,UPI ,DSL,0,0,110,13,203,4,25,0,10,North,1,No,Dark,Not Offered,0
C0130,69,Male,12,844,10145,Annual,NetBanking,DSL,0,0,82,8,181,1,0,1,9,south,1,No,System,Not Offered,0
C0013,42,female,23,1020,21132,Annual,UPI,Fiber,0,0,101,4,173,5,10,0,10,West,0,Yes,Light,Accepted,0
C0015,63,Male,51,614,29746,Monthly,Credit Card,Fiber,2,1,112,14,215,3,5,0,6,West,1,No,Light,Not Offered,0
C1159,18,Female,16,353,5630,TWO YEAR,NetBanking,fiber,0,0,93,1,158,3,0,2,10,North,2,Yes,Light,Not Offered,0
C0298,38,Female,31.0,736,22801,Annual,Credit Card,DSL,0,0,98,0,160,3,0,0,10,East,1,No,System,Accepted,0
C0920,41,Male,10,924,8323,Annual,Credit Card,Fiber,6,4,55,23,81,2,10,2,1,SOUTH,1,No,System,Rejected,1
